/Users/tatsheen/claw-repos/oss-index/roblox/AeroGameFramework/src/ServerStorage/Aero/Modules/ProfileService.lua:74:				function may yield for as long as desirable and must return one of three string values:
/Users/tatsheen/claw-repos/oss-index/roblox/AeroGameFramework/src/ServerStorage/Aero/Modules/ProfileService.lua:169:	function ScriptConnection:Disconnect()
/Users/tatsheen/claw-repos/oss-index/roblox/AeroGameFramework/src/ServerStorage/Aero/Modules/ProfileService.lua:183:	function ScriptConnection.NewScriptConnection(listener_table, listener) --> [ScriptConnection]
/Users/tatsheen/claw-repos/oss-index/roblox/AeroGameFramework/src/ServerStorage/Aero/Modules/ProfileService.lua:196:	function ScriptSignal:Connect(listener) --> [ScriptConnection]
/Users/tatsheen/claw-repos/oss-index/roblox/AeroGameFramework/src/ServerStorage/Aero/Modules/ProfileService.lua:208:	function ScriptSignal:Fire(...)
/Users/tatsheen/claw-repos/oss-index/roblox/AeroGameFramework/src/ServerStorage/Aero/Modules/ProfileService.lua:214:	function ScriptSignal.NewScriptSignal() --> [ScriptSignal]
/Users/tatsheen/claw-repos/oss-index/roblox/AeroGameFramework/src/ServerStorage/Aero/Modules/ProfileService.lua:394:local function DeepCopyTable(t)
/Users/tatsheen/claw-repos/oss-index/roblox/AeroGameFramework/src/ServerStorage/Aero/Modules/ProfileService.lua:406:local function ReconcileTable(target, template)
/Users/tatsheen/claw-repos/oss-index/roblox/AeroGameFramework/src/ServerStorage/Aero/Modules/ProfileService.lua:424:local function RegisterIssue(error_message) -- Called when a DataStore API call errors
/Users/tatsheen/claw-repos/oss-index/roblox/AeroGameFramework/src/ServerStorage/Aero/Modules/ProfileService.lua:430:local function RegisterCorruption(profile_store_name, profile_key) -- Called when a corrupted profile is loaded
/Users/tatsheen/claw-repos/oss-index/roblox/AeroGameFramework/src/ServerStorage/Aero/Modules/ProfileService.lua:435:local function MockUpdateAsync(mock_data_store, profile_store_name, key, transform_function)
/Users/tatsheen/claw-repos/oss-index/roblox/AeroGameFramework/src/ServerStorage/Aero/Modules/ProfileService.lua:450:local function IsThisSession(session_tag)
/Users/tatsheen/claw-repos/oss-index/roblox/AeroGameFramework/src/ServerStorage/Aero/Modules/ProfileService.lua:463:local function StandardProfileUpdateAsyncDataStore(profile_store, profile_key, update_settings, is_user_mock)
/Users/tatsheen/claw-repos/oss-index/roblox/AeroGameFramework/src/ServerStorage/Aero/Modules/ProfileService.lua:583:local function RemoveProfileFromAutoSave(profile)
/Users/tatsheen/claw-repos/oss-index/roblox/AeroGameFramework/src/ServerStorage/Aero/Modules/ProfileService.lua:596:local function AddProfileToAutoSave(profile) -- Notice: Makes sure this profile isn't auto-saved too soon
/Users/tatsheen/claw-repos/oss-index/roblox/AeroGameFramework/src/ServerStorage/Aero/Modules/ProfileService.lua:607:local function ReleaseProfileInternally(profile)
/Users/tatsheen/claw-repos/oss-index/roblox/AeroGameFramework/src/ServerStorage/Aero/Modules/ProfileService.lua:635:local function CheckForNewGlobalUpdates(profile, old_global_updates_data, new_global_updates_data)
/Users/tatsheen/claw-repos/oss-index/roblox/AeroGameFramework/src/ServerStorage/Aero/Modules/ProfileService.lua:706:local function SaveProfileAsync(profile, release_from_session)
/Users/tatsheen/claw-repos/oss-index/roblox/AeroGameFramework/src/ServerStorage/Aero/Modules/ProfileService.lua:842:function GlobalUpdates:GetActiveUpdates() --> [table] {{update_id, update_data}, ...}
/Users/tatsheen/claw-repos/oss-index/roblox/AeroGameFramework/src/ServerStorage/Aero/Modules/ProfileService.lua:863:function GlobalUpdates:GetLockedUpdates() --> [table] {{update_id, update_data}, ...}
/Users/tatsheen/claw-repos/oss-index/roblox/AeroGameFramework/src/ServerStorage/Aero/Modules/ProfileService.lua:885:function GlobalUpdates:ListenToNewActiveUpdate(listener) --> [ScriptConnection] listener(update_id, update_data)
/Users/tatsheen/claw-repos/oss-index/roblox/AeroGameFramework/src/ServerStorage/Aero/Modules/ProfileService.lua:904:function GlobalUpdates:ListenToNewLockedUpdate(listener) --> [ScriptConnection] listener(update_id, update_data)
/Users/tatsheen/claw-repos/oss-index/roblox/AeroGameFramework/src/ServerStorage/Aero/Modules/ProfileService.lua:923:function GlobalUpdates:LockActiveUpdate(update_id)
/Users/tatsheen/claw-repos/oss-index/roblox/AeroGameFramework/src/ServerStorage/Aero/Modules/ProfileService.lua:959:function GlobalUpdates:ClearLockedUpdate(update_id)
/Users/tatsheen/claw-repos/oss-index/roblox/AeroGameFramework/src/ServerStorage/Aero/Modules/ProfileService.lua:996:function GlobalUpdates:AddActiveUpdate(update_data)
/Users/tatsheen/claw-repos/oss-index/roblox/AeroGameFramework/src/ServerStorage/Aero/Modules/ProfileService.lua:1013:function GlobalUpdates:ChangeActiveUpdate(update_id, update_data)
/Users/tatsheen/claw-repos/oss-index/roblox/AeroGameFramework/src/ServerStorage/Aero/Modules/ProfileService.lua:1045:function GlobalUpdates:ClearActiveUpdate(update_id)
/Users/tatsheen/claw-repos/oss-index/roblox/AeroGameFramework/src/ServerStorage/Aero/Modules/ProfileService.lua:1097:function Profile:IsActive() --> [bool]
/Users/tatsheen/claw-repos/oss-index/roblox/AeroGameFramework/src/ServerStorage/Aero/Modules/ProfileService.lua:1102:function Profile:GetMetaTag(tag_name) --> value
/Users/tatsheen/claw-repos/oss-index/roblox/AeroGameFramework/src/ServerStorage/Aero/Modules/ProfileService.lua:1111:function Profile:SetMetaTag(tag_name, value)
/Users/tatsheen/claw-repos/oss-index/roblox/AeroGameFramework/src/ServerStorage/Aero/Modules/ProfileService.lua:1126:function Profile:Reconcile()
/Users/tatsheen/claw-repos/oss-index/roblox/AeroGameFramework/src/ServerStorage/Aero/Modules/ProfileService.lua:1130:function Profile:ListenToRelease(listener) --> [ScriptConnection] (place_id / nil, game_job_id / nil)
/Users/tatsheen/claw-repos/oss-index/roblox/AeroGameFramework/src/ServerStorage/Aero/Modules/ProfileService.lua:1156:function Profile:Save()
/Users/tatsheen/claw-repos/oss-index/roblox/AeroGameFramework/src/ServerStorage/Aero/Modules/ProfileService.lua:1170:function Profile:Release()
/Users/tatsheen/claw-repos/oss-index/roblox/AeroGameFramework/src/ServerStorage/Aero/Modules/ProfileService.lua:1198:function ProfileStore:LoadProfileAsync(profile_key, not_released_handler, _use_mock) --> [Profile / nil] not_released_handler(place_id, game_job_id)
/Users/tatsheen/claw-repos/oss-index/roblox/AeroGameFramework/src/ServerStorage/Aero/Modules/ProfileService.lua:1438:function ProfileStore:GlobalUpdateProfileAsync(profile_key, update_handler, _use_mock) --> [GlobalUpdates / nil] (update_handler(GlobalUpdates))
/Users/tatsheen/claw-repos/oss-index/roblox/AeroGameFramework/src/ServerStorage/Aero/Modules/ProfileService.lua:1485:function ProfileStore:ViewProfileAsync(profile_key, _use_mock) --> [Profile / nil]
/Users/tatsheen/claw-repos/oss-index/roblox/AeroGameFramework/src/ServerStorage/Aero/Modules/ProfileService.lua:1537:function ProfileStore:WipeProfileAsync(profile_key, _use_mock) --> is_wipe_successful [bool]
/Users/tatsheen/claw-repos/oss-index/roblox/AeroGameFramework/src/ServerStorage/Aero/Modules/ProfileService.lua:1558:function ProfileService.GetProfileStore(profile_store_name, profile_template) --> [ProfileStore]
/Users/tatsheen/claw-repos/oss-index/roblox/AeroGameFramework/src/ServerScriptService/Aero/Internal/AeroServer.server.lua:32:local function PreventEventRegister()
/Users/tatsheen/claw-repos/oss-index/roblox/AeroGameFramework/src/ServerScriptService/Aero/Internal/AeroServer.server.lua:36:local function PreventFunctionRegister()
/Users/tatsheen/claw-repos/oss-index/roblox/AeroGameFramework/src/ServerScriptService/Aero/Internal/AeroServer.server.lua:40:local function PreventMethodCache()
/Users/tatsheen/claw-repos/oss-index/roblox/AeroGameFramework/src/ServerScriptService/Aero/Internal/AeroServer.server.lua:45:function AeroServer:RegisterEvent(eventName)
/Users/tatsheen/claw-repos/oss-index/roblox/AeroGameFramework/src/ServerScriptService/Aero/Internal/AeroServer.server.lua:52:function AeroServer:RegisterClientEvent(eventName)
/Users/tatsheen/claw-repos/oss-index/roblox/AeroGameFramework/src/ServerScriptService/Aero/Internal/AeroServer.server.lua:61:function AeroServer:Fire(eventName, ...)
/Users/tatsheen/claw-repos/oss-index/roblox/AeroGameFramework/src/ServerScriptService/Aero/Internal/AeroServer.server.lua:66:function AeroServer:FireEvent(eventName, ...)
/Users/tatsheen/claw-repos/oss-index/roblox/AeroGameFramework/src/ServerScriptService/Aero/Internal/AeroServer.server.lua:72:function AeroServer:FireClient(eventName, client, ...)
/Users/tatsheen/claw-repos/oss-index/roblox/AeroGameFramework/src/ServerScriptService/Aero/Internal/AeroServer.server.lua:77:function AeroServer:FireClientEvent(eventName, client, ...)
/Users/tatsheen/claw-repos/oss-index/roblox/AeroGameFramework/src/ServerScriptService/Aero/Internal/AeroServer.server.lua:83:function AeroServer:FireAllClients(eventName, ...)
/Users/tatsheen/claw-repos/oss-index/roblox/AeroGameFramework/src/ServerScriptService/Aero/Internal/AeroServer.server.lua:88:function AeroServer:FireAllClientsEvent(eventName, ...)
/Users/tatsheen/claw-repos/oss-index/roblox/AeroGameFramework/src/ServerScriptService/Aero/Internal/AeroServer.server.lua:94:function AeroServer:FireOtherClients(eventName, clientIgnore, ...)
/Users/tatsheen/claw-repos/oss-index/roblox/AeroGameFramework/src/ServerScriptService/Aero/Internal/AeroServer.server.lua:104:function AeroServer:FireAllClientsEventExcept(eventName, client, ...)
/Users/tatsheen/claw-repos/oss-index/roblox/AeroGameFramework/src/ServerScriptService/Aero/Internal/AeroServer.server.lua:110:function AeroServer:ConnectEvent(eventName, func)
/Users/tatsheen/claw-repos/oss-index/roblox/AeroGameFramework/src/ServerScriptService/Aero/Internal/AeroServer.server.lua:115:function AeroServer:ConnectClientEvent(eventName, func)
/Users/tatsheen/claw-repos/oss-index/roblox/AeroGameFramework/src/ServerScriptService/Aero/Internal/AeroServer.server.lua:120:function AeroServer:WaitForEvent(eventName)
/Users/tatsheen/claw-repos/oss-index/roblox/AeroGameFramework/src/ServerScriptService/Aero/Internal/AeroServer.server.lua:125:function AeroServer:WaitForClientEvent(eventName)
/Users/tatsheen/claw-repos/oss-index/roblox/AeroGameFramework/src/ServerScriptService/Aero/Internal/AeroServer.server.lua:130:function AeroServer:RegisterClientFunction(funcName, func, cacheTTL)
/Users/tatsheen/claw-repos/oss-index/roblox/AeroGameFramework/src/ServerScriptService/Aero/Internal/AeroServer.server.lua:147:function AeroServer:WrapModule(tbl)
/Users/tatsheen/claw-repos/oss-index/roblox/AeroGameFramework/src/ServerScriptService/Aero/Internal/AeroServer.server.lua:166:function AeroServer:CacheClientMethod(methodName, ttl)
/Users/tatsheen/claw-repos/oss-index/roblox/AeroGameFramework/src/ServerScriptService/Aero/Internal/AeroServer.server.lua:177:local function LazyLoadSetup(tbl, folder)
/Users/tatsheen/claw-repos/oss-index/roblox/AeroGameFramework/src/ServerScriptService/Aero/Internal/AeroServer.server.lua:206:local function LoadService(module, servicesTbl, parentFolder)
/Users/tatsheen/claw-repos/oss-index/roblox/AeroGameFramework/src/ServerScriptService/Aero/Internal/AeroServer.server.lua:234:local function InitService(service)
/Users/tatsheen/claw-repos/oss-index/roblox/AeroGameFramework/src/ServerScriptService/Aero/Internal/AeroServer.server.lua:257:local function StartService(service)
/Users/tatsheen/claw-repos/oss-index/roblox/AeroGameFramework/src/ServerScriptService/Aero/Internal/AeroServer.server.lua:267:local function Init()
/Users/tatsheen/claw-repos/oss-index/roblox/AeroGameFramework/src/ServerScriptService/Aero/Internal/AeroServer.server.lua:269:	local function PlayerAdded(player)
/Users/tatsheen/claw-repos/oss-index/roblox/AeroGameFramework/src/ServerScriptService/Aero/Internal/AeroServer.server.lua:273:	local function PlayerRemoving(player)
/Users/tatsheen/claw-repos/oss-index/roblox/AeroGameFramework/src/ServerScriptService/Aero/Internal/AeroServer.server.lua:284:	local function LoadAllServices(parent, servicesTbl, parentFolder)
/Users/tatsheen/claw-repos/oss-index/roblox/AeroGameFramework/src/ServerScriptService/Aero/Internal/AeroServer.server.lua:302:	local function InitAllServices(services)
/Users/tatsheen/claw-repos/oss-index/roblox/AeroGameFramework/src/ServerScriptService/Aero/Internal/AeroServer.server.lua:305:		local function CollectServices(svcs)
/Users/tatsheen/claw-repos/oss-index/roblox/AeroGameFramework/src/ServerScriptService/Aero/Internal/AeroServer.server.lua:316:		local function GetOrder(service)
/Users/tatsheen/claw-repos/oss-index/roblox/AeroGameFramework/src/ServerScriptService/Aero/Internal/AeroServer.server.lua:338:	local function ScanRemoteFoldersForEmpty(parent)
/Users/tatsheen/claw-repos/oss-index/roblox/AeroGameFramework/src/ServerScriptService/Aero/Internal/AeroServer.server.lua:353:	local function StartAllServices(services)
/Users/tatsheen/claw-repos/oss-index/roblox/AeroGameFramework/src/ServerScriptService/Aero/Internal/AeroServer.server.lua:364:	local function StartLoadedModules()
/Users/tatsheen/claw-repos/oss-index/roblox/AeroGameFramework/src/ServerStorage/Aero/Modules/Data/MockDataStoreService.lua:54:function API:GetDataStore(name, scope)
/Users/tatsheen/claw-repos/oss-index/roblox/AeroGameFramework/src/ServerStorage/Aero/Modules/Data/MockDataStoreService.lua:64:	function d.SetAsync(_s, k, v)
/Users/tatsheen/claw-repos/oss-index/roblox/AeroGameFramework/src/ServerStorage/Aero/Modules/Data/MockDataStoreService.lua:73:	function d.UpdateAsync(_s, k, func)
/Users/tatsheen/claw-repos/oss-index/roblox/AeroGameFramework/src/ServerStorage/Aero/Modules/Data/MockDataStoreService.lua:83:	function d.GetAsync(_s, k)
/Users/tatsheen/claw-repos/oss-index/roblox/AeroGameFramework/src/ServerStorage/Aero/Modules/Data/MockDataStoreService.lua:86:	function d.RemoveAsync(_s, k)
/Users/tatsheen/claw-repos/oss-index/roblox/AeroGameFramework/src/ServerStorage/Aero/Modules/Data/MockDataStoreService.lua:94:	function d.IncrementAsync(_s, k, delta)
/Users/tatsheen/claw-repos/oss-index/roblox/AeroGameFramework/src/ServerStorage/Aero/Modules/Data/MockDataStoreService.lua:105:	function d.OnUpdate(_s, k, onUpdateFunc)
/Users/tatsheen/claw-repos/oss-index/roblox/AeroGameFramework/src/ServerStorage/Aero/Modules/Data/MockDataStoreService.lua:121:function API:GetGlobalDataStore()
/Users/tatsheen/claw-repos/oss-index/roblox/AeroGameFramework/src/ServerStorage/Aero/Modules/Data/MockDataStoreService.lua:126:function API:GetOrderedDataStore(name, scope)
/Users/tatsheen/claw-repos/oss-index/roblox/AeroGameFramework/src/ServerStorage/Aero/Modules/Data/MockDataStoreService.lua:130:	function d.GetAsync(_s, k)
/Users/tatsheen/claw-repos/oss-index/roblox/AeroGameFramework/src/ServerStorage/Aero/Modules/Data/MockDataStoreService.lua:133:	function d.SetAsync(_s, k, v)
/Users/tatsheen/claw-repos/oss-index/roblox/AeroGameFramework/src/ServerStorage/Aero/Modules/Data/MockDataStoreService.lua:138:	function d.UpdateAsync(_s, k, func)
/Users/tatsheen/claw-repos/oss-index/roblox/AeroGameFramework/src/ServerStorage/Aero/Modules/Data/MockDataStoreService.lua:146:	function d.IncrementAsync(_s, k, delta)
/Users/tatsheen/claw-repos/oss-index/roblox/AeroGameFramework/src/ServerStorage/Aero/Modules/Data/MockDataStoreService.lua:150:	function d.RemoveAsync(_s, k)
/Users/tatsheen/claw-repos/oss-index/roblox/AeroGameFramework/src/ServerStorage/Aero/Modules/Data/MockDataStoreService.lua:154:	function d.GetSortedAsync(_s, isAscending, pageSize, minValue, maxValue)
/Users/tatsheen/claw-repos/oss-index/roblox/AeroGameFramework/src/ServerStorage/Aero/Modules/Data/MockDataStoreService.lua:189:			function pages.GetCurrentPage(p)
/Users/tatsheen/claw-repos/oss-index/roblox/AeroGameFramework/src/ServerStorage/Aero/Modules/Data/MockDataStoreService.lua:192:			function pages.AdvanceToNextPageAsync(p)
/Users/tatsheen/claw-repos/oss-index/roblox/AeroGameFramework/src/ServerStorage/Aero/Modules/Data/MockDataStoreService.lua:206:function API:GetRequestBudgetForRequestType(requestType)
/Users/tatsheen/claw-repos/oss-index/roblox/AeroGameFramework/src/ServerStorage/Aero/Modules/Data/MockDataStoreService.lua:215:MT.__index = function(_tbl, index)
/Users/tatsheen/claw-repos/oss-index/roblox/AeroGameFramework/src/ServerStorage/Aero/Modules/Data/MockDataStoreService.lua:218:MT.__newindex = function()
/Users/tatsheen/claw-repos/oss-index/roblox/AeroGameFramework/src/ReplicatedStorage/Aero/Shared/Base64.lua:66:function Base64.new()
/Users/tatsheen/claw-repos/oss-index/roblox/AeroGameFramework/src/ReplicatedStorage/Aero/Shared/Base64.lua:75:function Base64:Encode(Input)
/Users/tatsheen/claw-repos/oss-index/roblox/AeroGameFramework/src/ReplicatedStorage/Aero/Shared/Base64.lua:111:function Base64:Decode(Input)
/Users/tatsheen/claw-repos/oss-index/roblox/AeroGameFramework/src/ServerStorage/Aero/Modules/Data/init.lua:83:			function on OnUpdate. In other words, this function can be used to tell
/Users/tatsheen/claw-repos/oss-index/roblox/AeroGameFramework/src/ServerStorage/Aero/Modules/Data/init.lua:188:local function Log(...)
/Users/tatsheen/claw-repos/oss-index/roblox/AeroGameFramework/src/ServerStorage/Aero/Modules/Data/init.lua:194:local function HeartbeatSpawn(callback, ...)
/Users/tatsheen/claw-repos/oss-index/roblox/AeroGameFramework/src/ServerStorage/Aero/Modules/Data/init.lua:205:local function CheckKey(key)
/Users/tatsheen/claw-repos/oss-index/roblox/AeroGameFramework/src/ServerStorage/Aero/Modules/Data/init.lua:210:local function GetDataFromNameAndScope(name, scope)
/Users/tatsheen/claw-repos/oss-index/roblox/AeroGameFramework/src/ServerStorage/Aero/Modules/Data/init.lua:221:function DataStorePages.new(dsp)
/Users/tatsheen/claw-repos/oss-index/roblox/AeroGameFramework/src/ServerStorage/Aero/Modules/Data/init.lua:228:function DataStorePages:AdvanceToNextPage()
/Users/tatsheen/claw-repos/oss-index/roblox/AeroGameFramework/src/ServerStorage/Aero/Modules/Data/init.lua:236:function DataStorePages:GetCurrentPage()
/Users/tatsheen/claw-repos/oss-index/roblox/AeroGameFramework/src/ServerStorage/Aero/Modules/Data/init.lua:249:function Data.new(name, scope, ordered)
/Users/tatsheen/claw-repos/oss-index/roblox/AeroGameFramework/src/ServerStorage/Aero/Modules/Data/init.lua:292:function Data.ForPlayer(userId, ordered)
/Users/tatsheen/claw-repos/oss-index/roblox/AeroGameFramework/src/ServerStorage/Aero/Modules/Data/init.lua:306:function Data.ForServer(ordered)
/Users/tatsheen/claw-repos/oss-index/roblox/AeroGameFramework/src/ServerStorage/Aero/Modules/Data/init.lua:316:function Data:_load(key)
/Users/tatsheen/claw-repos/oss-index/roblox/AeroGameFramework/src/ServerStorage/Aero/Modules/Data/init.lua:337:function Data:_loadIfNotCached(key)
/Users/tatsheen/claw-repos/oss-index/roblox/AeroGameFramework/src/ServerStorage/Aero/Modules/Data/init.lua:346:function Data:_save(key, value)
/Users/tatsheen/claw-repos/oss-index/roblox/AeroGameFramework/src/ServerStorage/Aero/Modules/Data/init.lua:373:function Data:_delete(key)
/Users/tatsheen/claw-repos/oss-index/roblox/AeroGameFramework/src/ServerStorage/Aero/Modules/Data/init.lua:392:function Data:_update(key, transformFunc)
/Users/tatsheen/claw-repos/oss-index/roblox/AeroGameFramework/src/ServerStorage/Aero/Modules/Data/init.lua:411:function Data:_getSorted(isAscending, pageSize, minValue, maxValue)
/Users/tatsheen/claw-repos/oss-index/roblox/AeroGameFramework/src/ServerStorage/Aero/Modules/Data/init.lua:425:function Data:_getCache(key)
/Users/tatsheen/claw-repos/oss-index/roblox/AeroGameFramework/src/ServerStorage/Aero/Modules/Data/init.lua:431:function Data:_setCache(key, value, isClean)
/Users/tatsheen/claw-repos/oss-index/roblox/AeroGameFramework/src/ServerStorage/Aero/Modules/Data/init.lua:440:function Data:_clearCache(key)
/Users/tatsheen/claw-repos/oss-index/roblox/AeroGameFramework/src/ServerStorage/Aero/Modules/Data/init.lua:447:function Data:_cacheExists(key)
/Users/tatsheen/claw-repos/oss-index/roblox/AeroGameFramework/src/ServerStorage/Aero/Modules/Data/init.lua:453:function Data:_countKeysInCache()
/Users/tatsheen/claw-repos/oss-index/roblox/AeroGameFramework/src/ServerStorage/Aero/Modules/Data/init.lua:466:function Data:GetRequestBudget(reqType)
/Users/tatsheen/claw-repos/oss-index/roblox/AeroGameFramework/src/ServerStorage/Aero/Modules/Data/init.lua:475:function Data:Get(key, defaultVal)
/Users/tatsheen/claw-repos/oss-index/roblox/AeroGameFramework/src/ServerStorage/Aero/Modules/Data/init.lua:503:function Data:GetSorted(isAscending, pageSize, minValue, maxValue)
/Users/tatsheen/claw-repos/oss-index/roblox/AeroGameFramework/src/ServerStorage/Aero/Modules/Data/init.lua:514:function Data:Set(key, value)
/Users/tatsheen/claw-repos/oss-index/roblox/AeroGameFramework/src/ServerStorage/Aero/Modules/Data/init.lua:531:function Data:Increment(key, increment)
/Users/tatsheen/claw-repos/oss-index/roblox/AeroGameFramework/src/ServerStorage/Aero/Modules/Data/init.lua:552:function Data:Delete(key)
/Users/tatsheen/claw-repos/oss-index/roblox/AeroGameFramework/src/ServerStorage/Aero/Modules/Data/init.lua:557:function Data:OnUpdate(key, callback)
/Users/tatsheen/claw-repos/oss-index/roblox/AeroGameFramework/src/ServerStorage/Aero/Modules/Data/init.lua:580:function Data:Save(key)
/Users/tatsheen/claw-repos/oss-index/roblox/AeroGameFramework/src/ServerStorage/Aero/Modules/Data/init.lua:595:function Data:SaveAll()
/Users/tatsheen/claw-repos/oss-index/roblox/AeroGameFramework/src/ServerStorage/Aero/Modules/Data/init.lua:608:function Data:Update(key, transformFunc)
/Users/tatsheen/claw-repos/oss-index/roblox/AeroGameFramework/src/ServerStorage/Aero/Modules/Data/init.lua:622:function Data:MarkDirty(key)
/Users/tatsheen/claw-repos/oss-index/roblox/AeroGameFramework/src/ServerStorage/Aero/Modules/Data/init.lua:627:function Data:Destroy(save)
/Users/tatsheen/claw-repos/oss-index/roblox/AeroGameFramework/src/ServerStorage/Aero/Modules/Data/init.lua:660:function Data:OnClose(handler)
/Users/tatsheen/claw-repos/oss-index/roblox/AeroGameFramework/src/ServerStorage/Aero/Modules/Data/init.lua:671:function Data:Start()
/Users/tatsheen/claw-repos/oss-index/roblox/AeroGameFramework/src/ServerStorage/Aero/Modules/Data/init.lua:700:	local function FireBoundToCloseCallbacks()
/Users/tatsheen/claw-repos/oss-index/roblox/AeroGameFramework/src/ServerStorage/Aero/Modules/Data/init.lua:721:	local function AutoSaveAllData()
/Users/tatsheen/claw-repos/oss-index/roblox/AeroGameFramework/src/ServerStorage/Aero/Modules/Data/init.lua:778:function Data:Init()
/Users/tatsheen/claw-repos/oss-index/roblox/AeroGameFramework/src/ServerStorage/Aero/Modules/Data/init.lua:784:function Data:__tostring()
/Users/tatsheen/claw-repos/oss-index/roblox/AeroGameFramework/src/ReplicatedStorage/Aero/Shared/ListenerList.lua:30:function ListenerList.new()
/Users/tatsheen/claw-repos/oss-index/roblox/AeroGameFramework/src/ReplicatedStorage/Aero/Shared/ListenerList.lua:41:function ListenerList:Connect(event, func)
/Users/tatsheen/claw-repos/oss-index/roblox/AeroGameFramework/src/ReplicatedStorage/Aero/Shared/ListenerList.lua:48:function ListenerList:BindToRenderStep(name, ...)
/Users/tatsheen/claw-repos/oss-index/roblox/AeroGameFramework/src/ReplicatedStorage/Aero/Shared/ListenerList.lua:54:function ListenerList:BindAction(name, ...)
/Users/tatsheen/claw-repos/oss-index/roblox/AeroGameFramework/src/ReplicatedStorage/Aero/Shared/ListenerList.lua:60:function ListenerList:BindActionAtPriority(name, ...)
/Users/tatsheen/claw-repos/oss-index/roblox/AeroGameFramework/src/ReplicatedStorage/Aero/Shared/ListenerList.lua:66:function ListenerList:DisconnectEvents()
/Users/tatsheen/claw-repos/oss-index/roblox/AeroGameFramework/src/ReplicatedStorage/Aero/Shared/ListenerList.lua:76:function ListenerList:DisconnectRenderSteps()
/Users/tatsheen/claw-repos/oss-index/roblox/AeroGameFramework/src/ReplicatedStorage/Aero/Shared/ListenerList.lua:85:function ListenerList:DisconnectActions()
/Users/tatsheen/claw-repos/oss-index/roblox/AeroGameFramework/src/ReplicatedStorage/Aero/Shared/ListenerList.lua:95:function ListenerList:DisconnectAll()
/Users/tatsheen/claw-repos/oss-index/roblox/AeroGameFramework/src/ReplicatedStorage/Aero/Shared/Maid.lua:39:function Maid.new()
/Users/tatsheen/claw-repos/oss-index/roblox/AeroGameFramework/src/ReplicatedStorage/Aero/Shared/Maid.lua:49:function Maid:__index(index)
/Users/tatsheen/claw-repos/oss-index/roblox/AeroGameFramework/src/ReplicatedStorage/Aero/Shared/Maid.lua:66:function Maid:__newindex(index, newTask)
/Users/tatsheen/claw-repos/oss-index/roblox/AeroGameFramework/src/ReplicatedStorage/Aero/Shared/Maid.lua:92:function Maid:GiveTask(task)
/Users/tatsheen/claw-repos/oss-index/roblox/AeroGameFramework/src/ReplicatedStorage/Aero/Shared/Maid.lua:106:function Maid:GivePromise(promise)
/Users/tatsheen/claw-repos/oss-index/roblox/AeroGameFramework/src/ReplicatedStorage/Aero/Shared/Maid.lua:122:function Maid:DoCleaning()
/Users/tatsheen/claw-repos/oss-index/roblox/AeroGameFramework/src/ReplicatedStorage/Aero/Shared/Maid.lua:151:function Maid:Init()
/Users/tatsheen/claw-repos/oss-index/roblox/AeroGameFramework/src/StarterPlayer/StarterPlayerScripts/Aero/Controllers/UserInput/Mobile.lua:39:function Mobile:GetRay(position)
/Users/tatsheen/claw-repos/oss-index/roblox/AeroGameFramework/src/StarterPlayer/StarterPlayerScripts/Aero/Controllers/UserInput/Mobile.lua:45:function Mobile:Cast(position, ignoreDescendantsInstance, terrainCellsAreCubes, ignoreWater)
/Users/tatsheen/claw-repos/oss-index/roblox/AeroGameFramework/src/StarterPlayer/StarterPlayerScripts/Aero/Controllers/UserInput/Mobile.lua:51:function Mobile:CastWithIgnoreList(position, ignoreDescendantsTable, terrainCellsAreCubes, ignoreWater)
/Users/tatsheen/claw-repos/oss-index/roblox/AeroGameFramework/src/StarterPlayer/StarterPlayerScripts/Aero/Controllers/UserInput/Mobile.lua:57:function Mobile:CastWithWhitelist(position, whitelistDescendantsTable, ignoreWater)
/Users/tatsheen/claw-repos/oss-index/roblox/AeroGameFramework/src/StarterPlayer/StarterPlayerScripts/Aero/Controllers/UserInput/Mobile.lua:63:function Mobile:Raycast(raycastParams, distance)
/Users/tatsheen/claw-repos/oss-index/roblox/AeroGameFramework/src/StarterPlayer/StarterPlayerScripts/Aero/Controllers/UserInput/Mobile.lua:70:function Mobile:Init()
/Users/tatsheen/claw-repos/oss-index/roblox/AeroGameFramework/src/StarterPlayer/StarterPlayerScripts/Aero/Modules/PID.lua:37:function PID.new(min, max, kp, kd, ki)
/Users/tatsheen/claw-repos/oss-index/roblox/AeroGameFramework/src/StarterPlayer/StarterPlayerScripts/Aero/Modules/PID.lua:50:function PID:Reset()
/Users/tatsheen/claw-repos/oss-index/roblox/AeroGameFramework/src/StarterPlayer/StarterPlayerScripts/Aero/Modules/PID.lua:56:function PID:Calculate(dt, setpoint, pv)
/Users/tatsheen/claw-repos/oss-index/roblox/AeroGameFramework/src/StarterPlayer/StarterPlayerScripts/Aero/Modules/PID.lua:69:function PID:SetMinMax(min, max)
/Users/tatsheen/claw-repos/oss-index/roblox/AeroGameFramework/src/ReplicatedStorage/Aero/Shared/TableUtil.lua:147:			local function Driver()
/Users/tatsheen/claw-repos/oss-index/roblox/AeroGameFramework/src/ReplicatedStorage/Aero/Shared/TableUtil.lua:153:			local function Teleporter()
/Users/tatsheen/claw-repos/oss-index/roblox/AeroGameFramework/src/ReplicatedStorage/Aero/Shared/TableUtil.lua:159:			local function CreateCar()
/Users/tatsheen/claw-repos/oss-index/roblox/AeroGameFramework/src/ReplicatedStorage/Aero/Shared/TableUtil.lua:216:local function CopyTable(t)
/Users/tatsheen/claw-repos/oss-index/roblox/AeroGameFramework/src/ReplicatedStorage/Aero/Shared/TableUtil.lua:230:local function CopyTableShallow(t)
/Users/tatsheen/claw-repos/oss-index/roblox/AeroGameFramework/src/ReplicatedStorage/Aero/Shared/TableUtil.lua:237:local function Sync(tbl, templateTbl)
/Users/tatsheen/claw-repos/oss-index/roblox/AeroGameFramework/src/ReplicatedStorage/Aero/Shared/TableUtil.lua:286:local function FastRemove(t, i)
/Users/tatsheen/claw-repos/oss-index/roblox/AeroGameFramework/src/ReplicatedStorage/Aero/Shared/TableUtil.lua:293:local function Map(t, f)
/Users/tatsheen/claw-repos/oss-index/roblox/AeroGameFramework/src/ReplicatedStorage/Aero/Shared/TableUtil.lua:304:local function Filter(t, f)
/Users/tatsheen/claw-repos/oss-index/roblox/AeroGameFramework/src/ReplicatedStorage/Aero/Shared/TableUtil.lua:328:local function Reduce(t, f, init)
/Users/tatsheen/claw-repos/oss-index/roblox/AeroGameFramework/src/ReplicatedStorage/Aero/Shared/TableUtil.lua:341:local function Assign(target, ...)
/Users/tatsheen/claw-repos/oss-index/roblox/AeroGameFramework/src/ReplicatedStorage/Aero/Shared/TableUtil.lua:351:local function Print(tbl, label, deepPrint)
/Users/tatsheen/claw-repos/oss-index/roblox/AeroGameFramework/src/ReplicatedStorage/Aero/Shared/TableUtil.lua:362:	local function Insert(s, l)
/Users/tatsheen/claw-repos/oss-index/roblox/AeroGameFramework/src/ReplicatedStorage/Aero/Shared/TableUtil.lua:366:	local function AlphaKeySort(a, b)
/Users/tatsheen/claw-repos/oss-index/roblox/AeroGameFramework/src/ReplicatedStorage/Aero/Shared/TableUtil.lua:370:	local function PrintTable(t, lvl, lbl)
/Users/tatsheen/claw-repos/oss-index/roblox/AeroGameFramework/src/ReplicatedStorage/Aero/Shared/TableUtil.lua:409:local function Reverse(tbl)
/Users/tatsheen/claw-repos/oss-index/roblox/AeroGameFramework/src/ReplicatedStorage/Aero/Shared/TableUtil.lua:419:local function Shuffle(tbl)
/Users/tatsheen/claw-repos/oss-index/roblox/AeroGameFramework/src/ReplicatedStorage/Aero/Shared/TableUtil.lua:429:local function IsEmpty(tbl)
/Users/tatsheen/claw-repos/oss-index/roblox/AeroGameFramework/src/ReplicatedStorage/Aero/Shared/TableUtil.lua:434:local function EncodeJSON(tbl)
/Users/tatsheen/claw-repos/oss-index/roblox/AeroGameFramework/src/ReplicatedStorage/Aero/Shared/TableUtil.lua:439:local function DecodeJSON(str)
/Users/tatsheen/claw-repos/oss-index/roblox/AeroGameFramework/src/ReplicatedStorage/Aero/Shared/TableUtil.lua:444:local function FastRemoveFirstValue(t, v)
/Users/tatsheen/claw-repos/oss-index/roblox/AeroGameFramework/src/StarterPlayer/StarterPlayerScripts/Aero/Controllers/UserInput/Mouse.lua:44:function Mouse:GetPosition()
/Users/tatsheen/claw-repos/oss-index/roblox/AeroGameFramework/src/StarterPlayer/StarterPlayerScripts/Aero/Controllers/UserInput/Mouse.lua:49:function Mouse:GetDelta()
/Users/tatsheen/claw-repos/oss-index/roblox/AeroGameFramework/src/StarterPlayer/StarterPlayerScripts/Aero/Controllers/UserInput/Mouse.lua:54:function Mouse:Lock()
/Users/tatsheen/claw-repos/oss-index/roblox/AeroGameFramework/src/StarterPlayer/StarterPlayerScripts/Aero/Controllers/UserInput/Mouse.lua:59:function Mouse:LockCenter()
/Users/tatsheen/claw-repos/oss-index/roblox/AeroGameFramework/src/StarterPlayer/StarterPlayerScripts/Aero/Controllers/UserInput/Mouse.lua:64:function Mouse:Unlock()
/Users/tatsheen/claw-repos/oss-index/roblox/AeroGameFramework/src/StarterPlayer/StarterPlayerScripts/Aero/Controllers/UserInput/Mouse.lua:69:function Mouse:SetMouseIcon(iconId)
/Users/tatsheen/claw-repos/oss-index/roblox/AeroGameFramework/src/StarterPlayer/StarterPlayerScripts/Aero/Controllers/UserInput/Mouse.lua:74:function Mouse:SetMouseIconEnabled(enabled)
/Users/tatsheen/claw-repos/oss-index/roblox/AeroGameFramework/src/StarterPlayer/StarterPlayerScripts/Aero/Controllers/UserInput/Mouse.lua:79:function Mouse:IsMouseIconEnabled()
/Users/tatsheen/claw-repos/oss-index/roblox/AeroGameFramework/src/StarterPlayer/StarterPlayerScripts/Aero/Controllers/UserInput/Mouse.lua:84:function Mouse:IsButtonPressed(mouseButton)
/Users/tatsheen/claw-repos/oss-index/roblox/AeroGameFramework/src/StarterPlayer/StarterPlayerScripts/Aero/Controllers/UserInput/Mouse.lua:89:function Mouse:GetRay(distance)
/Users/tatsheen/claw-repos/oss-index/roblox/AeroGameFramework/src/StarterPlayer/StarterPlayerScripts/Aero/Controllers/UserInput/Mouse.lua:96:function Mouse:GetRayFromXY(x, y)
/Users/tatsheen/claw-repos/oss-index/roblox/AeroGameFramework/src/StarterPlayer/StarterPlayerScripts/Aero/Controllers/UserInput/Mouse.lua:102:function Mouse:Cast(ignoreDescendantsInstance, terrainCellsAreCubes, ignoreWater)
/Users/tatsheen/claw-repos/oss-index/roblox/AeroGameFramework/src/StarterPlayer/StarterPlayerScripts/Aero/Controllers/UserInput/Mouse.lua:108:function Mouse:CastWithIgnoreList(ignoreDescendantsTable, terrainCellsAreCubes, ignoreWater)
/Users/tatsheen/claw-repos/oss-index/roblox/AeroGameFramework/src/StarterPlayer/StarterPlayerScripts/Aero/Controllers/UserInput/Mouse.lua:114:function Mouse:CastWithWhitelist(whitelistDescendantsTable, ignoreWater)
/Users/tatsheen/claw-repos/oss-index/roblox/AeroGameFramework/src/StarterPlayer/StarterPlayerScripts/Aero/Controllers/UserInput/Mouse.lua:120:function Mouse:Raycast(raycastParams, distance)
/Users/tatsheen/claw-repos/oss-index/roblox/AeroGameFramework/src/StarterPlayer/StarterPlayerScripts/Aero/Controllers/UserInput/Mouse.lua:127:function Mouse:Init()
/Users/tatsheen/claw-repos/oss-index/roblox/AeroGameFramework/src/ReplicatedStorage/Aero/Shared/VectorUtil.lua:46:function VectorUtil.ClampMagnitude(vector, maxMagnitude)
/Users/tatsheen/claw-repos/oss-index/roblox/AeroGameFramework/src/ReplicatedStorage/Aero/Shared/VectorUtil.lua:51:function VectorUtil.AngleBetween(vector1, vector2)
/Users/tatsheen/claw-repos/oss-index/roblox/AeroGameFramework/src/ReplicatedStorage/Aero/Shared/VectorUtil.lua:56:function VectorUtil.AngleBetweenSigned(vector1, vector2, axisVector)
/Users/tatsheen/claw-repos/oss-index/roblox/AeroGameFramework/src/ReplicatedStorage/Aero/Shared/Thread.lua:110:function Thread.SpawnNow(func, ...)
/Users/tatsheen/claw-repos/oss-index/roblox/AeroGameFramework/src/ReplicatedStorage/Aero/Shared/Thread.lua:126:function Thread.Spawn(func, ...)
/Users/tatsheen/claw-repos/oss-index/roblox/AeroGameFramework/src/ReplicatedStorage/Aero/Shared/Thread.lua:136:function Thread.Delay(waitTime, func, ...)
/Users/tatsheen/claw-repos/oss-index/roblox/AeroGameFramework/src/ReplicatedStorage/Aero/Shared/Thread.lua:150:function Thread.DelayRepeat(intervalTime, func, ...)
/Users/tatsheen/claw-repos/oss-index/roblox/AeroGameFramework/src/StarterPlayer/StarterPlayerScripts/Aero/Modules/Tween/Easing.lua:40:local function Linear(t, b, c, d)
/Users/tatsheen/claw-repos/oss-index/roblox/AeroGameFramework/src/StarterPlayer/StarterPlayerScripts/Aero/Modules/Tween/Easing.lua:44:local function Smooth(t, b, c, d)
/Users/tatsheen/claw-repos/oss-index/roblox/AeroGameFramework/src/StarterPlayer/StarterPlayerScripts/Aero/Modules/Tween/Easing.lua:49:local function Smoother(t, b, c, d)
/Users/tatsheen/claw-repos/oss-index/roblox/AeroGameFramework/src/StarterPlayer/StarterPlayerScripts/Aero/Modules/Tween/Easing.lua:55:local function RevBack(t, b, c, d)
/Users/tatsheen/claw-repos/oss-index/roblox/AeroGameFramework/src/StarterPlayer/StarterPlayerScripts/Aero/Modules/Tween/Easing.lua:60:local function RidiculousWiggle(t, b, c, d)
/Users/tatsheen/claw-repos/oss-index/roblox/AeroGameFramework/src/StarterPlayer/StarterPlayerScripts/Aero/Modules/Tween/Easing.lua:66:local function Spring(t, b, c, d)
/Users/tatsheen/claw-repos/oss-index/roblox/AeroGameFramework/src/StarterPlayer/StarterPlayerScripts/Aero/Modules/Tween/Easing.lua:71:local function SoftSpring(t, b, c, d)
/Users/tatsheen/claw-repos/oss-index/roblox/AeroGameFramework/src/StarterPlayer/StarterPlayerScripts/Aero/Modules/Tween/Easing.lua:77:local function InQuad(t, b, c, d)
/Users/tatsheen/claw-repos/oss-index/roblox/AeroGameFramework/src/StarterPlayer/StarterPlayerScripts/Aero/Modules/Tween/Easing.lua:82:local function OutQuad(t, b, c, d)
/Users/tatsheen/claw-repos/oss-index/roblox/AeroGameFramework/src/StarterPlayer/StarterPlayerScripts/Aero/Modules/Tween/Easing.lua:87:local function InOutQuad(t, b, c, d)
/Users/tatsheen/claw-repos/oss-index/roblox/AeroGameFramework/src/StarterPlayer/StarterPlayerScripts/Aero/Modules/Tween/Easing.lua:92:local function OutInQuad(t, b, c, d)
/Users/tatsheen/claw-repos/oss-index/roblox/AeroGameFramework/src/StarterPlayer/StarterPlayerScripts/Aero/Modules/Tween/Easing.lua:102:local function InCubic(t, b, c, d)
/Users/tatsheen/claw-repos/oss-index/roblox/AeroGameFramework/src/StarterPlayer/StarterPlayerScripts/Aero/Modules/Tween/Easing.lua:107:local function OutCubic(t, b, c, d)
/Users/tatsheen/claw-repos/oss-index/roblox/AeroGameFramework/src/StarterPlayer/StarterPlayerScripts/Aero/Modules/Tween/Easing.lua:112:local function InOutCubic(t, b, c, d)
/Users/tatsheen/claw-repos/oss-index/roblox/AeroGameFramework/src/StarterPlayer/StarterPlayerScripts/Aero/Modules/Tween/Easing.lua:122:local function OutInCubic(t, b, c, d)
/Users/tatsheen/claw-repos/oss-index/roblox/AeroGameFramework/src/StarterPlayer/StarterPlayerScripts/Aero/Modules/Tween/Easing.lua:132:local function InQuart(t, b, c, d)
/Users/tatsheen/claw-repos/oss-index/roblox/AeroGameFramework/src/StarterPlayer/StarterPlayerScripts/Aero/Modules/Tween/Easing.lua:137:local function OutQuart(t, b, c, d)
/Users/tatsheen/claw-repos/oss-index/roblox/AeroGameFramework/src/StarterPlayer/StarterPlayerScripts/Aero/Modules/Tween/Easing.lua:142:local function InOutQuart(t, b, c, d)
/Users/tatsheen/claw-repos/oss-index/roblox/AeroGameFramework/src/StarterPlayer/StarterPlayerScripts/Aero/Modules/Tween/Easing.lua:152:local function OutInQuart(t, b, c, d)
/Users/tatsheen/claw-repos/oss-index/roblox/AeroGameFramework/src/StarterPlayer/StarterPlayerScripts/Aero/Modules/Tween/Easing.lua:162:local function InQuint(t, b, c, d)
/Users/tatsheen/claw-repos/oss-index/roblox/AeroGameFramework/src/StarterPlayer/StarterPlayerScripts/Aero/Modules/Tween/Easing.lua:167:local function OutQuint(t, b, c, d)
/Users/tatsheen/claw-repos/oss-index/roblox/AeroGameFramework/src/StarterPlayer/StarterPlayerScripts/Aero/Modules/Tween/Easing.lua:172:local function InOutQuint(t, b, c, d)
/Users/tatsheen/claw-repos/oss-index/roblox/AeroGameFramework/src/StarterPlayer/StarterPlayerScripts/Aero/Modules/Tween/Easing.lua:182:local function OutInQuint(t, b, c, d)
/Users/tatsheen/claw-repos/oss-index/roblox/AeroGameFramework/src/StarterPlayer/StarterPlayerScripts/Aero/Modules/Tween/Easing.lua:192:local function InSine(t, b, c, d)
/Users/tatsheen/claw-repos/oss-index/roblox/AeroGameFramework/src/StarterPlayer/StarterPlayerScripts/Aero/Modules/Tween/Easing.lua:196:local function OutSine(t, b, c, d)
/Users/tatsheen/claw-repos/oss-index/roblox/AeroGameFramework/src/StarterPlayer/StarterPlayerScripts/Aero/Modules/Tween/Easing.lua:200:local function InOutSine(t, b, c, d)
/Users/tatsheen/claw-repos/oss-index/roblox/AeroGameFramework/src/StarterPlayer/StarterPlayerScripts/Aero/Modules/Tween/Easing.lua:204:local function OutInSine(t, b, c, d)
/Users/tatsheen/claw-repos/oss-index/roblox/AeroGameFramework/src/StarterPlayer/StarterPlayerScripts/Aero/Modules/Tween/Easing.lua:209:local function InExpo(t, b, c, d)
/Users/tatsheen/claw-repos/oss-index/roblox/AeroGameFramework/src/StarterPlayer/StarterPlayerScripts/Aero/Modules/Tween/Easing.lua:213:local function OutExpo(t, b, c, d)
/Users/tatsheen/claw-repos/oss-index/roblox/AeroGameFramework/src/StarterPlayer/StarterPlayerScripts/Aero/Modules/Tween/Easing.lua:217:local function InOutExpo(t, b, c, d)
/Users/tatsheen/claw-repos/oss-index/roblox/AeroGameFramework/src/StarterPlayer/StarterPlayerScripts/Aero/Modules/Tween/Easing.lua:222:local function OutInExpo(t, b, c, d)
/Users/tatsheen/claw-repos/oss-index/roblox/AeroGameFramework/src/StarterPlayer/StarterPlayerScripts/Aero/Modules/Tween/Easing.lua:227:local function InCirc(t, b, c, d)
/Users/tatsheen/claw-repos/oss-index/roblox/AeroGameFramework/src/StarterPlayer/StarterPlayerScripts/Aero/Modules/Tween/Easing.lua:232:local function OutCirc(t, b, c, d)
/Users/tatsheen/claw-repos/oss-index/roblox/AeroGameFramework/src/StarterPlayer/StarterPlayerScripts/Aero/Modules/Tween/Easing.lua:237:local function InOutCirc(t, b, c, d)
/Users/tatsheen/claw-repos/oss-index/roblox/AeroGameFramework/src/StarterPlayer/StarterPlayerScripts/Aero/Modules/Tween/Easing.lua:247:local function OutInCirc(t, b, c, d)
/Users/tatsheen/claw-repos/oss-index/roblox/AeroGameFramework/src/StarterPlayer/StarterPlayerScripts/Aero/Modules/Tween/Easing.lua:258:local function InElastic(t, b, c, d, a, p)
/Users/tatsheen/claw-repos/oss-index/roblox/AeroGameFramework/src/StarterPlayer/StarterPlayerScripts/Aero/Modules/Tween/Easing.lua:264:local function OutElastic(t, b, c, d, a, p)
/Users/tatsheen/claw-repos/oss-index/roblox/AeroGameFramework/src/StarterPlayer/StarterPlayerScripts/Aero/Modules/Tween/Easing.lua:270:local function InOutElastic(t, b, c, d, a, p)
/Users/tatsheen/claw-repos/oss-index/roblox/AeroGameFramework/src/StarterPlayer/StarterPlayerScripts/Aero/Modules/Tween/Easing.lua:300:local function OutInElastic(t, b, c, d, a, p)
/Users/tatsheen/claw-repos/oss-index/roblox/AeroGameFramework/src/StarterPlayer/StarterPlayerScripts/Aero/Modules/Tween/Easing.lua:308:local function InBack(t, b, c, d, s)
/Users/tatsheen/claw-repos/oss-index/roblox/AeroGameFramework/src/StarterPlayer/StarterPlayerScripts/Aero/Modules/Tween/Easing.lua:314:local function OutBack(t, b, c, d, s)
/Users/tatsheen/claw-repos/oss-index/roblox/AeroGameFramework/src/StarterPlayer/StarterPlayerScripts/Aero/Modules/Tween/Easing.lua:320:local function InOutBack(t, b, c, d, s)
/Users/tatsheen/claw-repos/oss-index/roblox/AeroGameFramework/src/StarterPlayer/StarterPlayerScripts/Aero/Modules/Tween/Easing.lua:331:local function OutInBack(t, b, c, d, s)
/Users/tatsheen/claw-repos/oss-index/roblox/AeroGameFramework/src/StarterPlayer/StarterPlayerScripts/Aero/Modules/Tween/Easing.lua:343:local function OutBounce(t, b, c, d)
/Users/tatsheen/claw-repos/oss-index/roblox/AeroGameFramework/src/StarterPlayer/StarterPlayerScripts/Aero/Modules/Tween/Easing.lua:359:local function InBounce(t, b, c, d)
/Users/tatsheen/claw-repos/oss-index/roblox/AeroGameFramework/src/StarterPlayer/StarterPlayerScripts/Aero/Modules/Tween/Easing.lua:363:local function InOutBounce(t, b, c, d)
/Users/tatsheen/claw-repos/oss-index/roblox/AeroGameFramework/src/StarterPlayer/StarterPlayerScripts/Aero/Modules/Tween/Easing.lua:371:local function OutInBounce(t, b, c, d)
/Users/tatsheen/claw-repos/oss-index/roblox/AeroGameFramework/src/ReplicatedStorage/Aero/Shared/Signal.lua:29:function Connection.new(signal, connection)
/Users/tatsheen/claw-repos/oss-index/roblox/AeroGameFramework/src/ReplicatedStorage/Aero/Shared/Signal.lua:38:function Connection:Disconnect()
/Users/tatsheen/claw-repos/oss-index/roblox/AeroGameFramework/src/ReplicatedStorage/Aero/Shared/Signal.lua:55:function Connection:IsConnected()
/Users/tatsheen/claw-repos/oss-index/roblox/AeroGameFramework/src/ReplicatedStorage/Aero/Shared/Signal.lua:70:function Signal.new(maid)
/Users/tatsheen/claw-repos/oss-index/roblox/AeroGameFramework/src/ReplicatedStorage/Aero/Shared/Signal.lua:85:function Signal.Proxy(rbxScriptSignal, maid)
/Users/tatsheen/claw-repos/oss-index/roblox/AeroGameFramework/src/ReplicatedStorage/Aero/Shared/Signal.lua:93:function Signal.Is(obj)
/Users/tatsheen/claw-repos/oss-index/roblox/AeroGameFramework/src/ReplicatedStorage/Aero/Shared/Signal.lua:98:function Signal:_setProxy(rbxScriptSignal)
/Users/tatsheen/claw-repos/oss-index/roblox/AeroGameFramework/src/ReplicatedStorage/Aero/Shared/Signal.lua:107:function Signal:_clearProxy()
/Users/tatsheen/claw-repos/oss-index/roblox/AeroGameFramework/src/ReplicatedStorage/Aero/Shared/Signal.lua:115:function Signal:Fire(...)
/Users/tatsheen/claw-repos/oss-index/roblox/AeroGameFramework/src/ReplicatedStorage/Aero/Shared/Signal.lua:126:function Signal:Wait()
/Users/tatsheen/claw-repos/oss-index/roblox/AeroGameFramework/src/ReplicatedStorage/Aero/Shared/Signal.lua:138:function Signal:WaitPromise()
/Users/tatsheen/claw-repos/oss-index/roblox/AeroGameFramework/src/ReplicatedStorage/Aero/Shared/Signal.lua:145:function Signal:Connect(handler)
/Users/tatsheen/claw-repos/oss-index/roblox/AeroGameFramework/src/ReplicatedStorage/Aero/Shared/Signal.lua:159:function Signal:DisconnectAll()
/Users/tatsheen/claw-repos/oss-index/roblox/AeroGameFramework/src/ReplicatedStorage/Aero/Shared/Signal.lua:170:function Signal:Destroy()
/Users/tatsheen/claw-repos/oss-index/roblox/AeroGameFramework/src/ReplicatedStorage/Aero/Shared/Signal.lua:177:function Signal:Init()
/Users/tatsheen/claw-repos/oss-index/roblox/AeroGameFramework/src/ReplicatedStorage/Aero/Shared/StringUtil.lua:174:function StringUtil.Escape(str)
/Users/tatsheen/claw-repos/oss-index/roblox/AeroGameFramework/src/ReplicatedStorage/Aero/Shared/StringUtil.lua:180:function StringUtil.Trim(str)
/Users/tatsheen/claw-repos/oss-index/roblox/AeroGameFramework/src/ReplicatedStorage/Aero/Shared/StringUtil.lua:185:function StringUtil.TrimStart(str)
/Users/tatsheen/claw-repos/oss-index/roblox/AeroGameFramework/src/ReplicatedStorage/Aero/Shared/StringUtil.lua:190:function StringUtil.TrimEnd(str)
/Users/tatsheen/claw-repos/oss-index/roblox/AeroGameFramework/src/ReplicatedStorage/Aero/Shared/StringUtil.lua:195:function StringUtil.RemoveExcessWhitespace(str)
/Users/tatsheen/claw-repos/oss-index/roblox/AeroGameFramework/src/ReplicatedStorage/Aero/Shared/StringUtil.lua:200:function StringUtil.RemoveWhitespace(str)
/Users/tatsheen/claw-repos/oss-index/roblox/AeroGameFramework/src/ReplicatedStorage/Aero/Shared/StringUtil.lua:205:function StringUtil.EndsWith(str, ends)
/Users/tatsheen/claw-repos/oss-index/roblox/AeroGameFramework/src/ReplicatedStorage/Aero/Shared/StringUtil.lua:210:function StringUtil.StartsWith(str, starts)
/Users/tatsheen/claw-repos/oss-index/roblox/AeroGameFramework/src/ReplicatedStorage/Aero/Shared/StringUtil.lua:215:function StringUtil.Contains(str, contains)
/Users/tatsheen/claw-repos/oss-index/roblox/AeroGameFramework/src/ReplicatedStorage/Aero/Shared/StringUtil.lua:220:function StringUtil.StringBuilder()
/Users/tatsheen/claw-repos/oss-index/roblox/AeroGameFramework/src/ReplicatedStorage/Aero/Shared/StringUtil.lua:223:	function sb:Append(s)
/Users/tatsheen/claw-repos/oss-index/roblox/AeroGameFramework/src/ReplicatedStorage/Aero/Shared/StringUtil.lua:226:	function sb:Prepend(s)
/Users/tatsheen/claw-repos/oss-index/roblox/AeroGameFramework/src/ReplicatedStorage/Aero/Shared/StringUtil.lua:229:	function sb:ToString()
/Users/tatsheen/claw-repos/oss-index/roblox/AeroGameFramework/src/ReplicatedStorage/Aero/Shared/StringUtil.lua:237:function StringUtil.ToCharArray(str)
/Users/tatsheen/claw-repos/oss-index/roblox/AeroGameFramework/src/ReplicatedStorage/Aero/Shared/StringUtil.lua:247:function StringUtil.ToByteArray(str)
/Users/tatsheen/claw-repos/oss-index/roblox/AeroGameFramework/src/ReplicatedStorage/Aero/Shared/StringUtil.lua:261:function StringUtil.ByteArrayToString(bytes)
/Users/tatsheen/claw-repos/oss-index/roblox/AeroGameFramework/src/ReplicatedStorage/Aero/Shared/StringUtil.lua:276:function StringUtil.EqualsIgnoreCase(str1, str2)
/Users/tatsheen/claw-repos/oss-index/roblox/AeroGameFramework/src/ReplicatedStorage/Aero/Shared/StringUtil.lua:281:function StringUtil.ToCamelCase(str)
/Users/tatsheen/claw-repos/oss-index/roblox/AeroGameFramework/src/ReplicatedStorage/Aero/Shared/StringUtil.lua:287:function StringUtil.ToPascalCase(str)
/Users/tatsheen/claw-repos/oss-index/roblox/AeroGameFramework/src/ReplicatedStorage/Aero/Shared/StringUtil.lua:293:function StringUtil.ToSnakeCase(str, uppercase)
/Users/tatsheen/claw-repos/oss-index/roblox/AeroGameFramework/src/ReplicatedStorage/Aero/Shared/StringUtil.lua:300:function StringUtil.ToKebabCase(str, uppercase)
/Users/tatsheen/claw-repos/oss-index/roblox/AeroGameFramework/src/StarterPlayer/StarterPlayerScripts/Aero/Controllers/UserInput/Gamepad.lua:42:function Gamepad.new(gamepad)
/Users/tatsheen/claw-repos/oss-index/roblox/AeroGameFramework/src/StarterPlayer/StarterPlayerScripts/Aero/Controllers/UserInput/Gamepad.lua:97:function Gamepad:ConnectAll()
/Users/tatsheen/claw-repos/oss-index/roblox/AeroGameFramework/src/StarterPlayer/StarterPlayerScripts/Aero/Controllers/UserInput/Gamepad.lua:124:function Gamepad:DisconnectAll()
/Users/tatsheen/claw-repos/oss-index/roblox/AeroGameFramework/src/StarterPlayer/StarterPlayerScripts/Aero/Controllers/UserInput/Gamepad.lua:129:function Gamepad:IsDown(keyCode)
/Users/tatsheen/claw-repos/oss-index/roblox/AeroGameFramework/src/StarterPlayer/StarterPlayerScripts/Aero/Controllers/UserInput/Gamepad.lua:134:function Gamepad:IsConnected()
/Users/tatsheen/claw-repos/oss-index/roblox/AeroGameFramework/src/StarterPlayer/StarterPlayerScripts/Aero/Controllers/UserInput/Gamepad.lua:139:function Gamepad:GetState(keyCode)
/Users/tatsheen/claw-repos/oss-index/roblox/AeroGameFramework/src/StarterPlayer/StarterPlayerScripts/Aero/Controllers/UserInput/Gamepad.lua:144:function Gamepad:SetMotor(motor, value)
/Users/tatsheen/claw-repos/oss-index/roblox/AeroGameFramework/src/StarterPlayer/StarterPlayerScripts/Aero/Controllers/UserInput/Gamepad.lua:149:function Gamepad:IsMotorSupported(motor)
/Users/tatsheen/claw-repos/oss-index/roblox/AeroGameFramework/src/StarterPlayer/StarterPlayerScripts/Aero/Controllers/UserInput/Gamepad.lua:154:function Gamepad:IsVibrationSupported()
/Users/tatsheen/claw-repos/oss-index/roblox/AeroGameFramework/src/StarterPlayer/StarterPlayerScripts/Aero/Controllers/UserInput/Gamepad.lua:159:function Gamepad:StopMotor(motor)
/Users/tatsheen/claw-repos/oss-index/roblox/AeroGameFramework/src/StarterPlayer/StarterPlayerScripts/Aero/Controllers/UserInput/Gamepad.lua:164:function Gamepad:GetMotorValue(motor)
/Users/tatsheen/claw-repos/oss-index/roblox/AeroGameFramework/src/StarterPlayer/StarterPlayerScripts/Aero/Controllers/UserInput/Gamepad.lua:169:function Gamepad:StopAllMotors()
/Users/tatsheen/claw-repos/oss-index/roblox/AeroGameFramework/src/StarterPlayer/StarterPlayerScripts/Aero/Controllers/UserInput/Gamepad.lua:176:function Gamepad:ApplyDeadzone(value, deadzoneThreshold)
/Users/tatsheen/claw-repos/oss-index/roblox/AeroGameFramework/src/StarterPlayer/StarterPlayerScripts/Aero/Controllers/UserInput/Gamepad.lua:185:function Gamepad:Start()
/Users/tatsheen/claw-repos/oss-index/roblox/AeroGameFramework/src/StarterPlayer/StarterPlayerScripts/Aero/Controllers/UserInput/Gamepad.lua:190:function Gamepad:Init()
/Users/tatsheen/claw-repos/oss-index/roblox/AeroGameFramework/src/ReplicatedStorage/Aero/Shared/Date.lua:92:local function CopyTable(t)
/Users/tatsheen/claw-repos/oss-index/roblox/AeroGameFramework/src/ReplicatedStorage/Aero/Shared/Date.lua:101:function Date.new(seconds, useUtcOverride)
/Users/tatsheen/claw-repos/oss-index/roblox/AeroGameFramework/src/ReplicatedStorage/Aero/Shared/Date.lua:136:function Date.fromJSON(jsonStr)
/Users/tatsheen/claw-repos/oss-index/roblox/AeroGameFramework/src/ReplicatedStorage/Aero/Shared/Date.lua:154:function Date:ToJSON()
/Users/tatsheen/claw-repos/oss-index/roblox/AeroGameFramework/src/ReplicatedStorage/Aero/Shared/Date.lua:160:function Date:ToSeconds()
/Users/tatsheen/claw-repos/oss-index/roblox/AeroGameFramework/src/ReplicatedStorage/Aero/Shared/Date.lua:165:function Date:GetTimezoneHourOffset()
/Users/tatsheen/claw-repos/oss-index/roblox/AeroGameFramework/src/ReplicatedStorage/Aero/Shared/Date.lua:171:function Date:ToISOString()
/Users/tatsheen/claw-repos/oss-index/roblox/AeroGameFramework/src/ReplicatedStorage/Aero/Shared/Date.lua:186:function Date:ToDateString()
/Users/tatsheen/claw-repos/oss-index/roblox/AeroGameFramework/src/ReplicatedStorage/Aero/Shared/Date.lua:197:function Date:ToTimeString()
/Users/tatsheen/claw-repos/oss-index/roblox/AeroGameFramework/src/ReplicatedStorage/Aero/Shared/Date.lua:207:function Date:ToString()
/Users/tatsheen/claw-repos/oss-index/roblox/AeroGameFramework/src/ReplicatedStorage/Aero/Shared/Date.lua:212:function Date:ToUTC()
/Users/tatsheen/claw-repos/oss-index/roblox/AeroGameFramework/src/ReplicatedStorage/Aero/Shared/Date.lua:217:function Date:ToLocal()
/Users/tatsheen/claw-repos/oss-index/roblox/AeroGameFramework/src/ReplicatedStorage/Aero/Shared/Date.lua:224:function Date:Format(str)
/Users/tatsheen/claw-repos/oss-index/roblox/AeroGameFramework/src/ReplicatedStorage/Aero/Shared/Date.lua:273:function Date.__lt(d1, d2)
/Users/tatsheen/claw-repos/oss-index/roblox/AeroGameFramework/src/ReplicatedStorage/Aero/Shared/Date.lua:278:function Date.__le(d1, d2)
/Users/tatsheen/claw-repos/oss-index/roblox/AeroGameFramework/src/ReplicatedStorage/Aero/Shared/Date.lua:283:function Date.__eq(d1, d2)
/Users/tatsheen/claw-repos/oss-index/roblox/AeroGameFramework/src/ReplicatedStorage/Aero/Shared/Date.lua:288:function Date.__unm(d)
/Users/tatsheen/claw-repos/oss-index/roblox/AeroGameFramework/src/StarterPlayer/StarterPlayerScripts/Aero/Internal/AeroClient.client.lua:32:local function PreventEventRegister()
/Users/tatsheen/claw-repos/oss-index/roblox/AeroGameFramework/src/StarterPlayer/StarterPlayerScripts/Aero/Internal/AeroClient.client.lua:37:function Aero:RegisterEvent(eventName)
/Users/tatsheen/claw-repos/oss-index/roblox/AeroGameFramework/src/StarterPlayer/StarterPlayerScripts/Aero/Internal/AeroClient.client.lua:44:function Aero:FireEvent(eventName, ...)
/Users/tatsheen/claw-repos/oss-index/roblox/AeroGameFramework/src/StarterPlayer/StarterPlayerScripts/Aero/Internal/AeroClient.client.lua:49:function Aero:ConnectEvent(eventName, func)
/Users/tatsheen/claw-repos/oss-index/roblox/AeroGameFramework/src/StarterPlayer/StarterPlayerScripts/Aero/Internal/AeroClient.client.lua:54:function Aero:WaitForEvent(eventName)
/Users/tatsheen/claw-repos/oss-index/roblox/AeroGameFramework/src/StarterPlayer/StarterPlayerScripts/Aero/Internal/AeroClient.client.lua:59:function Aero:WrapModule(tbl)
/Users/tatsheen/claw-repos/oss-index/roblox/AeroGameFramework/src/StarterPlayer/StarterPlayerScripts/Aero/Internal/AeroClient.client.lua:78:local function LoadService(serviceFolder, servicesTbl)
/Users/tatsheen/claw-repos/oss-index/roblox/AeroGameFramework/src/StarterPlayer/StarterPlayerScripts/Aero/Internal/AeroClient.client.lua:85:			function event:Fire(...)
/Users/tatsheen/claw-repos/oss-index/roblox/AeroGameFramework/src/StarterPlayer/StarterPlayerScripts/Aero/Internal/AeroClient.client.lua:131:local function LoadServices()
/Users/tatsheen/claw-repos/oss-index/roblox/AeroGameFramework/src/StarterPlayer/StarterPlayerScripts/Aero/Internal/AeroClient.client.lua:133:	local function LoadAllServices(folder, servicesTbl)
/Users/tatsheen/claw-repos/oss-index/roblox/AeroGameFramework/src/StarterPlayer/StarterPlayerScripts/Aero/Internal/AeroClient.client.lua:148:local function LazyLoadSetup(tbl, folder)
/Users/tatsheen/claw-repos/oss-index/roblox/AeroGameFramework/src/StarterPlayer/StarterPlayerScripts/Aero/Internal/AeroClient.client.lua:176:local function LoadController(module, controllersTbl)
/Users/tatsheen/claw-repos/oss-index/roblox/AeroGameFramework/src/StarterPlayer/StarterPlayerScripts/Aero/Internal/AeroClient.client.lua:186:local function InitController(controller)
/Users/tatsheen/claw-repos/oss-index/roblox/AeroGameFramework/src/StarterPlayer/StarterPlayerScripts/Aero/Internal/AeroClient.client.lua:194:local function StartController(controller)
/Users/tatsheen/claw-repos/oss-index/roblox/AeroGameFramework/src/StarterPlayer/StarterPlayerScripts/Aero/Internal/AeroClient.client.lua:202:local function Init()
/Users/tatsheen/claw-repos/oss-index/roblox/AeroGameFramework/src/StarterPlayer/StarterPlayerScripts/Aero/Internal/AeroClient.client.lua:205:	local function LoadAllControllers(parent, controllersTbl)
/Users/tatsheen/claw-repos/oss-index/roblox/AeroGameFramework/src/StarterPlayer/StarterPlayerScripts/Aero/Internal/AeroClient.client.lua:220:	local function InitAllControllers(controllers)
/Users/tatsheen/claw-repos/oss-index/roblox/AeroGameFramework/src/StarterPlayer/StarterPlayerScripts/Aero/Internal/AeroClient.client.lua:223:		local function CollectControllers(ctrls)
/Users/tatsheen/claw-repos/oss-index/roblox/AeroGameFramework/src/StarterPlayer/StarterPlayerScripts/Aero/Internal/AeroClient.client.lua:234:		local function GetOrder(controller)
/Users/tatsheen/claw-repos/oss-index/roblox/AeroGameFramework/src/StarterPlayer/StarterPlayerScripts/Aero/Internal/AeroClient.client.lua:256:	local function StartAllControllers(controllers)
/Users/tatsheen/claw-repos/oss-index/roblox/AeroGameFramework/src/StarterPlayer/StarterPlayerScripts/Aero/Internal/AeroClient.client.lua:267:	local function StartLoadedModules()
/Users/tatsheen/claw-repos/oss-index/roblox/AeroGameFramework/src/StarterPlayer/StarterPlayerScripts/Aero/Controllers/UserInput/Keyboard.lua:23:function Keyboard:IsDown(keyCode)
/Users/tatsheen/claw-repos/oss-index/roblox/AeroGameFramework/src/StarterPlayer/StarterPlayerScripts/Aero/Controllers/UserInput/Keyboard.lua:28:function Keyboard:AreAllDown(...)
/Users/tatsheen/claw-repos/oss-index/roblox/AeroGameFramework/src/StarterPlayer/StarterPlayerScripts/Aero/Controllers/UserInput/Keyboard.lua:38:function Keyboard:AreAnyDown(...)
/Users/tatsheen/claw-repos/oss-index/roblox/AeroGameFramework/src/StarterPlayer/StarterPlayerScripts/Aero/Controllers/UserInput/Keyboard.lua:48:function Keyboard:Start()
/Users/tatsheen/claw-repos/oss-index/roblox/AeroGameFramework/src/StarterPlayer/StarterPlayerScripts/Aero/Controllers/UserInput/Keyboard.lua:53:function Keyboard:Init()
/Users/tatsheen/claw-repos/oss-index/roblox/AeroGameFramework/src/ReplicatedStorage/Aero/Shared/Promise.lua:13:local function makeEnum(enumName, members)
/Users/tatsheen/claw-repos/oss-index/roblox/AeroGameFramework/src/ReplicatedStorage/Aero/Shared/Promise.lua:46:	function Error.new(options, parent)
/Users/tatsheen/claw-repos/oss-index/roblox/AeroGameFramework/src/ReplicatedStorage/Aero/Shared/Promise.lua:59:	function Error.is(anything)
/Users/tatsheen/claw-repos/oss-index/roblox/AeroGameFramework/src/ReplicatedStorage/Aero/Shared/Promise.lua:71:	function Error.isKind(anything, kind)
/Users/tatsheen/claw-repos/oss-index/roblox/AeroGameFramework/src/ReplicatedStorage/Aero/Shared/Promise.lua:77:	function Error:extend(options)
/Users/tatsheen/claw-repos/oss-index/roblox/AeroGameFramework/src/ReplicatedStorage/Aero/Shared/Promise.lua:85:	function Error:getErrorChain()
/Users/tatsheen/claw-repos/oss-index/roblox/AeroGameFramework/src/ReplicatedStorage/Aero/Shared/Promise.lua:95:	function Error:__tostring()
/Users/tatsheen/claw-repos/oss-index/roblox/AeroGameFramework/src/ReplicatedStorage/Aero/Shared/Promise.lua:116:local function pack(...)
/Users/tatsheen/claw-repos/oss-index/roblox/AeroGameFramework/src/ReplicatedStorage/Aero/Shared/Promise.lua:123:local function packResult(success, ...)
/Users/tatsheen/claw-repos/oss-index/roblox/AeroGameFramework/src/ReplicatedStorage/Aero/Shared/Promise.lua:128:local function makeErrorHandler(traceback)
/Users/tatsheen/claw-repos/oss-index/roblox/AeroGameFramework/src/ReplicatedStorage/Aero/Shared/Promise.lua:151:local function runExecutor(traceback, callback, ...)
/Users/tatsheen/claw-repos/oss-index/roblox/AeroGameFramework/src/ReplicatedStorage/Aero/Shared/Promise.lua:159:local function createAdvancer(traceback, callback, resolve, reject)
/Users/tatsheen/claw-repos/oss-index/roblox/AeroGameFramework/src/ReplicatedStorage/Aero/Shared/Promise.lua:171:local function isEmpty(t)
/Users/tatsheen/claw-repos/oss-index/roblox/AeroGameFramework/src/ReplicatedStorage/Aero/Shared/Promise.lua:196:function Promise._new(traceback, callback, parent)
/Users/tatsheen/claw-repos/oss-index/roblox/AeroGameFramework/src/ReplicatedStorage/Aero/Shared/Promise.lua:241:	local function resolve(...)
/Users/tatsheen/claw-repos/oss-index/roblox/AeroGameFramework/src/ReplicatedStorage/Aero/Shared/Promise.lua:245:	local function reject(...)
/Users/tatsheen/claw-repos/oss-index/roblox/AeroGameFramework/src/ReplicatedStorage/Aero/Shared/Promise.lua:249:	local function onCancel(cancellationHook)
/Users/tatsheen/claw-repos/oss-index/roblox/AeroGameFramework/src/ReplicatedStorage/Aero/Shared/Promise.lua:278:function Promise.new(executor)
/Users/tatsheen/claw-repos/oss-index/roblox/AeroGameFramework/src/ReplicatedStorage/Aero/Shared/Promise.lua:282:function Promise:__tostring()
/Users/tatsheen/claw-repos/oss-index/roblox/AeroGameFramework/src/ReplicatedStorage/Aero/Shared/Promise.lua:289:function Promise.defer(callback)
/Users/tatsheen/claw-repos/oss-index/roblox/AeroGameFramework/src/ReplicatedStorage/Aero/Shared/Promise.lua:315:function Promise.resolve(...)
/Users/tatsheen/claw-repos/oss-index/roblox/AeroGameFramework/src/ReplicatedStorage/Aero/Shared/Promise.lua:326:function Promise.reject(...)
/Users/tatsheen/claw-repos/oss-index/roblox/AeroGameFramework/src/ReplicatedStorage/Aero/Shared/Promise.lua:338:function Promise._try(traceback, callback, ...)
/Users/tatsheen/claw-repos/oss-index/roblox/AeroGameFramework/src/ReplicatedStorage/Aero/Shared/Promise.lua:349:function Promise.try(...)
/Users/tatsheen/claw-repos/oss-index/roblox/AeroGameFramework/src/ReplicatedStorage/Aero/Shared/Promise.lua:359:function Promise._all(traceback, promises, amount)
/Users/tatsheen/claw-repos/oss-index/roblox/AeroGameFramework/src/ReplicatedStorage/Aero/Shared/Promise.lua:388:		local function cancel()
/Users/tatsheen/claw-repos/oss-index/roblox/AeroGameFramework/src/ReplicatedStorage/Aero/Shared/Promise.lua:395:		local function resolveOne(i, ...)
/Users/tatsheen/claw-repos/oss-index/roblox/AeroGameFramework/src/ReplicatedStorage/Aero/Shared/Promise.lua:443:function Promise.all(promises)
/Users/tatsheen/claw-repos/oss-index/roblox/AeroGameFramework/src/ReplicatedStorage/Aero/Shared/Promise.lua:448:function Promise.some(promises, amount)
/Users/tatsheen/claw-repos/oss-index/roblox/AeroGameFramework/src/ReplicatedStorage/Aero/Shared/Promise.lua:455:function Promise.any(promises)
/Users/tatsheen/claw-repos/oss-index/roblox/AeroGameFramework/src/ReplicatedStorage/Aero/Shared/Promise.lua:462:function Promise.allSettled(promises)
/Users/tatsheen/claw-repos/oss-index/roblox/AeroGameFramework/src/ReplicatedStorage/Aero/Shared/Promise.lua:490:		local function resolveOne(i, ...)
/Users/tatsheen/claw-repos/oss-index/roblox/AeroGameFramework/src/ReplicatedStorage/Aero/Shared/Promise.lua:523:function Promise.race(promises)
/Users/tatsheen/claw-repos/oss-index/roblox/AeroGameFramework/src/ReplicatedStorage/Aero/Shared/Promise.lua:534:		local function cancel()
/Users/tatsheen/claw-repos/oss-index/roblox/AeroGameFramework/src/ReplicatedStorage/Aero/Shared/Promise.lua:540:		local function finalize(callback)
/Users/tatsheen/claw-repos/oss-index/roblox/AeroGameFramework/src/ReplicatedStorage/Aero/Shared/Promise.lua:571:function Promise.each(list, predicate)
/Users/tatsheen/claw-repos/oss-index/roblox/AeroGameFramework/src/ReplicatedStorage/Aero/Shared/Promise.lua:581:		local function cancel()
/Users/tatsheen/claw-repos/oss-index/roblox/AeroGameFramework/src/ReplicatedStorage/Aero/Shared/Promise.lua:668:function Promise.is(object)
/Users/tatsheen/claw-repos/oss-index/roblox/AeroGameFramework/src/ReplicatedStorage/Aero/Shared/Promise.lua:697:function Promise.promisify(callback)
/Users/tatsheen/claw-repos/oss-index/roblox/AeroGameFramework/src/ReplicatedStorage/Aero/Shared/Promise.lua:714:	function Promise.delay(seconds)
/Users/tatsheen/claw-repos/oss-index/roblox/AeroGameFramework/src/ReplicatedStorage/Aero/Shared/Promise.lua:809:function Promise.prototype:timeout(seconds, rejectionValue)
/Users/tatsheen/claw-repos/oss-index/roblox/AeroGameFramework/src/ReplicatedStorage/Aero/Shared/Promise.lua:829:function Promise.prototype:getStatus()
/Users/tatsheen/claw-repos/oss-index/roblox/AeroGameFramework/src/ReplicatedStorage/Aero/Shared/Promise.lua:839:function Promise.prototype:_andThen(traceback, successHandler, failureHandler)
/Users/tatsheen/claw-repos/oss-index/roblox/AeroGameFramework/src/ReplicatedStorage/Aero/Shared/Promise.lua:889:function Promise.prototype:andThen(successHandler, failureHandler)
/Users/tatsheen/claw-repos/oss-index/roblox/AeroGameFramework/src/ReplicatedStorage/Aero/Shared/Promise.lua:907:function Promise.prototype:catch(failureCallback)
/Users/tatsheen/claw-repos/oss-index/roblox/AeroGameFramework/src/ReplicatedStorage/Aero/Shared/Promise.lua:920:function Promise.prototype:tap(tapCallback)
/Users/tatsheen/claw-repos/oss-index/roblox/AeroGameFramework/src/ReplicatedStorage/Aero/Shared/Promise.lua:940:function Promise.prototype:andThenCall(callback, ...)
/Users/tatsheen/claw-repos/oss-index/roblox/AeroGameFramework/src/ReplicatedStorage/Aero/Shared/Promise.lua:953:function Promise.prototype:andThenReturn(...)
/Users/tatsheen/claw-repos/oss-index/roblox/AeroGameFramework/src/ReplicatedStorage/Aero/Shared/Promise.lua:966:function Promise.prototype:cancel()
/Users/tatsheen/claw-repos/oss-index/roblox/AeroGameFramework/src/ReplicatedStorage/Aero/Shared/Promise.lua:993:function Promise.prototype:_consumerCancelled(consumer)
/Users/tatsheen/claw-repos/oss-index/roblox/AeroGameFramework/src/ReplicatedStorage/Aero/Shared/Promise.lua:1009:function Promise.prototype:_finally(traceback, finallyHandler, onlyOk)
/Users/tatsheen/claw-repos/oss-index/roblox/AeroGameFramework/src/ReplicatedStorage/Aero/Shared/Promise.lua:1047:function Promise.prototype:finally(finallyHandler)
/Users/tatsheen/claw-repos/oss-index/roblox/AeroGameFramework/src/ReplicatedStorage/Aero/Shared/Promise.lua:1059:function Promise.prototype:finallyCall(callback, ...)
/Users/tatsheen/claw-repos/oss-index/roblox/AeroGameFramework/src/ReplicatedStorage/Aero/Shared/Promise.lua:1071:function Promise.prototype:finallyReturn(...)
/Users/tatsheen/claw-repos/oss-index/roblox/AeroGameFramework/src/ReplicatedStorage/Aero/Shared/Promise.lua:1082:function Promise.prototype:done(finallyHandler)
/Users/tatsheen/claw-repos/oss-index/roblox/AeroGameFramework/src/ReplicatedStorage/Aero/Shared/Promise.lua:1094:function Promise.prototype:doneCall(callback, ...)
/Users/tatsheen/claw-repos/oss-index/roblox/AeroGameFramework/src/ReplicatedStorage/Aero/Shared/Promise.lua:1106:function Promise.prototype:doneReturn(...)
/Users/tatsheen/claw-repos/oss-index/roblox/AeroGameFramework/src/ReplicatedStorage/Aero/Shared/Promise.lua:1119:function Promise.prototype:awaitStatus()
/Users/tatsheen/claw-repos/oss-index/roblox/AeroGameFramework/src/ReplicatedStorage/Aero/Shared/Promise.lua:1143:local function awaitHelper(status, ...)
/Users/tatsheen/claw-repos/oss-index/roblox/AeroGameFramework/src/ReplicatedStorage/Aero/Shared/Promise.lua:1150:function Promise.prototype:await()
/Users/tatsheen/claw-repos/oss-index/roblox/AeroGameFramework/src/ReplicatedStorage/Aero/Shared/Promise.lua:1155:local function expectHelper(status, ...)
/Users/tatsheen/claw-repos/oss-index/roblox/AeroGameFramework/src/ReplicatedStorage/Aero/Shared/Promise.lua:1167:function Promise.prototype:expect()
/Users/tatsheen/claw-repos/oss-index/roblox/AeroGameFramework/src/ReplicatedStorage/Aero/Shared/Promise.lua:1183:function Promise.prototype:_unwrap()
/Users/tatsheen/claw-repos/oss-index/roblox/AeroGameFramework/src/ReplicatedStorage/Aero/Shared/Promise.lua:1193:function Promise.prototype:_resolve(...)
/Users/tatsheen/claw-repos/oss-index/roblox/AeroGameFramework/src/ReplicatedStorage/Aero/Shared/Promise.lua:1268:function Promise.prototype:_reject(...)
/Users/tatsheen/claw-repos/oss-index/roblox/AeroGameFramework/src/ReplicatedStorage/Aero/Shared/Promise.lua:1322:function Promise.prototype:_finalize()
/Users/tatsheen/claw-repos/oss-index/roblox/AeroGameFramework/src/ReplicatedStorage/Aero/Shared/Promise.lua:1345:function Promise.prototype:now(rejectionValue)
/Users/tatsheen/claw-repos/oss-index/roblox/AeroGameFramework/src/ReplicatedStorage/Aero/Shared/Promise.lua:1364:function Promise.retry(callback, times, ...)
/Users/tatsheen/claw-repos/oss-index/roblox/AeroGameFramework/src/ReplicatedStorage/Aero/Shared/Promise.lua:1383:function Promise.fromEvent(event, predicate)
/Users/tatsheen/claw-repos/oss-index/roblox/AeroGameFramework/src/ReplicatedStorage/Aero/Shared/Promise.lua:1392:		local function disconnect()
/Users/tatsheen/claw-repos/oss-index/roblox/AeroGameFramework/src/StarterPlayer/StarterPlayerScripts/Aero/Modules/Smooth/SmoothDamp.lua:23:	function Update()
/Users/tatsheen/claw-repos/oss-index/roblox/AeroGameFramework/src/StarterPlayer/StarterPlayerScripts/Aero/Modules/Smooth/SmoothDamp.lua:34:local function DeltaAngle(current, target)
/Users/tatsheen/claw-repos/oss-index/roblox/AeroGameFramework/src/StarterPlayer/StarterPlayerScripts/Aero/Modules/Smooth/SmoothDamp.lua:39:local function DeltaAngleV3(p1, p2)
/Users/tatsheen/claw-repos/oss-index/roblox/AeroGameFramework/src/StarterPlayer/StarterPlayerScripts/Aero/Modules/Smooth/SmoothDamp.lua:48:function SmoothDamp.new()
/Users/tatsheen/claw-repos/oss-index/roblox/AeroGameFramework/src/StarterPlayer/StarterPlayerScripts/Aero/Modules/Smooth/SmoothDamp.lua:56:function SmoothDamp:Update(current, target, smoothTime)
/Users/tatsheen/claw-repos/oss-index/roblox/AeroGameFramework/src/StarterPlayer/StarterPlayerScripts/Aero/Modules/Smooth/SmoothDamp.lua:87:function SmoothDamp:UpdateAngle(current, target, smoothTime)
/Users/tatsheen/claw-repos/oss-index/roblox/AeroGameFramework/src/StarterPlayer/StarterPlayerScripts/Aero/Modules/CameraShaker/CameraShakeInstance.lua:28:function CameraShakeInstance.new(magnitude, roughness, fadeInTime, fadeOutTime)
/Users/tatsheen/claw-repos/oss-index/roblox/AeroGameFramework/src/StarterPlayer/StarterPlayerScripts/Aero/Modules/CameraShaker/CameraShakeInstance.lua:59:function CameraShakeInstance:UpdateShake(dt)
/Users/tatsheen/claw-repos/oss-index/roblox/AeroGameFramework/src/StarterPlayer/StarterPlayerScripts/Aero/Modules/CameraShaker/CameraShakeInstance.lua:95:function CameraShakeInstance:StartFadeOut(fadeOutTime)
/Users/tatsheen/claw-repos/oss-index/roblox/AeroGameFramework/src/StarterPlayer/StarterPlayerScripts/Aero/Modules/CameraShaker/CameraShakeInstance.lua:105:function CameraShakeInstance:StartFadeIn(fadeInTime)
/Users/tatsheen/claw-repos/oss-index/roblox/AeroGameFramework/src/StarterPlayer/StarterPlayerScripts/Aero/Modules/CameraShaker/CameraShakeInstance.lua:115:function CameraShakeInstance:GetScaleRoughness()
/Users/tatsheen/claw-repos/oss-index/roblox/AeroGameFramework/src/StarterPlayer/StarterPlayerScripts/Aero/Modules/CameraShaker/CameraShakeInstance.lua:120:function CameraShakeInstance:SetScaleRoughness(v)
/Users/tatsheen/claw-repos/oss-index/roblox/AeroGameFramework/src/StarterPlayer/StarterPlayerScripts/Aero/Modules/CameraShaker/CameraShakeInstance.lua:125:function CameraShakeInstance:GetScaleMagnitude()
/Users/tatsheen/claw-repos/oss-index/roblox/AeroGameFramework/src/StarterPlayer/StarterPlayerScripts/Aero/Modules/CameraShaker/CameraShakeInstance.lua:130:function CameraShakeInstance:SetScaleMagnitude(v)
/Users/tatsheen/claw-repos/oss-index/roblox/AeroGameFramework/src/StarterPlayer/StarterPlayerScripts/Aero/Modules/CameraShaker/CameraShakeInstance.lua:135:function CameraShakeInstance:GetNormalizedFadeTime()
/Users/tatsheen/claw-repos/oss-index/roblox/AeroGameFramework/src/StarterPlayer/StarterPlayerScripts/Aero/Modules/CameraShaker/CameraShakeInstance.lua:140:function CameraShakeInstance:IsShaking()
/Users/tatsheen/claw-repos/oss-index/roblox/AeroGameFramework/src/StarterPlayer/StarterPlayerScripts/Aero/Modules/CameraShaker/CameraShakeInstance.lua:145:function CameraShakeInstance:IsFadingOut()
/Users/tatsheen/claw-repos/oss-index/roblox/AeroGameFramework/src/StarterPlayer/StarterPlayerScripts/Aero/Modules/CameraShaker/CameraShakeInstance.lua:150:function CameraShakeInstance:IsFadingIn()
/Users/tatsheen/claw-repos/oss-index/roblox/AeroGameFramework/src/StarterPlayer/StarterPlayerScripts/Aero/Modules/CameraShaker/CameraShakeInstance.lua:155:function CameraShakeInstance:GetState()
/Users/tatsheen/claw-repos/oss-index/roblox/AeroGameFramework/src/ReplicatedStorage/Aero/Shared/NumberUtil.lua:90:function NumberUtil.Lerp(min, max, alpha)
/Users/tatsheen/claw-repos/oss-index/roblox/AeroGameFramework/src/ReplicatedStorage/Aero/Shared/NumberUtil.lua:95:function NumberUtil.LerpClamp(min, max, alpha)
/Users/tatsheen/claw-repos/oss-index/roblox/AeroGameFramework/src/ReplicatedStorage/Aero/Shared/NumberUtil.lua:100:function NumberUtil.InverseLerp(min, max, num)
/Users/tatsheen/claw-repos/oss-index/roblox/AeroGameFramework/src/ReplicatedStorage/Aero/Shared/NumberUtil.lua:105:function NumberUtil.Map(n, inMin, inMax, outMin, outMax)
/Users/tatsheen/claw-repos/oss-index/roblox/AeroGameFramework/src/ReplicatedStorage/Aero/Shared/NumberUtil.lua:110:function NumberUtil.Round(num)
/Users/tatsheen/claw-repos/oss-index/roblox/AeroGameFramework/src/ReplicatedStorage/Aero/Shared/NumberUtil.lua:115:function NumberUtil.RoundTo(num, multiple)
/Users/tatsheen/claw-repos/oss-index/roblox/AeroGameFramework/src/StarterPlayer/StarterPlayerScripts/Aero/Modules/Tween/init.lua:50:function Tween.new(tweenInfo, callback)
/Users/tatsheen/claw-repos/oss-index/roblox/AeroGameFramework/src/StarterPlayer/StarterPlayerScripts/Aero/Modules/Tween/init.lua:100:function Tween:ResetState()
/Users/tatsheen/claw-repos/oss-index/roblox/AeroGameFramework/src/StarterPlayer/StarterPlayerScripts/Aero/Modules/Tween/init.lua:110:function Tween:SetPlaybackState(state)
/Users/tatsheen/claw-repos/oss-index/roblox/AeroGameFramework/src/StarterPlayer/StarterPlayerScripts/Aero/Modules/Tween/init.lua:119:function Tween:Play()
/Users/tatsheen/claw-repos/oss-index/roblox/AeroGameFramework/src/StarterPlayer/StarterPlayerScripts/Aero/Modules/Tween/init.lua:150:	local function OnCompleted()
/Users/tatsheen/claw-repos/oss-index/roblox/AeroGameFramework/src/StarterPlayer/StarterPlayerScripts/Aero/Modules/Tween/init.lua:158:	local function IsDelayed(dt)
/Users/tatsheen/claw-repos/oss-index/roblox/AeroGameFramework/src/StarterPlayer/StarterPlayerScripts/Aero/Modules/Tween/init.lua:209:function Tween:Pause()
/Users/tatsheen/claw-repos/oss-index/roblox/AeroGameFramework/src/StarterPlayer/StarterPlayerScripts/Aero/Modules/Tween/init.lua:217:function Tween:Cancel()
/Users/tatsheen/claw-repos/oss-index/roblox/AeroGameFramework/src/StarterPlayer/StarterPlayerScripts/Aero/Modules/Tween/init.lua:226:function Tween.fromService(...)
/Users/tatsheen/claw-repos/oss-index/roblox/AeroGameFramework/src/StarterPlayer/StarterPlayerScripts/Aero/Modules/CameraShaker/init.lua:91:function CameraShaker.new(renderPriority, callback)
/Users/tatsheen/claw-repos/oss-index/roblox/AeroGameFramework/src/StarterPlayer/StarterPlayerScripts/Aero/Modules/CameraShaker/init.lua:112:function CameraShaker:Start()
/Users/tatsheen/claw-repos/oss-index/roblox/AeroGameFramework/src/StarterPlayer/StarterPlayerScripts/Aero/Modules/CameraShaker/init.lua:125:function CameraShaker:Stop()
/Users/tatsheen/claw-repos/oss-index/roblox/AeroGameFramework/src/StarterPlayer/StarterPlayerScripts/Aero/Modules/CameraShaker/init.lua:132:function CameraShaker:StopSustained(duration)
/Users/tatsheen/claw-repos/oss-index/roblox/AeroGameFramework/src/StarterPlayer/StarterPlayerScripts/Aero/Modules/CameraShaker/init.lua:141:function CameraShaker:Update(dt)
/Users/tatsheen/claw-repos/oss-index/roblox/AeroGameFramework/src/StarterPlayer/StarterPlayerScripts/Aero/Modules/CameraShaker/init.lua:178:function CameraShaker:Shake(shakeInstance)
/Users/tatsheen/claw-repos/oss-index/roblox/AeroGameFramework/src/StarterPlayer/StarterPlayerScripts/Aero/Modules/CameraShaker/init.lua:185:function CameraShaker:ShakeSustain(shakeInstance)
/Users/tatsheen/claw-repos/oss-index/roblox/AeroGameFramework/src/StarterPlayer/StarterPlayerScripts/Aero/Modules/CameraShaker/init.lua:193:function CameraShaker:ShakeOnce(magnitude, roughness, fadeInTime, fadeOutTime, posInfluence, rotInfluence)
/Users/tatsheen/claw-repos/oss-index/roblox/AeroGameFramework/src/StarterPlayer/StarterPlayerScripts/Aero/Modules/CameraShaker/init.lua:202:function CameraShaker:StartShake(magnitude, roughness, fadeInTime, posInfluence, rotInfluence)
/Users/tatsheen/claw-repos/oss-index/roblox/AeroGameFramework/src/ReplicatedStorage/Aero/Internal/Settings.lua:36:function Settings:GetDefault()
/Users/tatsheen/claw-repos/oss-index/roblox/AeroGameFramework/src/ReplicatedStorage/Aero/Internal/Settings.lua:46:function Settings:Get(moduleScript, shouldCache)
/Users/tatsheen/claw-repos/oss-index/roblox/AeroGameFramework/src/ReplicatedStorage/Aero/Internal/Settings.lua:77:function Settings:IsSettingsModule(moduleScript)
/Users/tatsheen/claw-repos/oss-index/roblox/AeroGameFramework/src/StarterPlayer/StarterPlayerScripts/Aero/Modules/Smooth/init.lua:44:function Smooth.new(initialValue, smoothTime)
/Users/tatsheen/claw-repos/oss-index/roblox/AeroGameFramework/src/StarterPlayer/StarterPlayerScripts/Aero/Modules/Smooth/init.lua:63:function Smooth:Update(goal)
/Users/tatsheen/claw-repos/oss-index/roblox/AeroGameFramework/src/StarterPlayer/StarterPlayerScripts/Aero/Modules/Smooth/init.lua:75:function Smooth:UpdateAngle(goal)
/Users/tatsheen/claw-repos/oss-index/roblox/AeroGameFramework/src/StarterPlayer/StarterPlayerScripts/Aero/Modules/Smooth/init.lua:87:function Smooth:SetMaxSpeed(speed)
/Users/tatsheen/claw-repos/oss-index/roblox/AeroGameFramework/src/StarterPlayer/StarterPlayerScripts/Aero/Modules/Smooth/init.lua:92:function Smooth:GetMaxSpeed()
/Users/tatsheen/claw-repos/oss-index/roblox/AeroGameFramework/src/StarterPlayer/StarterPlayerScripts/Aero/Controllers/Fade.lua:122:function Fade:SetBackgroundColor(c)
/Users/tatsheen/claw-repos/oss-index/roblox/AeroGameFramework/src/StarterPlayer/StarterPlayerScripts/Aero/Controllers/Fade.lua:135:function Fade:SetTextColor(c)
/Users/tatsheen/claw-repos/oss-index/roblox/AeroGameFramework/src/StarterPlayer/StarterPlayerScripts/Aero/Controllers/Fade.lua:148:function Fade:SetText(text)
/Users/tatsheen/claw-repos/oss-index/roblox/AeroGameFramework/src/StarterPlayer/StarterPlayerScripts/Aero/Controllers/Fade.lua:154:function Fade:SetTextSize(size)
/Users/tatsheen/claw-repos/oss-index/roblox/AeroGameFramework/src/StarterPlayer/StarterPlayerScripts/Aero/Controllers/Fade.lua:163:function Fade:SetFont(font)
/Users/tatsheen/claw-repos/oss-index/roblox/AeroGameFramework/src/StarterPlayer/StarterPlayerScripts/Aero/Controllers/Fade.lua:169:function Fade:ClearText()
/Users/tatsheen/claw-repos/oss-index/roblox/AeroGameFramework/src/StarterPlayer/StarterPlayerScripts/Aero/Controllers/Fade.lua:175:function Fade:In(duration, async)
/Users/tatsheen/claw-repos/oss-index/roblox/AeroGameFramework/src/StarterPlayer/StarterPlayerScripts/Aero/Controllers/Fade.lua:181:function Fade:Out(duration, async)
/Users/tatsheen/claw-repos/oss-index/roblox/AeroGameFramework/src/StarterPlayer/StarterPlayerScripts/Aero/Controllers/Fade.lua:187:function Fade:To(transparency, duration, async)
/Users/tatsheen/claw-repos/oss-index/roblox/AeroGameFramework/src/StarterPlayer/StarterPlayerScripts/Aero/Controllers/Fade.lua:193:function Fade:FromTo(fromTransparency, toTransparency, duration, async)
/Users/tatsheen/claw-repos/oss-index/roblox/AeroGameFramework/src/StarterPlayer/StarterPlayerScripts/Aero/Controllers/Fade.lua:241:	local function AwaitEnd()
/Users/tatsheen/claw-repos/oss-index/roblox/AeroGameFramework/src/StarterPlayer/StarterPlayerScripts/Aero/Controllers/Fade.lua:255:function Fade:SetEasingStyle(style)
/Users/tatsheen/claw-repos/oss-index/roblox/AeroGameFramework/src/StarterPlayer/StarterPlayerScripts/Aero/Controllers/Fade.lua:261:function Fade:GetScreenGui()
/Users/tatsheen/claw-repos/oss-index/roblox/AeroGameFramework/src/StarterPlayer/StarterPlayerScripts/Aero/Controllers/Fade.lua:266:function Fade:GetFrame()
/Users/tatsheen/claw-repos/oss-index/roblox/AeroGameFramework/src/StarterPlayer/StarterPlayerScripts/Aero/Controllers/Fade.lua:271:function Fade:GetLabel()
/Users/tatsheen/claw-repos/oss-index/roblox/AeroGameFramework/src/StarterPlayer/StarterPlayerScripts/Aero/Controllers/Fade.lua:276:function Fade:Start()
/Users/tatsheen/claw-repos/oss-index/roblox/AeroGameFramework/src/StarterPlayer/StarterPlayerScripts/Aero/Controllers/Fade.lua:281:function Fade:Init()
/Users/tatsheen/claw-repos/oss-index/roblox/AeroGameFramework/src/StarterPlayer/StarterPlayerScripts/Aero/Controllers/TaskScheduler.lua:75:function TaskScheduler:CreateScheduler(targetFps)
/Users/tatsheen/claw-repos/oss-index/roblox/AeroGameFramework/src/StarterPlayer/StarterPlayerScripts/Aero/Controllers/TaskScheduler.lua:87:	local function UpdateFrameTable()
/Users/tatsheen/claw-repos/oss-index/roblox/AeroGameFramework/src/StarterPlayer/StarterPlayerScripts/Aero/Controllers/TaskScheduler.lua:95:	local function Loop()
/Users/tatsheen/claw-repos/oss-index/roblox/AeroGameFramework/src/StarterPlayer/StarterPlayerScripts/Aero/Controllers/TaskScheduler.lua:116:	function scheduler.Pause(_s)
/Users/tatsheen/claw-repos/oss-index/roblox/AeroGameFramework/src/StarterPlayer/StarterPlayerScripts/Aero/Controllers/TaskScheduler.lua:121:	function scheduler.Resume(_s)
/Users/tatsheen/claw-repos/oss-index/roblox/AeroGameFramework/src/StarterPlayer/StarterPlayerScripts/Aero/Controllers/TaskScheduler.lua:129:	function scheduler.Destroy(_s)
/Users/tatsheen/claw-repos/oss-index/roblox/AeroGameFramework/src/StarterPlayer/StarterPlayerScripts/Aero/Controllers/TaskScheduler.lua:144:	function scheduler.QueueTask(_s, callback)
/Users/tatsheen/claw-repos/oss-index/roblox/AeroGameFramework/src/StarterPlayer/StarterPlayerScripts/Aero/Controllers/UserInput/init.lua:46:function UserInput:Get(moduleName)
/Users/tatsheen/claw-repos/oss-index/roblox/AeroGameFramework/src/StarterPlayer/StarterPlayerScripts/Aero/Controllers/UserInput/init.lua:51:function UserInput:Init()
/Users/tatsheen/claw-repos/oss-index/roblox/AeroGameFramework/src/StarterPlayer/StarterPlayerScripts/Aero/Controllers/UserInput/init.lua:61:	local function SetMouseIconEnabled(enabled)
/Users/tatsheen/claw-repos/oss-index/roblox/AeroGameFramework/src/StarterPlayer/StarterPlayerScripts/Aero/Controllers/UserInput/init.lua:67:	local function ChangePreferred(newPreferred)
/Users/tatsheen/claw-repos/oss-index/roblox/AeroGameFramework/src/StarterPlayer/StarterPlayerScripts/Aero/Controllers/UserInput/init.lua:79:	local function LastInputTypeChanged(lastInputType)
/Users/tatsheen/claw-repos/oss-index/roblox/AeroGameFramework/src/StarterPlayer/StarterPlayerScripts/Aero/Controllers/UserInput/init.lua:105:function UserInput:GetPreferred()
