/Users/tatsheen/claw-repos/oss-index/roblox/AeroGameFramework/src/ServerStorage/Aero/Modules/ProfileService.lua:184:		return {
/Users/tatsheen/claw-repos/oss-index/roblox/AeroGameFramework/src/ServerStorage/Aero/Modules/ProfileService.lua:201:		return {
/Users/tatsheen/claw-repos/oss-index/roblox/AeroGameFramework/src/ServerStorage/Aero/Modules/ProfileService.lua:215:		return {
/Users/tatsheen/claw-repos/oss-index/roblox/AeroGameFramework/src/ServerStorage/Aero/Modules/ProfileService.lua:230:				return Heartbeat:Wait()
/Users/tatsheen/claw-repos/oss-index/roblox/AeroGameFramework/src/ServerStorage/Aero/Modules/ProfileService.lua:237:				return time_elapsed
/Users/tatsheen/claw-repos/oss-index/roblox/AeroGameFramework/src/ServerStorage/Aero/Modules/ProfileService.lua:403:	return copy
/Users/tatsheen/claw-repos/oss-index/roblox/AeroGameFramework/src/ServerStorage/Aero/Modules/ProfileService.lua:443:		return nil
/Users/tatsheen/claw-repos/oss-index/roblox/AeroGameFramework/src/ServerStorage/Aero/Modules/ProfileService.lua:446:		return DeepCopyTable(profile_store[key])
/Users/tatsheen/claw-repos/oss-index/roblox/AeroGameFramework/src/ServerStorage/Aero/Modules/ProfileService.lua:451:	return session_tag[1] == PlaceId and session_tag[2] == JobId
/Users/tatsheen/claw-repos/oss-index/roblox/AeroGameFramework/src/ServerStorage/Aero/Modules/ProfileService.lua:531:				return latest_data
/Users/tatsheen/claw-repos/oss-index/roblox/AeroGameFramework/src/ServerStorage/Aero/Modules/ProfileService.lua:559:					return "PROFILE_WIPED" -- It's impossible to set DataStore keys to nil after they have been set
/Users/tatsheen/claw-repos/oss-index/roblox/AeroGameFramework/src/ServerStorage/Aero/Modules/ProfileService.lua:568:		return wipe_status
/Users/tatsheen/claw-repos/oss-index/roblox/AeroGameFramework/src/ServerStorage/Aero/Modules/ProfileService.lua:575:		return loaded_data
/Users/tatsheen/claw-repos/oss-index/roblox/AeroGameFramework/src/ServerStorage/Aero/Modules/ProfileService.lua:579:		return nil
/Users/tatsheen/claw-repos/oss-index/roblox/AeroGameFramework/src/ServerStorage/Aero/Modules/ProfileService.lua:860:	return query_list
/Users/tatsheen/claw-repos/oss-index/roblox/AeroGameFramework/src/ServerStorage/Aero/Modules/ProfileService.lua:881:	return query_list
/Users/tatsheen/claw-repos/oss-index/roblox/AeroGameFramework/src/ServerStorage/Aero/Modules/ProfileService.lua:895:		return { -- Do not connect listener if the profile is expired
/Users/tatsheen/claw-repos/oss-index/roblox/AeroGameFramework/src/ServerStorage/Aero/Modules/ProfileService.lua:901:	return Madwork.NewScriptConnection(self._new_active_update_listeners, listener)
/Users/tatsheen/claw-repos/oss-index/roblox/AeroGameFramework/src/ServerStorage/Aero/Modules/ProfileService.lua:914:		return { -- Do not connect listener if the profile is expired
/Users/tatsheen/claw-repos/oss-index/roblox/AeroGameFramework/src/ServerStorage/Aero/Modules/ProfileService.lua:920:	return Madwork.NewScriptConnection(self._new_locked_update_listeners, listener)
/Users/tatsheen/claw-repos/oss-index/roblox/AeroGameFramework/src/ServerStorage/Aero/Modules/ProfileService.lua:1099:	return loaded_profiles[self._profile_key] == self
/Users/tatsheen/claw-repos/oss-index/roblox/AeroGameFramework/src/ServerStorage/Aero/Modules/ProfileService.lua:1105:		return nil
/Users/tatsheen/claw-repos/oss-index/roblox/AeroGameFramework/src/ServerStorage/Aero/Modules/ProfileService.lua:1108:	return self.MetaData.MetaTags[tag_name]
/Users/tatsheen/claw-repos/oss-index/roblox/AeroGameFramework/src/ServerStorage/Aero/Modules/ProfileService.lua:1147:		return {
/Users/tatsheen/claw-repos/oss-index/roblox/AeroGameFramework/src/ServerStorage/Aero/Modules/ProfileService.lua:1152:		return Madwork.NewScriptConnection(self._release_listeners, listener)
/Users/tatsheen/claw-repos/oss-index/roblox/AeroGameFramework/src/ServerStorage/Aero/Modules/ProfileService.lua:1212:		return nil
/Users/tatsheen/claw-repos/oss-index/roblox/AeroGameFramework/src/ServerStorage/Aero/Modules/ProfileService.lua:1253:				return nil
/Users/tatsheen/claw-repos/oss-index/roblox/AeroGameFramework/src/ServerStorage/Aero/Modules/ProfileService.lua:1325:				return nil -- Load job yoinked
/Users/tatsheen/claw-repos/oss-index/roblox/AeroGameFramework/src/ServerStorage/Aero/Modules/ProfileService.lua:1382:					return profile
/Users/tatsheen/claw-repos/oss-index/roblox/AeroGameFramework/src/ServerStorage/Aero/Modules/ProfileService.lua:1402:							return nil
/Users/tatsheen/claw-repos/oss-index/roblox/AeroGameFramework/src/ServerStorage/Aero/Modules/ProfileService.lua:1413:							return nil
/Users/tatsheen/claw-repos/oss-index/roblox/AeroGameFramework/src/ServerStorage/Aero/Modules/ProfileService.lua:1435:	return nil -- If loop breaks return nothing
/Users/tatsheen/claw-repos/oss-index/roblox/AeroGameFramework/src/ServerStorage/Aero/Modules/ProfileService.lua:1447:		return nil
/Users/tatsheen/claw-repos/oss-index/roblox/AeroGameFramework/src/ServerStorage/Aero/Modules/ProfileService.lua:1477:			return global_updates_object
/Users/tatsheen/claw-repos/oss-index/roblox/AeroGameFramework/src/ServerStorage/Aero/Modules/ProfileService.lua:1482:	return nil -- Return nothing (Update unsuccessful)
/Users/tatsheen/claw-repos/oss-index/roblox/AeroGameFramework/src/ServerStorage/Aero/Modules/ProfileService.lua:1491:		return nil
/Users/tatsheen/claw-repos/oss-index/roblox/AeroGameFramework/src/ServerStorage/Aero/Modules/ProfileService.lua:1529:			return profile
/Users/tatsheen/claw-repos/oss-index/roblox/AeroGameFramework/src/ServerStorage/Aero/Modules/ProfileService.lua:1534:	return nil -- If loop breaks return nothing
/Users/tatsheen/claw-repos/oss-index/roblox/AeroGameFramework/src/ServerStorage/Aero/Modules/ProfileService.lua:1543:		return false
/Users/tatsheen/claw-repos/oss-index/roblox/AeroGameFramework/src/ServerStorage/Aero/Modules/ProfileService.lua:1546:	return StandardProfileUpdateAsyncDataStore(
/Users/tatsheen/claw-repos/oss-index/roblox/AeroGameFramework/src/ServerStorage/Aero/Modules/ProfileService.lua:1573:				return profile_store:LoadProfileAsync(profile_key, not_released_handler, UseMockTag)
/Users/tatsheen/claw-repos/oss-index/roblox/AeroGameFramework/src/ServerStorage/Aero/Modules/ProfileService.lua:1576:				return profile_store:GlobalUpdateProfileAsync(profile_key, update_handler, UseMockTag)
/Users/tatsheen/claw-repos/oss-index/roblox/AeroGameFramework/src/ServerStorage/Aero/Modules/ProfileService.lua:1579:				return profile_store:ViewProfileAsync(profile_key, UseMockTag)
/Users/tatsheen/claw-repos/oss-index/roblox/AeroGameFramework/src/ServerStorage/Aero/Modules/ProfileService.lua:1582:				return profile_store:WipeProfileAsync(profile_key, UseMockTag)
/Users/tatsheen/claw-repos/oss-index/roblox/AeroGameFramework/src/ServerStorage/Aero/Modules/ProfileService.lua:1598:	return profile_store
/Users/tatsheen/claw-repos/oss-index/roblox/AeroGameFramework/src/ServerStorage/Aero/Modules/ProfileService.lua:1724:		return -- We're done!
/Users/tatsheen/claw-repos/oss-index/roblox/AeroGameFramework/src/ServerStorage/Aero/Modules/ProfileService.lua:1729:return ProfileService
/Users/tatsheen/claw-repos/oss-index/roblox/AeroGameFramework/src/ServerStorage/Aero/Modules/Data/MockDataStoreService.lua:59:		return allStores[scope][name]
/Users/tatsheen/claw-repos/oss-index/roblox/AeroGameFramework/src/ServerStorage/Aero/Modules/Data/MockDataStoreService.lua:84:		return data[k]
/Users/tatsheen/claw-repos/oss-index/roblox/AeroGameFramework/src/ServerStorage/Aero/Modules/Data/MockDataStoreService.lua:99:				return num
/Users/tatsheen/claw-repos/oss-index/roblox/AeroGameFramework/src/ServerStorage/Aero/Modules/Data/MockDataStoreService.lua:102:			return (num + delta)
/Users/tatsheen/claw-repos/oss-index/roblox/AeroGameFramework/src/ServerStorage/Aero/Modules/Data/MockDataStoreService.lua:117:	return d
/Users/tatsheen/claw-repos/oss-index/roblox/AeroGameFramework/src/ServerStorage/Aero/Modules/Data/MockDataStoreService.lua:122:	return self:GetDataStore("global", "global")
/Users/tatsheen/claw-repos/oss-index/roblox/AeroGameFramework/src/ServerStorage/Aero/Modules/Data/MockDataStoreService.lua:131:		return dataStore:GetAsync(k)
/Users/tatsheen/claw-repos/oss-index/roblox/AeroGameFramework/src/ServerStorage/Aero/Modules/Data/MockDataStoreService.lua:143:			return v
/Users/tatsheen/claw-repos/oss-index/roblox/AeroGameFramework/src/ServerStorage/Aero/Modules/Data/MockDataStoreService.lua:190:				return p[currentPage]
/Users/tatsheen/claw-repos/oss-index/roblox/AeroGameFramework/src/ServerStorage/Aero/Modules/Data/MockDataStoreService.lua:200:		return pages
/Users/tatsheen/claw-repos/oss-index/roblox/AeroGameFramework/src/ServerStorage/Aero/Modules/Data/MockDataStoreService.lua:202:	return d
/Users/tatsheen/claw-repos/oss-index/roblox/AeroGameFramework/src/ServerStorage/Aero/Modules/Data/MockDataStoreService.lua:207:	return realDataStoreService:GetRequestBudgetForRequestType(requestType)
/Users/tatsheen/claw-repos/oss-index/roblox/AeroGameFramework/src/ServerStorage/Aero/Modules/Data/MockDataStoreService.lua:216:	return (API[index] or realDataStoreService[index])
/Users/tatsheen/claw-repos/oss-index/roblox/AeroGameFramework/src/ServerStorage/Aero/Modules/Data/MockDataStoreService.lua:225:return DataStoreService
/Users/tatsheen/claw-repos/oss-index/roblox/AeroGameFramework/src/ReplicatedStorage/Aero/Shared/Base64.lua:56:		return self.ClassName
/Users/tatsheen/claw-repos/oss-index/roblox/AeroGameFramework/src/ReplicatedStorage/Aero/Shared/Base64.lua:67:	return setmetatable({}, Base64)
/Users/tatsheen/claw-repos/oss-index/roblox/AeroGameFramework/src/ReplicatedStorage/Aero/Shared/Base64.lua:103:	return table.concat(NewOutput)
/Users/tatsheen/claw-repos/oss-index/roblox/AeroGameFramework/src/ReplicatedStorage/Aero/Shared/Base64.lua:148:	return table.concat(NewOutput)
/Users/tatsheen/claw-repos/oss-index/roblox/AeroGameFramework/src/ReplicatedStorage/Aero/Shared/Base64.lua:151:return Base64
/Users/tatsheen/claw-repos/oss-index/roblox/AeroGameFramework/src/ReplicatedStorage/Aero/Shared/ListenerList.lua:36:	return self
/Users/tatsheen/claw-repos/oss-index/roblox/AeroGameFramework/src/ReplicatedStorage/Aero/Shared/ListenerList.lua:44:	return listener
/Users/tatsheen/claw-repos/oss-index/roblox/AeroGameFramework/src/ReplicatedStorage/Aero/Shared/ListenerList.lua:105:return ListenerList
/Users/tatsheen/claw-repos/oss-index/roblox/AeroGameFramework/src/ServerScriptService/Aero/Internal/AeroServer.server.lua:48:	return event
/Users/tatsheen/claw-repos/oss-index/roblox/AeroGameFramework/src/ServerScriptService/Aero/Internal/AeroServer.server.lua:57:	return event
/Users/tatsheen/claw-repos/oss-index/roblox/AeroGameFramework/src/ServerScriptService/Aero/Internal/AeroServer.server.lua:111:	return self._events[eventName]:Connect(func)
/Users/tatsheen/claw-repos/oss-index/roblox/AeroGameFramework/src/ServerScriptService/Aero/Internal/AeroServer.server.lua:116:	return self._clientEvents[eventName].OnServerEvent:Connect(func)
/Users/tatsheen/claw-repos/oss-index/roblox/AeroGameFramework/src/ServerScriptService/Aero/Internal/AeroServer.server.lua:121:	return self._events[eventName]:Wait()
/Users/tatsheen/claw-repos/oss-index/roblox/AeroGameFramework/src/ServerScriptService/Aero/Internal/AeroServer.server.lua:126:	return self._clientEvents[eventName]:Wait()
/Users/tatsheen/claw-repos/oss-index/roblox/AeroGameFramework/src/ServerScriptService/Aero/Internal/AeroServer.server.lua:134:		return func(self.Client, ...)
/Users/tatsheen/claw-repos/oss-index/roblox/AeroGameFramework/src/ServerScriptService/Aero/Internal/AeroServer.server.lua:143:	return remoteFunc
/Users/tatsheen/claw-repos/oss-index/roblox/AeroGameFramework/src/ServerScriptService/Aero/Internal/AeroServer.server.lua:162:	return tbl
/Users/tatsheen/claw-repos/oss-index/roblox/AeroGameFramework/src/ServerScriptService/Aero/Internal/AeroServer.server.lua:193:				return obj
/Users/tatsheen/claw-repos/oss-index/roblox/AeroGameFramework/src/ServerScriptService/Aero/Internal/AeroServer.server.lua:198:				return nestedTbl
/Users/tatsheen/claw-repos/oss-index/roblox/AeroGameFramework/src/ServerScriptService/Aero/Internal/AeroServer.server.lua:326:			return order
/Users/tatsheen/claw-repos/oss-index/roblox/AeroGameFramework/src/ServerScriptService/Aero/Internal/AeroServer.server.lua:329:			return (GetOrder(a) < GetOrder(b))
/Users/tatsheen/claw-repos/oss-index/roblox/AeroGameFramework/src/ServerStorage/Aero/Modules/Data/init.lua:144:			return pages:GetCurrentPage()
/Users/tatsheen/claw-repos/oss-index/roblox/AeroGameFramework/src/ServerStorage/Aero/Modules/Data/init.lua:206:	return (type(key) == "string" and #key <= KEY_MAX_LEN)
/Users/tatsheen/claw-repos/oss-index/roblox/AeroGameFramework/src/ServerStorage/Aero/Modules/Data/init.lua:212:	return dataPool[ds]
/Users/tatsheen/claw-repos/oss-index/roblox/AeroGameFramework/src/ServerStorage/Aero/Modules/Data/init.lua:222:	return setmetatable({
/Users/tatsheen/claw-repos/oss-index/roblox/AeroGameFramework/src/ServerStorage/Aero/Modules/Data/init.lua:229:	return Promise.new(function(resolve, reject)
/Users/tatsheen/claw-repos/oss-index/roblox/AeroGameFramework/src/ServerStorage/Aero/Modules/Data/init.lua:237:	return Promise.new(function(resolve, reject)
/Users/tatsheen/claw-repos/oss-index/roblox/AeroGameFramework/src/ServerStorage/Aero/Modules/Data/init.lua:287:	return self
/Users/tatsheen/claw-repos/oss-index/roblox/AeroGameFramework/src/ServerStorage/Aero/Modules/Data/init.lua:302:	return data
/Users/tatsheen/claw-repos/oss-index/roblox/AeroGameFramework/src/ServerStorage/Aero/Modules/Data/init.lua:307:	return Data.new("global", "global", ordered)
/Users/tatsheen/claw-repos/oss-index/roblox/AeroGameFramework/src/ServerStorage/Aero/Modules/Data/init.lua:318:	return Promise.new(function(resolve, reject)
/Users/tatsheen/claw-repos/oss-index/roblox/AeroGameFramework/src/ServerStorage/Aero/Modules/Data/init.lua:339:		return Promise.Resolve(self:_getCache(key))
/Users/tatsheen/claw-repos/oss-index/roblox/AeroGameFramework/src/ServerStorage/Aero/Modules/Data/init.lua:341:	return self:_load(key)
/Users/tatsheen/claw-repos/oss-index/roblox/AeroGameFramework/src/ServerStorage/Aero/Modules/Data/init.lua:351:		return Promise.Resolve()
/Users/tatsheen/claw-repos/oss-index/roblox/AeroGameFramework/src/ServerStorage/Aero/Modules/Data/init.lua:353:	return Promise.new(function(resolve, reject)
/Users/tatsheen/claw-repos/oss-index/roblox/AeroGameFramework/src/ServerStorage/Aero/Modules/Data/init.lua:375:	return Promise.new(function(resolve, reject)
/Users/tatsheen/claw-repos/oss-index/roblox/AeroGameFramework/src/ServerStorage/Aero/Modules/Data/init.lua:394:	return Promise.new(function(resolve, reject)
/Users/tatsheen/claw-repos/oss-index/roblox/AeroGameFramework/src/ServerStorage/Aero/Modules/Data/init.lua:412:	return Promise.new(function(resolve, reject)
/Users/tatsheen/claw-repos/oss-index/roblox/AeroGameFramework/src/ServerStorage/Aero/Modules/Data/init.lua:426:	return self._cache[key]
/Users/tatsheen/claw-repos/oss-index/roblox/AeroGameFramework/src/ServerStorage/Aero/Modules/Data/init.lua:448:	return (self._cache[key] ~= nil)
/Users/tatsheen/claw-repos/oss-index/roblox/AeroGameFramework/src/ServerStorage/Aero/Modules/Data/init.lua:458:	return keyCount
/Users/tatsheen/claw-repos/oss-index/roblox/AeroGameFramework/src/ServerStorage/Aero/Modules/Data/init.lua:471:	return dataStoreService:GetRequestBudgetForRequestType(reqType)
/Users/tatsheen/claw-repos/oss-index/roblox/AeroGameFramework/src/ServerStorage/Aero/Modules/Data/init.lua:477:		return Promise.Reject("Data already destroyed")
/Users/tatsheen/claw-repos/oss-index/roblox/AeroGameFramework/src/ServerStorage/Aero/Modules/Data/init.lua:480:		return Promise.Reject(KEY_MAX_LEN_ERR)
/Users/tatsheen/claw-repos/oss-index/roblox/AeroGameFramework/src/ServerStorage/Aero/Modules/Data/init.lua:484:		return Promise.Resolve(self:_getCache(key))
/Users/tatsheen/claw-repos/oss-index/roblox/AeroGameFramework/src/ServerStorage/Aero/Modules/Data/init.lua:487:	return self:_load(key):Then(function(value)
/Users/tatsheen/claw-repos/oss-index/roblox/AeroGameFramework/src/ServerStorage/Aero/Modules/Data/init.lua:493:			return self:Set(key, value):Then(function()
/Users/tatsheen/claw-repos/oss-index/roblox/AeroGameFramework/src/ServerStorage/Aero/Modules/Data/init.lua:494:				return value
/Users/tatsheen/claw-repos/oss-index/roblox/AeroGameFramework/src/ServerStorage/Aero/Modules/Data/init.lua:497:			return value
/Users/tatsheen/claw-repos/oss-index/roblox/AeroGameFramework/src/ServerStorage/Aero/Modules/Data/init.lua:505:		return Promise.Reject("Data already destroyed")
/Users/tatsheen/claw-repos/oss-index/roblox/AeroGameFramework/src/ServerStorage/Aero/Modules/Data/init.lua:508:		return Promise.Reject("GetSorted can only be invoked on an ordered data object")
/Users/tatsheen/claw-repos/oss-index/roblox/AeroGameFramework/src/ServerStorage/Aero/Modules/Data/init.lua:510:	return self:_getSorted(isAscending, pageSize, minValue, maxValue)
/Users/tatsheen/claw-repos/oss-index/roblox/AeroGameFramework/src/ServerStorage/Aero/Modules/Data/init.lua:516:		return Promise.Reject("Data already destroyed")
/Users/tatsheen/claw-repos/oss-index/roblox/AeroGameFramework/src/ServerStorage/Aero/Modules/Data/init.lua:519:		return Promise.Reject(KEY_MAX_LEN_ERR)
/Users/tatsheen/claw-repos/oss-index/roblox/AeroGameFramework/src/ServerStorage/Aero/Modules/Data/init.lua:521:	return self:_loadIfNotCached(key):Then(function()
/Users/tatsheen/claw-repos/oss-index/roblox/AeroGameFramework/src/ServerStorage/Aero/Modules/Data/init.lua:523:			return self:_delete(key)
/Users/tatsheen/claw-repos/oss-index/roblox/AeroGameFramework/src/ServerStorage/Aero/Modules/Data/init.lua:533:		return Promise.Reject("Data already destroyed")
/Users/tatsheen/claw-repos/oss-index/roblox/AeroGameFramework/src/ServerStorage/Aero/Modules/Data/init.lua:536:		return Promise.Reject("Increment must be a number")
/Users/tatsheen/claw-repos/oss-index/roblox/AeroGameFramework/src/ServerStorage/Aero/Modules/Data/init.lua:539:	return self:Get(key, 0):Then(function(value)
/Users/tatsheen/claw-repos/oss-index/roblox/AeroGameFramework/src/ServerStorage/Aero/Modules/Data/init.lua:545:		return self:Set(key, value):Then(function()
/Users/tatsheen/claw-repos/oss-index/roblox/AeroGameFramework/src/ServerStorage/Aero/Modules/Data/init.lua:546:			return value
/Users/tatsheen/claw-repos/oss-index/roblox/AeroGameFramework/src/ServerStorage/Aero/Modules/Data/init.lua:553:	return self:Set(key, nil)
/Users/tatsheen/claw-repos/oss-index/roblox/AeroGameFramework/src/ServerStorage/Aero/Modules/Data/init.lua:559:		return Promise.Reject("Data already destroyed")
/Users/tatsheen/claw-repos/oss-index/roblox/AeroGameFramework/src/ServerStorage/Aero/Modules/Data/init.lua:562:		return Promise.Reject(KEY_MAX_LEN_ERR)
/Users/tatsheen/claw-repos/oss-index/roblox/AeroGameFramework/src/ServerStorage/Aero/Modules/Data/init.lua:565:		return Promise.Reject("Callback must be a function")
/Users/tatsheen/claw-repos/oss-index/roblox/AeroGameFramework/src/ServerStorage/Aero/Modules/Data/init.lua:567:	return Promise.new(function(resolve, reject)
/Users/tatsheen/claw-repos/oss-index/roblox/AeroGameFramework/src/ServerStorage/Aero/Modules/Data/init.lua:582:		return Promise.Reject("Data already destroyed")
/Users/tatsheen/claw-repos/oss-index/roblox/AeroGameFramework/src/ServerStorage/Aero/Modules/Data/init.lua:585:		return Promise.Reject(KEY_MAX_LEN_ERR)
/Users/tatsheen/claw-repos/oss-index/roblox/AeroGameFramework/src/ServerStorage/Aero/Modules/Data/init.lua:589:		return Promise.Reject("Cannot save key that has not already been loaded via Data:Get(key)")
/Users/tatsheen/claw-repos/oss-index/roblox/AeroGameFramework/src/ServerStorage/Aero/Modules/Data/init.lua:591:	return self:_save(key, cachedVal)
/Users/tatsheen/claw-repos/oss-index/roblox/AeroGameFramework/src/ServerStorage/Aero/Modules/Data/init.lua:597:		return Promise.Reject("Data already destroyed")
/Users/tatsheen/claw-repos/oss-index/roblox/AeroGameFramework/src/ServerStorage/Aero/Modules/Data/init.lua:604:	return Promise.All(promises)
/Users/tatsheen/claw-repos/oss-index/roblox/AeroGameFramework/src/ServerStorage/Aero/Modules/Data/init.lua:610:		return Promise.Reject("Data already destroyed")
/Users/tatsheen/claw-repos/oss-index/roblox/AeroGameFramework/src/ServerStorage/Aero/Modules/Data/init.lua:613:		return Promise.Reject(KEY_MAX_LEN_ERR)
/Users/tatsheen/claw-repos/oss-index/roblox/AeroGameFramework/src/ServerStorage/Aero/Modules/Data/init.lua:616:		return Promise.Reject("TransformFunction must be a function")
/Users/tatsheen/claw-repos/oss-index/roblox/AeroGameFramework/src/ServerStorage/Aero/Modules/Data/init.lua:618:	return self:_update(key, transformFunc)
/Users/tatsheen/claw-repos/oss-index/roblox/AeroGameFramework/src/ServerStorage/Aero/Modules/Data/init.lua:630:		return Promise.Reject("Data already destroyed")
/Users/tatsheen/claw-repos/oss-index/roblox/AeroGameFramework/src/ServerStorage/Aero/Modules/Data/init.lua:639:	return savePromise:Then(function()
/Users/tatsheen/claw-repos/oss-index/roblox/AeroGameFramework/src/ServerStorage/Aero/Modules/Data/init.lua:785:	return ("Data (Name=%s, Scope=%s, Ordered=%s)"):format(self.Name, self.Scope, self._ordered and "Yes" or "No")
/Users/tatsheen/claw-repos/oss-index/roblox/AeroGameFramework/src/ServerStorage/Aero/Modules/Data/init.lua:789:return Data
/Users/tatsheen/claw-repos/oss-index/roblox/AeroGameFramework/src/ReplicatedStorage/Aero/Shared/Promise.lua:20:	return setmetatable(enum, {
/Users/tatsheen/claw-repos/oss-index/roblox/AeroGameFramework/src/ReplicatedStorage/Aero/Shared/Promise.lua:48:		return setmetatable({
/Users/tatsheen/claw-repos/oss-index/roblox/AeroGameFramework/src/ReplicatedStorage/Aero/Shared/Promise.lua:64:				return rawget(anything, "error") ~= nil and type(rawget(metatable, "extend")) == "function"
/Users/tatsheen/claw-repos/oss-index/roblox/AeroGameFramework/src/ReplicatedStorage/Aero/Shared/Promise.lua:68:		return false
/Users/tatsheen/claw-repos/oss-index/roblox/AeroGameFramework/src/ReplicatedStorage/Aero/Shared/Promise.lua:74:		return Error.is(anything) and anything.kind == kind
/Users/tatsheen/claw-repos/oss-index/roblox/AeroGameFramework/src/ReplicatedStorage/Aero/Shared/Promise.lua:82:		return Error.new(options, self)
/Users/tatsheen/claw-repos/oss-index/roblox/AeroGameFramework/src/ReplicatedStorage/Aero/Shared/Promise.lua:92:		return runtimeErrors
/Users/tatsheen/claw-repos/oss-index/roblox/AeroGameFramework/src/ReplicatedStorage/Aero/Shared/Promise.lua:107:		return table.concat(errorStrings, "\n")
/Users/tatsheen/claw-repos/oss-index/roblox/AeroGameFramework/src/ReplicatedStorage/Aero/Shared/Promise.lua:117:	return select("#", ...), { ... }
/Users/tatsheen/claw-repos/oss-index/roblox/AeroGameFramework/src/ReplicatedStorage/Aero/Shared/Promise.lua:124:	return success, select("#", ...), { ... }
/Users/tatsheen/claw-repos/oss-index/roblox/AeroGameFramework/src/ReplicatedStorage/Aero/Shared/Promise.lua:131:	return function(err)
/Users/tatsheen/claw-repos/oss-index/roblox/AeroGameFramework/src/ReplicatedStorage/Aero/Shared/Promise.lua:136:			return err
/Users/tatsheen/claw-repos/oss-index/roblox/AeroGameFramework/src/ReplicatedStorage/Aero/Shared/Promise.lua:139:		return Error.new({
/Users/tatsheen/claw-repos/oss-index/roblox/AeroGameFramework/src/ReplicatedStorage/Aero/Shared/Promise.lua:152:	return packResult(xpcall(callback, makeErrorHandler(traceback), ...))
/Users/tatsheen/claw-repos/oss-index/roblox/AeroGameFramework/src/ReplicatedStorage/Aero/Shared/Promise.lua:160:	return function(...)
/Users/tatsheen/claw-repos/oss-index/roblox/AeroGameFramework/src/ReplicatedStorage/Aero/Shared/Promise.lua:172:	return next(t) == nil
/Users/tatsheen/claw-repos/oss-index/roblox/AeroGameFramework/src/ReplicatedStorage/Aero/Shared/Promise.lua:258:		return self._status == Promise.Status.Cancelled
/Users/tatsheen/claw-repos/oss-index/roblox/AeroGameFramework/src/ReplicatedStorage/Aero/Shared/Promise.lua:275:	return self
/Users/tatsheen/claw-repos/oss-index/roblox/AeroGameFramework/src/ReplicatedStorage/Aero/Shared/Promise.lua:279:	return Promise._new(debug.traceback(nil, 2), executor)
/Users/tatsheen/claw-repos/oss-index/roblox/AeroGameFramework/src/ReplicatedStorage/Aero/Shared/Promise.lua:283:	return string.format("Promise(%s)", self:getStatus())
/Users/tatsheen/claw-repos/oss-index/roblox/AeroGameFramework/src/ReplicatedStorage/Aero/Shared/Promise.lua:304:	return promise
/Users/tatsheen/claw-repos/oss-index/roblox/AeroGameFramework/src/ReplicatedStorage/Aero/Shared/Promise.lua:317:	return Promise._new(debug.traceback(nil, 2), function(resolve)
/Users/tatsheen/claw-repos/oss-index/roblox/AeroGameFramework/src/ReplicatedStorage/Aero/Shared/Promise.lua:328:	return Promise._new(debug.traceback(nil, 2), function(_, reject)
/Users/tatsheen/claw-repos/oss-index/roblox/AeroGameFramework/src/ReplicatedStorage/Aero/Shared/Promise.lua:341:	return Promise._new(traceback, function(resolve)
/Users/tatsheen/claw-repos/oss-index/roblox/AeroGameFramework/src/ReplicatedStorage/Aero/Shared/Promise.lua:350:	return Promise._try(debug.traceback(nil, 2), ...)
/Users/tatsheen/claw-repos/oss-index/roblox/AeroGameFramework/src/ReplicatedStorage/Aero/Shared/Promise.lua:374:		return Promise.resolve({})
/Users/tatsheen/claw-repos/oss-index/roblox/AeroGameFramework/src/ReplicatedStorage/Aero/Shared/Promise.lua:377:	return Promise._new(traceback, function(resolve, reject, onCancel)
/Users/tatsheen/claw-repos/oss-index/roblox/AeroGameFramework/src/ReplicatedStorage/Aero/Shared/Promise.lua:444:	return Promise._all(debug.traceback(nil, 2), promises)
/Users/tatsheen/claw-repos/oss-index/roblox/AeroGameFramework/src/ReplicatedStorage/Aero/Shared/Promise.lua:451:	return Promise._all(debug.traceback(nil, 2), promises, amount)
/Users/tatsheen/claw-repos/oss-index/roblox/AeroGameFramework/src/ReplicatedStorage/Aero/Shared/Promise.lua:456:	return Promise._all(debug.traceback(nil, 2), promises, 1):andThen(function(values)
/Users/tatsheen/claw-repos/oss-index/roblox/AeroGameFramework/src/ReplicatedStorage/Aero/Shared/Promise.lua:457:		return values[1]
/Users/tatsheen/claw-repos/oss-index/roblox/AeroGameFramework/src/ReplicatedStorage/Aero/Shared/Promise.lua:477:		return Promise.resolve({})
/Users/tatsheen/claw-repos/oss-index/roblox/AeroGameFramework/src/ReplicatedStorage/Aero/Shared/Promise.lua:480:	return Promise._new(debug.traceback(nil, 2), function(resolve, _, onCancel)
/Users/tatsheen/claw-repos/oss-index/roblox/AeroGameFramework/src/ReplicatedStorage/Aero/Shared/Promise.lua:530:	return Promise._new(debug.traceback(nil, 2), function(resolve, reject, onCancel)
/Users/tatsheen/claw-repos/oss-index/roblox/AeroGameFramework/src/ReplicatedStorage/Aero/Shared/Promise.lua:541:			return function (...)
/Users/tatsheen/claw-repos/oss-index/roblox/AeroGameFramework/src/ReplicatedStorage/Aero/Shared/Promise.lua:544:				return callback(...)
/Users/tatsheen/claw-repos/oss-index/roblox/AeroGameFramework/src/ReplicatedStorage/Aero/Shared/Promise.lua:575:	return Promise._new(debug.traceback(nil, 2), function(resolve, reject, onCancel)
/Users/tatsheen/claw-repos/oss-index/roblox/AeroGameFramework/src/ReplicatedStorage/Aero/Shared/Promise.lua:605:					return reject(Error.new({
/Users/tatsheen/claw-repos/oss-index/roblox/AeroGameFramework/src/ReplicatedStorage/Aero/Shared/Promise.lua:616:					return reject(select(2, value:await()))
/Users/tatsheen/claw-repos/oss-index/roblox/AeroGameFramework/src/ReplicatedStorage/Aero/Shared/Promise.lua:621:					return ...
/Users/tatsheen/claw-repos/oss-index/roblox/AeroGameFramework/src/ReplicatedStorage/Aero/Shared/Promise.lua:638:					return reject(value)
/Users/tatsheen/claw-repos/oss-index/roblox/AeroGameFramework/src/ReplicatedStorage/Aero/Shared/Promise.lua:654:				return reject(result)
/Users/tatsheen/claw-repos/oss-index/roblox/AeroGameFramework/src/ReplicatedStorage/Aero/Shared/Promise.lua:670:		return false
/Users/tatsheen/claw-repos/oss-index/roblox/AeroGameFramework/src/ReplicatedStorage/Aero/Shared/Promise.lua:677:		return true
/Users/tatsheen/claw-repos/oss-index/roblox/AeroGameFramework/src/ReplicatedStorage/Aero/Shared/Promise.lua:680:		return type(object.andThen) == "function"
/Users/tatsheen/claw-repos/oss-index/roblox/AeroGameFramework/src/ReplicatedStorage/Aero/Shared/Promise.lua:687:		return true
/Users/tatsheen/claw-repos/oss-index/roblox/AeroGameFramework/src/ReplicatedStorage/Aero/Shared/Promise.lua:690:	return false
/Users/tatsheen/claw-repos/oss-index/roblox/AeroGameFramework/src/ReplicatedStorage/Aero/Shared/Promise.lua:698:	return function(...)
/Users/tatsheen/claw-repos/oss-index/roblox/AeroGameFramework/src/ReplicatedStorage/Aero/Shared/Promise.lua:699:		return Promise._try(debug.traceback(nil, 2), callback, ...)
/Users/tatsheen/claw-repos/oss-index/roblox/AeroGameFramework/src/ReplicatedStorage/Aero/Shared/Promise.lua:722:		return Promise._new(debug.traceback(nil, 2), function(resolve, _, onCancel)
/Users/tatsheen/claw-repos/oss-index/roblox/AeroGameFramework/src/ReplicatedStorage/Aero/Shared/Promise.lua:812:	return Promise.race({
/Users/tatsheen/claw-repos/oss-index/roblox/AeroGameFramework/src/ReplicatedStorage/Aero/Shared/Promise.lua:814:			return Promise.reject(rejectionValue == nil and Error.new({
/Users/tatsheen/claw-repos/oss-index/roblox/AeroGameFramework/src/ReplicatedStorage/Aero/Shared/Promise.lua:830:	return self._status
/Users/tatsheen/claw-repos/oss-index/roblox/AeroGameFramework/src/ReplicatedStorage/Aero/Shared/Promise.lua:843:	return Promise._new(traceback, function(resolve, reject)
/Users/tatsheen/claw-repos/oss-index/roblox/AeroGameFramework/src/ReplicatedStorage/Aero/Shared/Promise.lua:899:	return self:_andThen(debug.traceback(nil, 2), successHandler, failureHandler)
/Users/tatsheen/claw-repos/oss-index/roblox/AeroGameFramework/src/ReplicatedStorage/Aero/Shared/Promise.lua:912:	return self:_andThen(debug.traceback(nil, 2), nil, failureCallback)
/Users/tatsheen/claw-repos/oss-index/roblox/AeroGameFramework/src/ReplicatedStorage/Aero/Shared/Promise.lua:922:	return self:_andThen(debug.traceback(nil, 2), function(...)
/Users/tatsheen/claw-repos/oss-index/roblox/AeroGameFramework/src/ReplicatedStorage/Aero/Shared/Promise.lua:927:			return callbackReturn:andThen(function()
/Users/tatsheen/claw-repos/oss-index/roblox/AeroGameFramework/src/ReplicatedStorage/Aero/Shared/Promise.lua:928:				return unpack(values, 1, length)
/Users/tatsheen/claw-repos/oss-index/roblox/AeroGameFramework/src/ReplicatedStorage/Aero/Shared/Promise.lua:932:		return ...
/Users/tatsheen/claw-repos/oss-index/roblox/AeroGameFramework/src/ReplicatedStorage/Aero/Shared/Promise.lua:943:	return self:_andThen(debug.traceback(nil, 2), function()
/Users/tatsheen/claw-repos/oss-index/roblox/AeroGameFramework/src/ReplicatedStorage/Aero/Shared/Promise.lua:944:		return callback(unpack(values, 1, length))
/Users/tatsheen/claw-repos/oss-index/roblox/AeroGameFramework/src/ReplicatedStorage/Aero/Shared/Promise.lua:955:	return self:_andThen(debug.traceback(nil, 2), function()
/Users/tatsheen/claw-repos/oss-index/roblox/AeroGameFramework/src/ReplicatedStorage/Aero/Shared/Promise.lua:956:		return unpack(values, 1, length)
/Users/tatsheen/claw-repos/oss-index/roblox/AeroGameFramework/src/ReplicatedStorage/Aero/Shared/Promise.lua:1015:	return Promise._new(traceback, function(resolve, reject)
/Users/tatsheen/claw-repos/oss-index/roblox/AeroGameFramework/src/ReplicatedStorage/Aero/Shared/Promise.lua:1030:					return resolve(self)
/Users/tatsheen/claw-repos/oss-index/roblox/AeroGameFramework/src/ReplicatedStorage/Aero/Shared/Promise.lua:1033:				return callback(...)
/Users/tatsheen/claw-repos/oss-index/roblox/AeroGameFramework/src/ReplicatedStorage/Aero/Shared/Promise.lua:1052:	return self:_finally(debug.traceback(nil, 2), finallyHandler)
/Users/tatsheen/claw-repos/oss-index/roblox/AeroGameFramework/src/ReplicatedStorage/Aero/Shared/Promise.lua:1062:	return self:_finally(debug.traceback(nil, 2), function()
/Users/tatsheen/claw-repos/oss-index/roblox/AeroGameFramework/src/ReplicatedStorage/Aero/Shared/Promise.lua:1063:		return callback(unpack(values, 1, length))
/Users/tatsheen/claw-repos/oss-index/roblox/AeroGameFramework/src/ReplicatedStorage/Aero/Shared/Promise.lua:1073:	return self:_finally(debug.traceback(nil, 2), function()
/Users/tatsheen/claw-repos/oss-index/roblox/AeroGameFramework/src/ReplicatedStorage/Aero/Shared/Promise.lua:1074:		return unpack(values, 1, length)
/Users/tatsheen/claw-repos/oss-index/roblox/AeroGameFramework/src/ReplicatedStorage/Aero/Shared/Promise.lua:1087:	return self:_finally(debug.traceback(nil, 2), finallyHandler, true)
/Users/tatsheen/claw-repos/oss-index/roblox/AeroGameFramework/src/ReplicatedStorage/Aero/Shared/Promise.lua:1097:	return self:_finally(debug.traceback(nil, 2), function()
/Users/tatsheen/claw-repos/oss-index/roblox/AeroGameFramework/src/ReplicatedStorage/Aero/Shared/Promise.lua:1098:		return callback(unpack(values, 1, length))
/Users/tatsheen/claw-repos/oss-index/roblox/AeroGameFramework/src/ReplicatedStorage/Aero/Shared/Promise.lua:1108:	return self:_finally(debug.traceback(nil, 2), function()
/Users/tatsheen/claw-repos/oss-index/roblox/AeroGameFramework/src/ReplicatedStorage/Aero/Shared/Promise.lua:1109:		return unpack(values, 1, length)
/Users/tatsheen/claw-repos/oss-index/roblox/AeroGameFramework/src/ReplicatedStorage/Aero/Shared/Promise.lua:1134:		return self._status, unpack(self._values, 1, self._valuesLength)
/Users/tatsheen/claw-repos/oss-index/roblox/AeroGameFramework/src/ReplicatedStorage/Aero/Shared/Promise.lua:1136:		return self._status, unpack(self._values, 1, self._valuesLength)
/Users/tatsheen/claw-repos/oss-index/roblox/AeroGameFramework/src/ReplicatedStorage/Aero/Shared/Promise.lua:1139:	return self._status
/Users/tatsheen/claw-repos/oss-index/roblox/AeroGameFramework/src/ReplicatedStorage/Aero/Shared/Promise.lua:1144:	return status == Promise.Status.Resolved, ...
/Users/tatsheen/claw-repos/oss-index/roblox/AeroGameFramework/src/ReplicatedStorage/Aero/Shared/Promise.lua:1151:	return awaitHelper(self:awaitStatus())
/Users/tatsheen/claw-repos/oss-index/roblox/AeroGameFramework/src/ReplicatedStorage/Aero/Shared/Promise.lua:1160:	return ...
/Users/tatsheen/claw-repos/oss-index/roblox/AeroGameFramework/src/ReplicatedStorage/Aero/Shared/Promise.lua:1168:	return expectHelper(self:awaitStatus())
/Users/tatsheen/claw-repos/oss-index/roblox/AeroGameFramework/src/ReplicatedStorage/Aero/Shared/Promise.lua:1190:	return success, unpack(self._values, 1, self._valuesLength)
/Users/tatsheen/claw-repos/oss-index/roblox/AeroGameFramework/src/ReplicatedStorage/Aero/Shared/Promise.lua:1232:					return self:_reject(maybeRuntimeError:extend({
/Users/tatsheen/claw-repos/oss-index/roblox/AeroGameFramework/src/ReplicatedStorage/Aero/Shared/Promise.lua:1348:		return self:_andThen(traceback, function(...)
/Users/tatsheen/claw-repos/oss-index/roblox/AeroGameFramework/src/ReplicatedStorage/Aero/Shared/Promise.lua:1349:			return ...
/Users/tatsheen/claw-repos/oss-index/roblox/AeroGameFramework/src/ReplicatedStorage/Aero/Shared/Promise.lua:1352:		return Promise.reject(rejectionValue == nil and Error.new({
/Users/tatsheen/claw-repos/oss-index/roblox/AeroGameFramework/src/ReplicatedStorage/Aero/Shared/Promise.lua:1370:	return Promise.resolve(callback(...)):catch(function(...)
/Users/tatsheen/claw-repos/oss-index/roblox/AeroGameFramework/src/ReplicatedStorage/Aero/Shared/Promise.lua:1372:			return Promise.retry(callback, times - 1, unpack(args, 1, length))
/Users/tatsheen/claw-repos/oss-index/roblox/AeroGameFramework/src/ReplicatedStorage/Aero/Shared/Promise.lua:1374:			return Promise.reject(...)
/Users/tatsheen/claw-repos/oss-index/roblox/AeroGameFramework/src/ReplicatedStorage/Aero/Shared/Promise.lua:1385:		return true
/Users/tatsheen/claw-repos/oss-index/roblox/AeroGameFramework/src/ReplicatedStorage/Aero/Shared/Promise.lua:1388:	return Promise._new(debug.traceback(nil, 2), function(resolve, _reject, onCancel)
/Users/tatsheen/claw-repos/oss-index/roblox/AeroGameFramework/src/ReplicatedStorage/Aero/Shared/Promise.lua:1418:			return disconnect()
/Users/tatsheen/claw-repos/oss-index/roblox/AeroGameFramework/src/ReplicatedStorage/Aero/Shared/Promise.lua:1428:return Promise
/Users/tatsheen/claw-repos/oss-index/roblox/AeroGameFramework/src/ReplicatedStorage/Aero/Shared/Maid.lua:43:	return self
/Users/tatsheen/claw-repos/oss-index/roblox/AeroGameFramework/src/ReplicatedStorage/Aero/Shared/Maid.lua:51:		return Maid[index]
/Users/tatsheen/claw-repos/oss-index/roblox/AeroGameFramework/src/ReplicatedStorage/Aero/Shared/Maid.lua:53:		return self._tasks[index]
/Users/tatsheen/claw-repos/oss-index/roblox/AeroGameFramework/src/ReplicatedStorage/Aero/Shared/Maid.lua:102:	return taskId
/Users/tatsheen/claw-repos/oss-index/roblox/AeroGameFramework/src/ReplicatedStorage/Aero/Shared/Maid.lua:109:		return promise
/Users/tatsheen/claw-repos/oss-index/roblox/AeroGameFramework/src/ReplicatedStorage/Aero/Shared/Maid.lua:116:	return newPromise
/Users/tatsheen/claw-repos/oss-index/roblox/AeroGameFramework/src/ReplicatedStorage/Aero/Shared/Maid.lua:160:return Maid
/Users/tatsheen/claw-repos/oss-index/roblox/AeroGameFramework/src/ReplicatedStorage/Aero/Internal/Settings.lua:42:	return s
/Users/tatsheen/claw-repos/oss-index/roblox/AeroGameFramework/src/ReplicatedStorage/Aero/Internal/Settings.lua:53:		return settingsTbl
/Users/tatsheen/claw-repos/oss-index/roblox/AeroGameFramework/src/ReplicatedStorage/Aero/Internal/Settings.lua:72:	return settingsTbl
/Users/tatsheen/claw-repos/oss-index/roblox/AeroGameFramework/src/ReplicatedStorage/Aero/Internal/Settings.lua:78:	return (moduleScript:IsA("ModuleScript") and moduleScript.Name:match(SUFFIX .. "$") ~= nil)
/Users/tatsheen/claw-repos/oss-index/roblox/AeroGameFramework/src/ReplicatedStorage/Aero/Internal/Settings.lua:82:return Settings
/Users/tatsheen/claw-repos/oss-index/roblox/AeroGameFramework/src/ReplicatedStorage/Aero/Shared/StringUtil.lua:176:	return escaped
/Users/tatsheen/claw-repos/oss-index/roblox/AeroGameFramework/src/ReplicatedStorage/Aero/Shared/StringUtil.lua:181:	return str:match("^%s*(.-)%s*$")
/Users/tatsheen/claw-repos/oss-index/roblox/AeroGameFramework/src/ReplicatedStorage/Aero/Shared/StringUtil.lua:186:	return str:match("^%s*(.+)")
/Users/tatsheen/claw-repos/oss-index/roblox/AeroGameFramework/src/ReplicatedStorage/Aero/Shared/StringUtil.lua:191:	return str:match("(.-)%s*$")
/Users/tatsheen/claw-repos/oss-index/roblox/AeroGameFramework/src/ReplicatedStorage/Aero/Shared/StringUtil.lua:196:	return str:gsub("%s+", " ")
/Users/tatsheen/claw-repos/oss-index/roblox/AeroGameFramework/src/ReplicatedStorage/Aero/Shared/StringUtil.lua:201:	return str:gsub("%s+", "")
/Users/tatsheen/claw-repos/oss-index/roblox/AeroGameFramework/src/ReplicatedStorage/Aero/Shared/StringUtil.lua:206:	return str:match(StringUtil.Escape(ends) .. "$") ~= nil
/Users/tatsheen/claw-repos/oss-index/roblox/AeroGameFramework/src/ReplicatedStorage/Aero/Shared/StringUtil.lua:211:	return str:match("^" .. StringUtil.Escape(starts)) ~= nil
/Users/tatsheen/claw-repos/oss-index/roblox/AeroGameFramework/src/ReplicatedStorage/Aero/Shared/StringUtil.lua:216:	return str:find(contains) ~= nil
/Users/tatsheen/claw-repos/oss-index/roblox/AeroGameFramework/src/ReplicatedStorage/Aero/Shared/StringUtil.lua:230:		return table.concat(str, "")
/Users/tatsheen/claw-repos/oss-index/roblox/AeroGameFramework/src/ReplicatedStorage/Aero/Shared/StringUtil.lua:233:	return sb
/Users/tatsheen/claw-repos/oss-index/roblox/AeroGameFramework/src/ReplicatedStorage/Aero/Shared/StringUtil.lua:243:	return chars
/Users/tatsheen/claw-repos/oss-index/roblox/AeroGameFramework/src/ReplicatedStorage/Aero/Shared/StringUtil.lua:251:		return table.pack(str:byte(1, #str))
/Users/tatsheen/claw-repos/oss-index/roblox/AeroGameFramework/src/ReplicatedStorage/Aero/Shared/StringUtil.lua:257:	return bytes
/Users/tatsheen/claw-repos/oss-index/roblox/AeroGameFramework/src/ReplicatedStorage/Aero/Shared/StringUtil.lua:264:		return string.char(table.unpack(bytes))
/Users/tatsheen/claw-repos/oss-index/roblox/AeroGameFramework/src/ReplicatedStorage/Aero/Shared/StringUtil.lua:272:	return table.concat(stringBuild, "")
/Users/tatsheen/claw-repos/oss-index/roblox/AeroGameFramework/src/ReplicatedStorage/Aero/Shared/StringUtil.lua:277:	return (str1:lower() == str2:lower())
/Users/tatsheen/claw-repos/oss-index/roblox/AeroGameFramework/src/ReplicatedStorage/Aero/Shared/StringUtil.lua:283:	return str:sub(1, 1):lower() .. str:sub(2)
/Users/tatsheen/claw-repos/oss-index/roblox/AeroGameFramework/src/ReplicatedStorage/Aero/Shared/StringUtil.lua:289:	return str:sub(1, 1):upper() .. str:sub(2)
/Users/tatsheen/claw-repos/oss-index/roblox/AeroGameFramework/src/ReplicatedStorage/Aero/Shared/StringUtil.lua:296:	return str
/Users/tatsheen/claw-repos/oss-index/roblox/AeroGameFramework/src/ReplicatedStorage/Aero/Shared/StringUtil.lua:303:	return str
/Users/tatsheen/claw-repos/oss-index/roblox/AeroGameFramework/src/ReplicatedStorage/Aero/Shared/StringUtil.lua:310:return StringUtil
/Users/tatsheen/claw-repos/oss-index/roblox/AeroGameFramework/src/ReplicatedStorage/Aero/Shared/Thread.lua:146:	return hb
/Users/tatsheen/claw-repos/oss-index/roblox/AeroGameFramework/src/ReplicatedStorage/Aero/Shared/Thread.lua:160:	return hb
/Users/tatsheen/claw-repos/oss-index/roblox/AeroGameFramework/src/ReplicatedStorage/Aero/Shared/Thread.lua:164:return Thread
/Users/tatsheen/claw-repos/oss-index/roblox/AeroGameFramework/src/StarterPlayer/StarterPlayerScripts/Aero/Controllers/UserInput/Mobile.lua:41:	return Ray.new(viewportMouseRay.Origin, viewportMouseRay.Direction * RAY_DISTANCE)
/Users/tatsheen/claw-repos/oss-index/roblox/AeroGameFramework/src/StarterPlayer/StarterPlayerScripts/Aero/Controllers/UserInput/Mobile.lua:47:	return workspace:FindPartOnRay(self:GetRay(position), ignoreDescendantsInstance, terrainCellsAreCubes, ignoreWater)
/Users/tatsheen/claw-repos/oss-index/roblox/AeroGameFramework/src/StarterPlayer/StarterPlayerScripts/Aero/Controllers/UserInput/Mobile.lua:53:	return workspace:FindPartOnRayWithIgnoreList(self:GetRay(position), ignoreDescendantsTable, terrainCellsAreCubes, ignoreWater)
/Users/tatsheen/claw-repos/oss-index/roblox/AeroGameFramework/src/StarterPlayer/StarterPlayerScripts/Aero/Controllers/UserInput/Mobile.lua:59:	return workspace:FindPartOnRayWithWhitelist(self:GetRay(position), whitelistDescendantsTable, ignoreWater)
/Users/tatsheen/claw-repos/oss-index/roblox/AeroGameFramework/src/StarterPlayer/StarterPlayerScripts/Aero/Controllers/UserInput/Mobile.lua:66:	return workspace:Raycast(viewportMouseRay.Origin, viewportMouseRay.Direction * (distance or RAY_DISTANCE), raycastParams)
/Users/tatsheen/claw-repos/oss-index/roblox/AeroGameFramework/src/StarterPlayer/StarterPlayerScripts/Aero/Controllers/UserInput/Mobile.lua:142:return Mobile
/Users/tatsheen/claw-repos/oss-index/roblox/AeroGameFramework/src/StarterPlayer/StarterPlayerScripts/Aero/Controllers/TaskScheduler.lua:152:	return scheduler
/Users/tatsheen/claw-repos/oss-index/roblox/AeroGameFramework/src/StarterPlayer/StarterPlayerScripts/Aero/Controllers/TaskScheduler.lua:157:return TaskScheduler
/Users/tatsheen/claw-repos/oss-index/roblox/AeroGameFramework/src/ReplicatedStorage/Aero/Shared/VectorUtil.lua:47:	return (vector.Magnitude > maxMagnitude and (vector.Unit * maxMagnitude) or vector)
/Users/tatsheen/claw-repos/oss-index/roblox/AeroGameFramework/src/ReplicatedStorage/Aero/Shared/VectorUtil.lua:52:	return math.acos(math.clamp(vector1.Unit:Dot(vector2.Unit), -1, 1))
/Users/tatsheen/claw-repos/oss-index/roblox/AeroGameFramework/src/ReplicatedStorage/Aero/Shared/VectorUtil.lua:58:	return angle * math.sign(axisVector:Dot(vector1:Cross(vector2)))
/Users/tatsheen/claw-repos/oss-index/roblox/AeroGameFramework/src/ReplicatedStorage/Aero/Shared/VectorUtil.lua:62:return VectorUtil
/Users/tatsheen/claw-repos/oss-index/roblox/AeroGameFramework/src/ReplicatedStorage/Aero/Shared/NumberUtil.lua:91:	return (min + ((max - min) * alpha))
/Users/tatsheen/claw-repos/oss-index/roblox/AeroGameFramework/src/ReplicatedStorage/Aero/Shared/NumberUtil.lua:96:	return NumberUtil.Lerp(min, max, math.clamp(alpha, 0, 1))
/Users/tatsheen/claw-repos/oss-index/roblox/AeroGameFramework/src/ReplicatedStorage/Aero/Shared/NumberUtil.lua:101:	return ((num - min) / (max - min))
/Users/tatsheen/claw-repos/oss-index/roblox/AeroGameFramework/src/ReplicatedStorage/Aero/Shared/NumberUtil.lua:106:	return (outMin + ((outMax - outMin) * ((n - inMin) / (inMax - inMin))))
/Users/tatsheen/claw-repos/oss-index/roblox/AeroGameFramework/src/ReplicatedStorage/Aero/Shared/NumberUtil.lua:111:	return (num >= 0 and math.floor(num + 0.5) or math.ceil(num - 0.5))
/Users/tatsheen/claw-repos/oss-index/roblox/AeroGameFramework/src/ReplicatedStorage/Aero/Shared/NumberUtil.lua:116:	return NumberUtil.Round(num / multiple) * multiple
/Users/tatsheen/claw-repos/oss-index/roblox/AeroGameFramework/src/ReplicatedStorage/Aero/Shared/NumberUtil.lua:120:return NumberUtil
/Users/tatsheen/claw-repos/oss-index/roblox/AeroGameFramework/src/StarterPlayer/StarterPlayerScripts/Aero/Controllers/UserInput/Keyboard.lua:24:	return userInput:IsKeyDown(keyCode)
/Users/tatsheen/claw-repos/oss-index/roblox/AeroGameFramework/src/StarterPlayer/StarterPlayerScripts/Aero/Controllers/UserInput/Keyboard.lua:31:			return false
/Users/tatsheen/claw-repos/oss-index/roblox/AeroGameFramework/src/StarterPlayer/StarterPlayerScripts/Aero/Controllers/UserInput/Keyboard.lua:34:	return true
/Users/tatsheen/claw-repos/oss-index/roblox/AeroGameFramework/src/StarterPlayer/StarterPlayerScripts/Aero/Controllers/UserInput/Keyboard.lua:41:			return true
/Users/tatsheen/claw-repos/oss-index/roblox/AeroGameFramework/src/StarterPlayer/StarterPlayerScripts/Aero/Controllers/UserInput/Keyboard.lua:44:	return false
/Users/tatsheen/claw-repos/oss-index/roblox/AeroGameFramework/src/StarterPlayer/StarterPlayerScripts/Aero/Controllers/UserInput/Keyboard.lua:75:return Keyboard
/Users/tatsheen/claw-repos/oss-index/roblox/AeroGameFramework/src/ReplicatedStorage/Aero/Shared/TableUtil.lua:105:				return {Name = item.firstName .. " " .. item.lastName}
/Users/tatsheen/claw-repos/oss-index/roblox/AeroGameFramework/src/ReplicatedStorage/Aero/Shared/TableUtil.lua:125:				return item.Age < 40
/Users/tatsheen/claw-repos/oss-index/roblox/AeroGameFramework/src/ReplicatedStorage/Aero/Shared/TableUtil.lua:136:				return accumulator + value
/Users/tatsheen/claw-repos/oss-index/roblox/AeroGameFramework/src/ReplicatedStorage/Aero/Shared/TableUtil.lua:148:				return {
/Users/tatsheen/claw-repos/oss-index/roblox/AeroGameFramework/src/ReplicatedStorage/Aero/Shared/TableUtil.lua:154:				return {
/Users/tatsheen/claw-repos/oss-index/roblox/AeroGameFramework/src/ReplicatedStorage/Aero/Shared/TableUtil.lua:165:				return TableUtil.Assign({}, Driver(), Teleporter())
/Users/tatsheen/claw-repos/oss-index/roblox/AeroGameFramework/src/ReplicatedStorage/Aero/Shared/TableUtil.lua:226:	return tCopy
/Users/tatsheen/claw-repos/oss-index/roblox/AeroGameFramework/src/ReplicatedStorage/Aero/Shared/TableUtil.lua:233:	return tCopy
/Users/tatsheen/claw-repos/oss-index/roblox/AeroGameFramework/src/ReplicatedStorage/Aero/Shared/TableUtil.lua:300:	return newT
/Users/tatsheen/claw-repos/oss-index/roblox/AeroGameFramework/src/ReplicatedStorage/Aero/Shared/TableUtil.lua:324:	return newT
/Users/tatsheen/claw-repos/oss-index/roblox/AeroGameFramework/src/ReplicatedStorage/Aero/Shared/TableUtil.lua:336:	return result
/Users/tatsheen/claw-repos/oss-index/roblox/AeroGameFramework/src/ReplicatedStorage/Aero/Shared/TableUtil.lua:347:	return target
/Users/tatsheen/claw-repos/oss-index/roblox/AeroGameFramework/src/ReplicatedStorage/Aero/Shared/TableUtil.lua:367:		return (tostring(a.k) < tostring(b.k))
/Users/tatsheen/claw-repos/oss-index/roblox/AeroGameFramework/src/ReplicatedStorage/Aero/Shared/TableUtil.lua:415:	return tblRev
/Users/tatsheen/claw-repos/oss-index/roblox/AeroGameFramework/src/ReplicatedStorage/Aero/Shared/TableUtil.lua:430:	return (next(tbl) == nil)
/Users/tatsheen/claw-repos/oss-index/roblox/AeroGameFramework/src/ReplicatedStorage/Aero/Shared/TableUtil.lua:435:	return http:JSONEncode(tbl)
/Users/tatsheen/claw-repos/oss-index/roblox/AeroGameFramework/src/ReplicatedStorage/Aero/Shared/TableUtil.lua:440:	return http:JSONDecode(str)
/Users/tatsheen/claw-repos/oss-index/roblox/AeroGameFramework/src/ReplicatedStorage/Aero/Shared/TableUtil.lua:448:		return true, index
/Users/tatsheen/claw-repos/oss-index/roblox/AeroGameFramework/src/ReplicatedStorage/Aero/Shared/TableUtil.lua:450:	return false, nil
/Users/tatsheen/claw-repos/oss-index/roblox/AeroGameFramework/src/ReplicatedStorage/Aero/Shared/TableUtil.lua:472:return TableUtil
/Users/tatsheen/claw-repos/oss-index/roblox/AeroGameFramework/src/StarterPlayer/StarterPlayerScripts/Aero/Controllers/UserInput/Mouse.lua:45:	return userInput:GetMouseLocation()
/Users/tatsheen/claw-repos/oss-index/roblox/AeroGameFramework/src/StarterPlayer/StarterPlayerScripts/Aero/Controllers/UserInput/Mouse.lua:50:	return userInput:GetMouseDelta()
/Users/tatsheen/claw-repos/oss-index/roblox/AeroGameFramework/src/StarterPlayer/StarterPlayerScripts/Aero/Controllers/UserInput/Mouse.lua:80:	return userInput.MouseIconEnabled
/Users/tatsheen/claw-repos/oss-index/roblox/AeroGameFramework/src/StarterPlayer/StarterPlayerScripts/Aero/Controllers/UserInput/Mouse.lua:85:	return userInput:IsMouseButtonPressed(mouseButton)
/Users/tatsheen/claw-repos/oss-index/roblox/AeroGameFramework/src/StarterPlayer/StarterPlayerScripts/Aero/Controllers/UserInput/Mouse.lua:92:	return Ray.new(viewportMouseRay.Origin, viewportMouseRay.Direction * distance)
/Users/tatsheen/claw-repos/oss-index/roblox/AeroGameFramework/src/StarterPlayer/StarterPlayerScripts/Aero/Controllers/UserInput/Mouse.lua:98:	return Ray.new(viewportMouseRay.Origin, viewportMouseRay.Direction)
/Users/tatsheen/claw-repos/oss-index/roblox/AeroGameFramework/src/StarterPlayer/StarterPlayerScripts/Aero/Controllers/UserInput/Mouse.lua:104:	return workspace:FindPartOnRay(self:GetRay(RAY_DISTANCE), ignoreDescendantsInstance, terrainCellsAreCubes, ignoreWater)
/Users/tatsheen/claw-repos/oss-index/roblox/AeroGameFramework/src/StarterPlayer/StarterPlayerScripts/Aero/Controllers/UserInput/Mouse.lua:110:	return workspace:FindPartOnRayWithIgnoreList(self:GetRay(RAY_DISTANCE), ignoreDescendantsTable, terrainCellsAreCubes, ignoreWater)
/Users/tatsheen/claw-repos/oss-index/roblox/AeroGameFramework/src/StarterPlayer/StarterPlayerScripts/Aero/Controllers/UserInput/Mouse.lua:116:	return workspace:FindPartOnRayWithWhitelist(self:GetRay(RAY_DISTANCE), whitelistDescendantsTable, ignoreWater)
/Users/tatsheen/claw-repos/oss-index/roblox/AeroGameFramework/src/StarterPlayer/StarterPlayerScripts/Aero/Controllers/UserInput/Mouse.lua:123:	return workspace:Raycast(viewportMouseRay.Origin, viewportMouseRay.Direction * (distance or RAY_DISTANCE), raycastParams)
/Users/tatsheen/claw-repos/oss-index/roblox/AeroGameFramework/src/StarterPlayer/StarterPlayerScripts/Aero/Controllers/UserInput/Mouse.lua:172:return Mouse
/Users/tatsheen/claw-repos/oss-index/roblox/AeroGameFramework/src/ReplicatedStorage/Aero/Shared/Signal.lua:35:	return self
/Users/tatsheen/claw-repos/oss-index/roblox/AeroGameFramework/src/ReplicatedStorage/Aero/Shared/Signal.lua:57:		return self._conn.Connected
/Users/tatsheen/claw-repos/oss-index/roblox/AeroGameFramework/src/ReplicatedStorage/Aero/Shared/Signal.lua:59:	return false
/Users/tatsheen/claw-repos/oss-index/roblox/AeroGameFramework/src/ReplicatedStorage/Aero/Shared/Signal.lua:81:	return self
/Users/tatsheen/claw-repos/oss-index/roblox/AeroGameFramework/src/ReplicatedStorage/Aero/Shared/Signal.lua:89:	return signal
/Users/tatsheen/claw-repos/oss-index/roblox/AeroGameFramework/src/ReplicatedStorage/Aero/Shared/Signal.lua:94:	return (type(obj) == "table" and getmetatable(obj) == Signal)
/Users/tatsheen/claw-repos/oss-index/roblox/AeroGameFramework/src/ReplicatedStorage/Aero/Shared/Signal.lua:134:	return table.unpack(args[2], 1, args[2].n)
/Users/tatsheen/claw-repos/oss-index/roblox/AeroGameFramework/src/ReplicatedStorage/Aero/Shared/Signal.lua:139:	return Promise.new(function(resolve)
/Users/tatsheen/claw-repos/oss-index/roblox/AeroGameFramework/src/ReplicatedStorage/Aero/Shared/Signal.lua:155:	return connection
/Users/tatsheen/claw-repos/oss-index/roblox/AeroGameFramework/src/ReplicatedStorage/Aero/Shared/Signal.lua:182:return Signal
/Users/tatsheen/claw-repos/oss-index/roblox/AeroGameFramework/src/StarterPlayer/StarterPlayerScripts/Aero/Controllers/Fade.lua:262:	return fadeGui
/Users/tatsheen/claw-repos/oss-index/roblox/AeroGameFramework/src/StarterPlayer/StarterPlayerScripts/Aero/Controllers/Fade.lua:267:	return fade
/Users/tatsheen/claw-repos/oss-index/roblox/AeroGameFramework/src/StarterPlayer/StarterPlayerScripts/Aero/Controllers/Fade.lua:272:	return label
/Users/tatsheen/claw-repos/oss-index/roblox/AeroGameFramework/src/StarterPlayer/StarterPlayerScripts/Aero/Controllers/Fade.lua:288:return Fade
/Users/tatsheen/claw-repos/oss-index/roblox/AeroGameFramework/src/StarterPlayer/StarterPlayerScripts/Aero/Controllers/UserInput/Gamepad.lua:45:		return gamepadsByInputType[gamepad]
/Users/tatsheen/claw-repos/oss-index/roblox/AeroGameFramework/src/StarterPlayer/StarterPlayerScripts/Aero/Controllers/UserInput/Gamepad.lua:92:	return self
/Users/tatsheen/claw-repos/oss-index/roblox/AeroGameFramework/src/StarterPlayer/StarterPlayerScripts/Aero/Controllers/UserInput/Gamepad.lua:130:	return userInput:IsGamepadButtonDown(self._gamepadInput, keyCode)
/Users/tatsheen/claw-repos/oss-index/roblox/AeroGameFramework/src/StarterPlayer/StarterPlayerScripts/Aero/Controllers/UserInput/Gamepad.lua:135:	return self._isConnected
/Users/tatsheen/claw-repos/oss-index/roblox/AeroGameFramework/src/StarterPlayer/StarterPlayerScripts/Aero/Controllers/UserInput/Gamepad.lua:140:	return self._state[keyCode]
/Users/tatsheen/claw-repos/oss-index/roblox/AeroGameFramework/src/StarterPlayer/StarterPlayerScripts/Aero/Controllers/UserInput/Gamepad.lua:150:	return hapticService:IsMotorSupported(self._gamepadInput, motor)
/Users/tatsheen/claw-repos/oss-index/roblox/AeroGameFramework/src/StarterPlayer/StarterPlayerScripts/Aero/Controllers/UserInput/Gamepad.lua:155:	return hapticService:IsVibrationSupported(self._gamepadInput)
/Users/tatsheen/claw-repos/oss-index/roblox/AeroGameFramework/src/StarterPlayer/StarterPlayerScripts/Aero/Controllers/UserInput/Gamepad.lua:165:	return hapticService:GetMotor(self._gamepadInput, motor)
/Users/tatsheen/claw-repos/oss-index/roblox/AeroGameFramework/src/StarterPlayer/StarterPlayerScripts/Aero/Controllers/UserInput/Gamepad.lua:178:		return 0
/Users/tatsheen/claw-repos/oss-index/roblox/AeroGameFramework/src/StarterPlayer/StarterPlayerScripts/Aero/Controllers/UserInput/Gamepad.lua:180:		return InverseLerp(deadzoneThreshold, 1, abs(value)) * (value > 0 and 1 or -1)
/Users/tatsheen/claw-repos/oss-index/roblox/AeroGameFramework/src/StarterPlayer/StarterPlayerScripts/Aero/Controllers/UserInput/Gamepad.lua:195:return Gamepad
/Users/tatsheen/claw-repos/oss-index/roblox/AeroGameFramework/src/ReplicatedStorage/Aero/Shared/Date.lua:8:	return UTC time. On the client, this will return local time.
/Users/tatsheen/claw-repos/oss-index/roblox/AeroGameFramework/src/ReplicatedStorage/Aero/Shared/Date.lua:97:	return tCopy
/Users/tatsheen/claw-repos/oss-index/roblox/AeroGameFramework/src/ReplicatedStorage/Aero/Shared/Date.lua:131:	return self
/Users/tatsheen/claw-repos/oss-index/roblox/AeroGameFramework/src/ReplicatedStorage/Aero/Shared/Date.lua:139:		return game:GetService("HttpService"):JSONDecode(jsonStr)
/Users/tatsheen/claw-repos/oss-index/roblox/AeroGameFramework/src/ReplicatedStorage/Aero/Shared/Date.lua:150:	return Date.new(seconds)
/Users/tatsheen/claw-repos/oss-index/roblox/AeroGameFramework/src/ReplicatedStorage/Aero/Shared/Date.lua:161:	return self._s
/Users/tatsheen/claw-repos/oss-index/roblox/AeroGameFramework/src/ReplicatedStorage/Aero/Shared/Date.lua:167:	return (self._d.hour - dUTC.hour)
/Users/tatsheen/claw-repos/oss-index/roblox/AeroGameFramework/src/ReplicatedStorage/Aero/Shared/Date.lua:174:	return ("%.2i-%.2i-%.2iT%.2i:%.2i:%.2i.%.3i"):format(
/Users/tatsheen/claw-repos/oss-index/roblox/AeroGameFramework/src/ReplicatedStorage/Aero/Shared/Date.lua:188:	return ("%s %s %i %i"):format(
/Users/tatsheen/claw-repos/oss-index/roblox/AeroGameFramework/src/ReplicatedStorage/Aero/Shared/Date.lua:199:	return ("%.2i:%.2i:%.2i"):format(
/Users/tatsheen/claw-repos/oss-index/roblox/AeroGameFramework/src/ReplicatedStorage/Aero/Shared/Date.lua:208:	return (self:ToDateString() .. " " .. self:ToTimeString())
/Users/tatsheen/claw-repos/oss-index/roblox/AeroGameFramework/src/ReplicatedStorage/Aero/Shared/Date.lua:213:	return Date.new(self._s, true)
/Users/tatsheen/claw-repos/oss-index/roblox/AeroGameFramework/src/ReplicatedStorage/Aero/Shared/Date.lua:218:	return Date.new(self._s, false)
/Users/tatsheen/claw-repos/oss-index/roblox/AeroGameFramework/src/ReplicatedStorage/Aero/Shared/Date.lua:262:	return str
/Users/tatsheen/claw-repos/oss-index/roblox/AeroGameFramework/src/ReplicatedStorage/Aero/Shared/Date.lua:274:	return (d1._s < d2._s)
/Users/tatsheen/claw-repos/oss-index/roblox/AeroGameFramework/src/ReplicatedStorage/Aero/Shared/Date.lua:279:	return (d1._s <= d2._s)
/Users/tatsheen/claw-repos/oss-index/roblox/AeroGameFramework/src/ReplicatedStorage/Aero/Shared/Date.lua:284:	return (d1._s == d2._s)
/Users/tatsheen/claw-repos/oss-index/roblox/AeroGameFramework/src/ReplicatedStorage/Aero/Shared/Date.lua:289:	return Date.new(-d._s)
/Users/tatsheen/claw-repos/oss-index/roblox/AeroGameFramework/src/ReplicatedStorage/Aero/Shared/Date.lua:293:return Date
/Users/tatsheen/claw-repos/oss-index/roblox/AeroGameFramework/src/StarterPlayer/StarterPlayerScripts/Aero/Controllers/UserInput/init.lua:47:	return modules[moduleName]
/Users/tatsheen/claw-repos/oss-index/roblox/AeroGameFramework/src/StarterPlayer/StarterPlayerScripts/Aero/Controllers/UserInput/init.lua:106:	return self._preferred
/Users/tatsheen/claw-repos/oss-index/roblox/AeroGameFramework/src/StarterPlayer/StarterPlayerScripts/Aero/Controllers/UserInput/init.lua:110:return UserInput
/Users/tatsheen/claw-repos/oss-index/roblox/AeroGameFramework/src/StarterPlayer/StarterPlayerScripts/Aero/Modules/PID.lua:46:	return self
/Users/tatsheen/claw-repos/oss-index/roblox/AeroGameFramework/src/StarterPlayer/StarterPlayerScripts/Aero/Modules/PID.lua:65:	return output
/Users/tatsheen/claw-repos/oss-index/roblox/AeroGameFramework/src/StarterPlayer/StarterPlayerScripts/Aero/Modules/PID.lua:75:return PID
/Users/tatsheen/claw-repos/oss-index/roblox/AeroGameFramework/src/StarterPlayer/StarterPlayerScripts/Aero/Modules/Smooth/SmoothDamp.lua:36:	return (n > 3.1415926535898 and (n - 6.2831853071796) or n)
/Users/tatsheen/claw-repos/oss-index/roblox/AeroGameFramework/src/StarterPlayer/StarterPlayerScripts/Aero/Modules/Smooth/SmoothDamp.lua:40:	return Vector3.new(DeltaAngle(p1.X, p2.X), DeltaAngle(p1.Y, p2.Y), DeltaAngle(p1.Z, p2.Z))
/Users/tatsheen/claw-repos/oss-index/roblox/AeroGameFramework/src/StarterPlayer/StarterPlayerScripts/Aero/Modules/Smooth/SmoothDamp.lua:49:	return setmetatable({
/Users/tatsheen/claw-repos/oss-index/roblox/AeroGameFramework/src/StarterPlayer/StarterPlayerScripts/Aero/Modules/Smooth/SmoothDamp.lua:84:	return vector4
/Users/tatsheen/claw-repos/oss-index/roblox/AeroGameFramework/src/StarterPlayer/StarterPlayerScripts/Aero/Modules/Smooth/SmoothDamp.lua:88:	return self:Update(current, (current + DeltaAngleV3(current, target)), smoothTime)
/Users/tatsheen/claw-repos/oss-index/roblox/AeroGameFramework/src/StarterPlayer/StarterPlayerScripts/Aero/Modules/Smooth/SmoothDamp.lua:91:return SmoothDamp
/Users/tatsheen/claw-repos/oss-index/roblox/AeroGameFramework/src/StarterPlayer/StarterPlayerScripts/Aero/Modules/Smooth/init.lua:58:	return self
/Users/tatsheen/claw-repos/oss-index/roblox/AeroGameFramework/src/StarterPlayer/StarterPlayerScripts/Aero/Modules/Smooth/init.lua:71:	return value
/Users/tatsheen/claw-repos/oss-index/roblox/AeroGameFramework/src/StarterPlayer/StarterPlayerScripts/Aero/Modules/Smooth/init.lua:83:	return value
/Users/tatsheen/claw-repos/oss-index/roblox/AeroGameFramework/src/StarterPlayer/StarterPlayerScripts/Aero/Modules/Smooth/init.lua:93:	return self._smoothDamp.MaxSpeed
/Users/tatsheen/claw-repos/oss-index/roblox/AeroGameFramework/src/StarterPlayer/StarterPlayerScripts/Aero/Modules/Smooth/init.lua:97:return Smooth
/Users/tatsheen/claw-repos/oss-index/roblox/AeroGameFramework/src/StarterPlayer/StarterPlayerScripts/Aero/Modules/Tween/Easing.lua:41:	return c * t / d + b
/Users/tatsheen/claw-repos/oss-index/roblox/AeroGameFramework/src/StarterPlayer/StarterPlayerScripts/Aero/Modules/Tween/Easing.lua:46:	return c * t * t * (3 - 2 * t) + b
/Users/tatsheen/claw-repos/oss-index/roblox/AeroGameFramework/src/StarterPlayer/StarterPlayerScripts/Aero/Modules/Tween/Easing.lua:51:	return c * t * t * t * (t * (6 * t - 15) + 10) + b
/Users/tatsheen/claw-repos/oss-index/roblox/AeroGameFramework/src/StarterPlayer/StarterPlayerScripts/Aero/Modules/Tween/Easing.lua:57:	return c * (1 - (sin(t * 1.5707963267948965579989817342720925807952880859375) + (sin(t * 3.14159265358979311599796346854418516159057617187) * (cos(t * 3.14159265358979311599796346854418516159057617187) + 1) * 0.5))) + b
/Users/tatsheen/claw-repos/oss-index/roblox/AeroGameFramework/src/StarterPlayer/StarterPlayerScripts/Aero/Modules/Tween/Easing.lua:62:	return c * sin(sin(t * 3.14159265358979311599796346854418516159057617187) * 1.5707963267948965579989817342720925807952880859375) + b
/Users/tatsheen/claw-repos/oss-index/roblox/AeroGameFramework/src/StarterPlayer/StarterPlayerScripts/Aero/Modules/Tween/Easing.lua:68:	return (1 + (-2.72 ^ (-6.9 * t) * cos(-20.1061929829746759423869661986827850341796875 * t))) * c + b
/Users/tatsheen/claw-repos/oss-index/roblox/AeroGameFramework/src/StarterPlayer/StarterPlayerScripts/Aero/Modules/Tween/Easing.lua:73:	return (1 + (-2.72 ^ (-7.5 * t) * cos(-10.05309649148733797119348309934139251708984375 * t))) * c + b
/Users/tatsheen/claw-repos/oss-index/roblox/AeroGameFramework/src/StarterPlayer/StarterPlayerScripts/Aero/Modules/Tween/Easing.lua:79:	return c * t * t + b
/Users/tatsheen/claw-repos/oss-index/roblox/AeroGameFramework/src/StarterPlayer/StarterPlayerScripts/Aero/Modules/Tween/Easing.lua:84:	return -c * t * (t - 2) + b
/Users/tatsheen/claw-repos/oss-index/roblox/AeroGameFramework/src/StarterPlayer/StarterPlayerScripts/Aero/Modules/Tween/Easing.lua:89:	return t < 1 and c * 0.5 * t * t + b or -c * 0.5 * ((t - 1) * (t - 3) - 1) + b
/Users/tatsheen/claw-repos/oss-index/roblox/AeroGameFramework/src/StarterPlayer/StarterPlayerScripts/Aero/Modules/Tween/Easing.lua:95:		return -0.5 * c * t * (t - 2) + b
/Users/tatsheen/claw-repos/oss-index/roblox/AeroGameFramework/src/StarterPlayer/StarterPlayerScripts/Aero/Modules/Tween/Easing.lua:98:		return c * t * t + b + c
/Users/tatsheen/claw-repos/oss-index/roblox/AeroGameFramework/src/StarterPlayer/StarterPlayerScripts/Aero/Modules/Tween/Easing.lua:104:	return c * t * t * t + b
/Users/tatsheen/claw-repos/oss-index/roblox/AeroGameFramework/src/StarterPlayer/StarterPlayerScripts/Aero/Modules/Tween/Easing.lua:109:	return c * (t * t * t + 1) + b
/Users/tatsheen/claw-repos/oss-index/roblox/AeroGameFramework/src/StarterPlayer/StarterPlayerScripts/Aero/Modules/Tween/Easing.lua:115:		return c * 0.5 * t * t * t + b
/Users/tatsheen/claw-repos/oss-index/roblox/AeroGameFramework/src/StarterPlayer/StarterPlayerScripts/Aero/Modules/Tween/Easing.lua:118:		return c * 0.5 * (t * t * t + 2) + b
/Users/tatsheen/claw-repos/oss-index/roblox/AeroGameFramework/src/StarterPlayer/StarterPlayerScripts/Aero/Modules/Tween/Easing.lua:125:		return c * 0.5 * (t * t * t + 1) + b
/Users/tatsheen/claw-repos/oss-index/roblox/AeroGameFramework/src/StarterPlayer/StarterPlayerScripts/Aero/Modules/Tween/Easing.lua:128:		return c * t * t * t + b + c
/Users/tatsheen/claw-repos/oss-index/roblox/AeroGameFramework/src/StarterPlayer/StarterPlayerScripts/Aero/Modules/Tween/Easing.lua:134:	return c * t * t * t * t + b
/Users/tatsheen/claw-repos/oss-index/roblox/AeroGameFramework/src/StarterPlayer/StarterPlayerScripts/Aero/Modules/Tween/Easing.lua:139:	return -c * (t * t * t * t - 1) + b
/Users/tatsheen/claw-repos/oss-index/roblox/AeroGameFramework/src/StarterPlayer/StarterPlayerScripts/Aero/Modules/Tween/Easing.lua:145:		return c * 0.5 * t * t * t * t + b
/Users/tatsheen/claw-repos/oss-index/roblox/AeroGameFramework/src/StarterPlayer/StarterPlayerScripts/Aero/Modules/Tween/Easing.lua:148:		return -c * 0.5 * (t * t * t * t - 2) + b
/Users/tatsheen/claw-repos/oss-index/roblox/AeroGameFramework/src/StarterPlayer/StarterPlayerScripts/Aero/Modules/Tween/Easing.lua:155:		return -c * (t * t * t * t - 1) + b
/Users/tatsheen/claw-repos/oss-index/roblox/AeroGameFramework/src/StarterPlayer/StarterPlayerScripts/Aero/Modules/Tween/Easing.lua:158:		return c * t * t * t * t + b + c
/Users/tatsheen/claw-repos/oss-index/roblox/AeroGameFramework/src/StarterPlayer/StarterPlayerScripts/Aero/Modules/Tween/Easing.lua:164:	return c * t * t * t * t * t + b
/Users/tatsheen/claw-repos/oss-index/roblox/AeroGameFramework/src/StarterPlayer/StarterPlayerScripts/Aero/Modules/Tween/Easing.lua:169:	return c * (t * t * t * t * t + 1) + b
/Users/tatsheen/claw-repos/oss-index/roblox/AeroGameFramework/src/StarterPlayer/StarterPlayerScripts/Aero/Modules/Tween/Easing.lua:175:		return c * 0.5 * t * t * t * t * t + b
/Users/tatsheen/claw-repos/oss-index/roblox/AeroGameFramework/src/StarterPlayer/StarterPlayerScripts/Aero/Modules/Tween/Easing.lua:178:		return c * 0.5 * (t * t * t * t * t + 2) + b
/Users/tatsheen/claw-repos/oss-index/roblox/AeroGameFramework/src/StarterPlayer/StarterPlayerScripts/Aero/Modules/Tween/Easing.lua:185:		return c * 0.5 * (t * t * t * t * t + 1) + b
/Users/tatsheen/claw-repos/oss-index/roblox/AeroGameFramework/src/StarterPlayer/StarterPlayerScripts/Aero/Modules/Tween/Easing.lua:188:		return c * t * t * t * t * t + b + c
/Users/tatsheen/claw-repos/oss-index/roblox/AeroGameFramework/src/StarterPlayer/StarterPlayerScripts/Aero/Modules/Tween/Easing.lua:193:	return -c * cos(t / d * 1.5707963267948965579989817342720925807952880859375) + c + b
/Users/tatsheen/claw-repos/oss-index/roblox/AeroGameFramework/src/StarterPlayer/StarterPlayerScripts/Aero/Modules/Tween/Easing.lua:197:	return c * sin(t / d * 1.5707963267948965579989817342720925807952880859375) + b
/Users/tatsheen/claw-repos/oss-index/roblox/AeroGameFramework/src/StarterPlayer/StarterPlayerScripts/Aero/Modules/Tween/Easing.lua:201:	return -c * 0.5 * (cos(3.14159265358979311599796346854418516159057617187 * t / d) - 1) + b
/Users/tatsheen/claw-repos/oss-index/roblox/AeroGameFramework/src/StarterPlayer/StarterPlayerScripts/Aero/Modules/Tween/Easing.lua:206:	return t < d * 0.5 and c * sin(t * 2 / d * 1.5707963267948965579989817342720925807952880859375) + b or -c * cos(((t * 2) - d) / d * 1.5707963267948965579989817342720925807952880859375) + 2 * c + b
/Users/tatsheen/claw-repos/oss-index/roblox/AeroGameFramework/src/StarterPlayer/StarterPlayerScripts/Aero/Modules/Tween/Easing.lua:210:	return t == 0 and b or c * 2 ^ (10 * (t / d - 1)) + b - c * 0.001
/Users/tatsheen/claw-repos/oss-index/roblox/AeroGameFramework/src/StarterPlayer/StarterPlayerScripts/Aero/Modules/Tween/Easing.lua:214:	return t == d and b + c or c * 1.001 * (1 - 2 ^ (-10 * t / d)) + b
/Users/tatsheen/claw-repos/oss-index/roblox/AeroGameFramework/src/StarterPlayer/StarterPlayerScripts/Aero/Modules/Tween/Easing.lua:219:	return t == 0 and b or t == 2 and b + c or t < 1 and c * 0.5 * 2 ^ (10 * (t - 1)) + b - c * 0.0005 or c * 0.5 * 1.0005 * (2 - 2 ^ (-10 * (t - 1))) + b
/Users/tatsheen/claw-repos/oss-index/roblox/AeroGameFramework/src/StarterPlayer/StarterPlayerScripts/Aero/Modules/Tween/Easing.lua:224:	return t < d * 0.5 and (t * 2 == d and b + c or c * 1.001 * (1 - 2 ^ (-20 * t / d)) + b) or t * 2 - d == 0 and b + c or c * 2 ^ (10 * ((t * 2 - d) / d - 1)) + b + c - c * 0.001
/Users/tatsheen/claw-repos/oss-index/roblox/AeroGameFramework/src/StarterPlayer/StarterPlayerScripts/Aero/Modules/Tween/Easing.lua:229:	return -c * ((1 - t * t) ^ 0.5 - 1) + b
/Users/tatsheen/claw-repos/oss-index/roblox/AeroGameFramework/src/StarterPlayer/StarterPlayerScripts/Aero/Modules/Tween/Easing.lua:234:	return c * (1 - t * t) ^ 0.5 + b
/Users/tatsheen/claw-repos/oss-index/roblox/AeroGameFramework/src/StarterPlayer/StarterPlayerScripts/Aero/Modules/Tween/Easing.lua:240:		return -c * 0.5 * ((1 - t * t) ^ 0.5 - 1) + b
/Users/tatsheen/claw-repos/oss-index/roblox/AeroGameFramework/src/StarterPlayer/StarterPlayerScripts/Aero/Modules/Tween/Easing.lua:243:		return c * 0.5 * ((1 - t * t) ^ 0.5 + 1) + b
/Users/tatsheen/claw-repos/oss-index/roblox/AeroGameFramework/src/StarterPlayer/StarterPlayerScripts/Aero/Modules/Tween/Easing.lua:251:		return c * (1 - t * t) ^ 0.5 + b
/Users/tatsheen/claw-repos/oss-index/roblox/AeroGameFramework/src/StarterPlayer/StarterPlayerScripts/Aero/Modules/Tween/Easing.lua:254:		return -c * ((1 - t * t) ^ 0.5 - 1) + b + c
/Users/tatsheen/claw-repos/oss-index/roblox/AeroGameFramework/src/StarterPlayer/StarterPlayerScripts/Aero/Modules/Tween/Easing.lua:261:	return t == -1 and b or t == 0 and b + c or (not a or a < (c >= 0 and c or 0 - c)) and -(c * 2 ^ (10 * t) * sin((t * d - p * 0.25) * 6.28318530717958623199592693708837032318115234375 / p)) + b or -(a * 2 ^ (10 * t) * sin((t * d - p / 6.28318530717958623199592693708837032318115234375 * asin(c / a)) * 6.28318530717958623199592693708837032318115234375 / p)) + b
/Users/tatsheen/claw-repos/oss-index/roblox/AeroGameFramework/src/StarterPlayer/StarterPlayerScripts/Aero/Modules/Tween/Easing.lua:267:	return t == 0 and b or t == 1 and b + c or (not a or a < (c >= 0 and c or 0 - c)) and c * 2 ^ (-10 * t) * sin((t * d - p * 0.25) * 6.28318530717958623199592693708837032318115234375 / p) + c + b or a * 2 ^ (-10 * t) * sin((t * d - p / 6.28318530717958623199592693708837032318115234375 * asin(c / a)) * 6.28318530717958623199592693708837032318115234375 / p) + c + b
/Users/tatsheen/claw-repos/oss-index/roblox/AeroGameFramework/src/StarterPlayer/StarterPlayerScripts/Aero/Modules/Tween/Easing.lua:272:		return b
/Users/tatsheen/claw-repos/oss-index/roblox/AeroGameFramework/src/StarterPlayer/StarterPlayerScripts/Aero/Modules/Tween/Easing.lua:278:		return b + c
/Users/tatsheen/claw-repos/oss-index/roblox/AeroGameFramework/src/StarterPlayer/StarterPlayerScripts/Aero/Modules/Tween/Easing.lua:294:		return -0.5 * a * 2 ^ (10 * t) * sin((t * d - s) * 6.28318530717958623199592693708837032318115234375 / p) + b
/Users/tatsheen/claw-repos/oss-index/roblox/AeroGameFramework/src/StarterPlayer/StarterPlayerScripts/Aero/Modules/Tween/Easing.lua:296:		return a * 2 ^ (-10 * t) * sin((t * d - s) * 6.28318530717958623199592693708837032318115234375 / p ) * 0.5 + c + b
/Users/tatsheen/claw-repos/oss-index/roblox/AeroGameFramework/src/StarterPlayer/StarterPlayerScripts/Aero/Modules/Tween/Easing.lua:302:		return OutElastic(t * 2, b, c * 0.5, d, a, p)
/Users/tatsheen/claw-repos/oss-index/roblox/AeroGameFramework/src/StarterPlayer/StarterPlayerScripts/Aero/Modules/Tween/Easing.lua:304:		return InElastic(t * 2 - d, b + c * 0.5, c * 0.5, d, a, p)
/Users/tatsheen/claw-repos/oss-index/roblox/AeroGameFramework/src/StarterPlayer/StarterPlayerScripts/Aero/Modules/Tween/Easing.lua:311:	return c * t * t * ((s + 1) * t - s) + b
/Users/tatsheen/claw-repos/oss-index/roblox/AeroGameFramework/src/StarterPlayer/StarterPlayerScripts/Aero/Modules/Tween/Easing.lua:317:	return c * (t * t * ((s + 1) * t + s) + 1) + b
/Users/tatsheen/claw-repos/oss-index/roblox/AeroGameFramework/src/StarterPlayer/StarterPlayerScripts/Aero/Modules/Tween/Easing.lua:324:		return c * 0.5 * (t * t * ((s + 1) * t - s)) + b
/Users/tatsheen/claw-repos/oss-index/roblox/AeroGameFramework/src/StarterPlayer/StarterPlayerScripts/Aero/Modules/Tween/Easing.lua:327:		return c * 0.5 * (t * t * ((s + 1) * t + s) + 2) + b
/Users/tatsheen/claw-repos/oss-index/roblox/AeroGameFramework/src/StarterPlayer/StarterPlayerScripts/Aero/Modules/Tween/Easing.lua:336:		return c * (t * t * ((s + 1) * t + s) + 1) + b
/Users/tatsheen/claw-repos/oss-index/roblox/AeroGameFramework/src/StarterPlayer/StarterPlayerScripts/Aero/Modules/Tween/Easing.lua:339:		return c * t * t * ((s + 1) * t - s) + b + c
/Users/tatsheen/claw-repos/oss-index/roblox/AeroGameFramework/src/StarterPlayer/StarterPlayerScripts/Aero/Modules/Tween/Easing.lua:346:		return c * (7.5625 * t * t) + b
/Users/tatsheen/claw-repos/oss-index/roblox/AeroGameFramework/src/StarterPlayer/StarterPlayerScripts/Aero/Modules/Tween/Easing.lua:349:		return c * (7.5625 * t * t + 0.75) + b
/Users/tatsheen/claw-repos/oss-index/roblox/AeroGameFramework/src/StarterPlayer/StarterPlayerScripts/Aero/Modules/Tween/Easing.lua:352:		return c * (7.5625 * t * t + 0.9375) + b
/Users/tatsheen/claw-repos/oss-index/roblox/AeroGameFramework/src/StarterPlayer/StarterPlayerScripts/Aero/Modules/Tween/Easing.lua:355:		return c * (7.5625 * t * t + 0.984375) + b
/Users/tatsheen/claw-repos/oss-index/roblox/AeroGameFramework/src/StarterPlayer/StarterPlayerScripts/Aero/Modules/Tween/Easing.lua:360:	return c - OutBounce(d - t, 0, c, d) + b
/Users/tatsheen/claw-repos/oss-index/roblox/AeroGameFramework/src/StarterPlayer/StarterPlayerScripts/Aero/Modules/Tween/Easing.lua:365:		return InBounce(t * 2, 0, c, d) * 0.5 + b
/Users/tatsheen/claw-repos/oss-index/roblox/AeroGameFramework/src/StarterPlayer/StarterPlayerScripts/Aero/Modules/Tween/Easing.lua:367:		return OutBounce(t * 2 - d, 0, c, d) * 0.5 + c * 0.5 + b
/Users/tatsheen/claw-repos/oss-index/roblox/AeroGameFramework/src/StarterPlayer/StarterPlayerScripts/Aero/Modules/Tween/Easing.lua:373:		return OutBounce(t * 2, b, c * 0.5, d)
/Users/tatsheen/claw-repos/oss-index/roblox/AeroGameFramework/src/StarterPlayer/StarterPlayerScripts/Aero/Modules/Tween/Easing.lua:375:		return InBounce(t * 2 - d, b + c * 0.5, c * 0.5, d)
/Users/tatsheen/claw-repos/oss-index/roblox/AeroGameFramework/src/StarterPlayer/StarterPlayerScripts/Aero/Modules/Tween/Easing.lua:379:return {
/Users/tatsheen/claw-repos/oss-index/roblox/AeroGameFramework/src/StarterPlayer/StarterPlayerScripts/Aero/Internal/AeroClient.client.lua:40:	return event
/Users/tatsheen/claw-repos/oss-index/roblox/AeroGameFramework/src/StarterPlayer/StarterPlayerScripts/Aero/Internal/AeroClient.client.lua:50:	return self._events[eventName]:Connect(func)
/Users/tatsheen/claw-repos/oss-index/roblox/AeroGameFramework/src/StarterPlayer/StarterPlayerScripts/Aero/Internal/AeroClient.client.lua:55:	return self._events[eventName]:Wait()
/Users/tatsheen/claw-repos/oss-index/roblox/AeroGameFramework/src/StarterPlayer/StarterPlayerScripts/Aero/Internal/AeroClient.client.lua:74:	return tbl
/Users/tatsheen/claw-repos/oss-index/roblox/AeroGameFramework/src/StarterPlayer/StarterPlayerScripts/Aero/Internal/AeroClient.client.lua:104:						return table.unpack(c)
/Users/tatsheen/claw-repos/oss-index/roblox/AeroGameFramework/src/StarterPlayer/StarterPlayerScripts/Aero/Internal/AeroClient.client.lua:116:						return table.unpack(_cache)
/Users/tatsheen/claw-repos/oss-index/roblox/AeroGameFramework/src/StarterPlayer/StarterPlayerScripts/Aero/Internal/AeroClient.client.lua:118:					return table.unpack(cache)
/Users/tatsheen/claw-repos/oss-index/roblox/AeroGameFramework/src/StarterPlayer/StarterPlayerScripts/Aero/Internal/AeroClient.client.lua:122:					return v:InvokeServer(...)
/Users/tatsheen/claw-repos/oss-index/roblox/AeroGameFramework/src/StarterPlayer/StarterPlayerScripts/Aero/Internal/AeroClient.client.lua:127:	return service
/Users/tatsheen/claw-repos/oss-index/roblox/AeroGameFramework/src/StarterPlayer/StarterPlayerScripts/Aero/Internal/AeroClient.client.lua:164:				return obj
/Users/tatsheen/claw-repos/oss-index/roblox/AeroGameFramework/src/StarterPlayer/StarterPlayerScripts/Aero/Internal/AeroClient.client.lua:169:				return nestedTbl
/Users/tatsheen/claw-repos/oss-index/roblox/AeroGameFramework/src/StarterPlayer/StarterPlayerScripts/Aero/Internal/AeroClient.client.lua:244:			return order
/Users/tatsheen/claw-repos/oss-index/roblox/AeroGameFramework/src/StarterPlayer/StarterPlayerScripts/Aero/Internal/AeroClient.client.lua:247:			return (GetOrder(a) < GetOrder(b))
/Users/tatsheen/claw-repos/oss-index/roblox/AeroGameFramework/src/StarterPlayer/StarterPlayerScripts/Aero/Modules/Tween/init.lua:95:	return self
/Users/tatsheen/claw-repos/oss-index/roblox/AeroGameFramework/src/StarterPlayer/StarterPlayerScripts/Aero/Modules/Tween/init.lua:167:		return (elapsedDelay < durationDelay)
/Users/tatsheen/claw-repos/oss-index/roblox/AeroGameFramework/src/StarterPlayer/StarterPlayerScripts/Aero/Modules/Tween/init.lua:227:	return game:GetService("TweenService"):Create(...)
/Users/tatsheen/claw-repos/oss-index/roblox/AeroGameFramework/src/StarterPlayer/StarterPlayerScripts/Aero/Modules/Tween/init.lua:235:return Tween
/Users/tatsheen/claw-repos/oss-index/roblox/AeroGameFramework/src/StarterPlayer/StarterPlayerScripts/Aero/Modules/CameraShaker/CameraShakePresets.lua:31:		return c
/Users/tatsheen/claw-repos/oss-index/roblox/AeroGameFramework/src/StarterPlayer/StarterPlayerScripts/Aero/Modules/CameraShaker/CameraShakePresets.lua:41:		return c
/Users/tatsheen/claw-repos/oss-index/roblox/AeroGameFramework/src/StarterPlayer/StarterPlayerScripts/Aero/Modules/CameraShaker/CameraShakePresets.lua:51:		return c
/Users/tatsheen/claw-repos/oss-index/roblox/AeroGameFramework/src/StarterPlayer/StarterPlayerScripts/Aero/Modules/CameraShaker/CameraShakePresets.lua:61:		return c
/Users/tatsheen/claw-repos/oss-index/roblox/AeroGameFramework/src/StarterPlayer/StarterPlayerScripts/Aero/Modules/CameraShaker/CameraShakePresets.lua:71:		return c
/Users/tatsheen/claw-repos/oss-index/roblox/AeroGameFramework/src/StarterPlayer/StarterPlayerScripts/Aero/Modules/CameraShaker/CameraShakePresets.lua:81:		return c
/Users/tatsheen/claw-repos/oss-index/roblox/AeroGameFramework/src/StarterPlayer/StarterPlayerScripts/Aero/Modules/CameraShaker/CameraShakePresets.lua:91:		return c
/Users/tatsheen/claw-repos/oss-index/roblox/AeroGameFramework/src/StarterPlayer/StarterPlayerScripts/Aero/Modules/CameraShaker/CameraShakePresets.lua:101:		return c
/Users/tatsheen/claw-repos/oss-index/roblox/AeroGameFramework/src/StarterPlayer/StarterPlayerScripts/Aero/Modules/CameraShaker/CameraShakePresets.lua:108:return setmetatable({}, {
/Users/tatsheen/claw-repos/oss-index/roblox/AeroGameFramework/src/StarterPlayer/StarterPlayerScripts/Aero/Modules/CameraShaker/CameraShakePresets.lua:112:			return f()
/Users/tatsheen/claw-repos/oss-index/roblox/AeroGameFramework/src/StarterPlayer/StarterPlayerScripts/Aero/Modules/CameraShaker/CameraShakeInstance.lua:54:	return self
/Users/tatsheen/claw-repos/oss-index/roblox/AeroGameFramework/src/StarterPlayer/StarterPlayerScripts/Aero/Modules/CameraShaker/CameraShakeInstance.lua:90:	return offset * self.Magnitude * self.magnMod * currentFadeTime
/Users/tatsheen/claw-repos/oss-index/roblox/AeroGameFramework/src/StarterPlayer/StarterPlayerScripts/Aero/Modules/CameraShaker/CameraShakeInstance.lua:116:	return self.roughMod
/Users/tatsheen/claw-repos/oss-index/roblox/AeroGameFramework/src/StarterPlayer/StarterPlayerScripts/Aero/Modules/CameraShaker/CameraShakeInstance.lua:126:	return self.magnMod
/Users/tatsheen/claw-repos/oss-index/roblox/AeroGameFramework/src/StarterPlayer/StarterPlayerScripts/Aero/Modules/CameraShaker/CameraShakeInstance.lua:136:	return self.currentFadeTime
/Users/tatsheen/claw-repos/oss-index/roblox/AeroGameFramework/src/StarterPlayer/StarterPlayerScripts/Aero/Modules/CameraShaker/CameraShakeInstance.lua:141:	return (self.currentFadeTime > 0 or self.sustain)
/Users/tatsheen/claw-repos/oss-index/roblox/AeroGameFramework/src/StarterPlayer/StarterPlayerScripts/Aero/Modules/CameraShaker/CameraShakeInstance.lua:146:	return ((not self.sustain) and self.currentFadeTime > 0)
/Users/tatsheen/claw-repos/oss-index/roblox/AeroGameFramework/src/StarterPlayer/StarterPlayerScripts/Aero/Modules/CameraShaker/CameraShakeInstance.lua:151:	return (self.currentFadeTime < 1 and self.sustain and self.fadeInDuration > 0)
/Users/tatsheen/claw-repos/oss-index/roblox/AeroGameFramework/src/StarterPlayer/StarterPlayerScripts/Aero/Modules/CameraShaker/CameraShakeInstance.lua:157:		return CameraShakeInstance.CameraShakeState.FadingIn
/Users/tatsheen/claw-repos/oss-index/roblox/AeroGameFramework/src/StarterPlayer/StarterPlayerScripts/Aero/Modules/CameraShaker/CameraShakeInstance.lua:159:		return CameraShakeInstance.CameraShakeState.FadingOut
/Users/tatsheen/claw-repos/oss-index/roblox/AeroGameFramework/src/StarterPlayer/StarterPlayerScripts/Aero/Modules/CameraShaker/CameraShakeInstance.lua:161:		return CameraShakeInstance.CameraShakeState.Sustained
/Users/tatsheen/claw-repos/oss-index/roblox/AeroGameFramework/src/StarterPlayer/StarterPlayerScripts/Aero/Modules/CameraShaker/CameraShakeInstance.lua:163:		return CameraShakeInstance.CameraShakeState.Inactive
/Users/tatsheen/claw-repos/oss-index/roblox/AeroGameFramework/src/StarterPlayer/StarterPlayerScripts/Aero/Modules/CameraShaker/CameraShakeInstance.lua:168:return CameraShakeInstance
/Users/tatsheen/claw-repos/oss-index/roblox/AeroGameFramework/src/StarterPlayer/StarterPlayerScripts/Aero/Modules/CameraShaker/init.lua:107:	return self
/Users/tatsheen/claw-repos/oss-index/roblox/AeroGameFramework/src/StarterPlayer/StarterPlayerScripts/Aero/Modules/CameraShaker/init.lua:171:	return CF(posAddShake) *
/Users/tatsheen/claw-repos/oss-index/roblox/AeroGameFramework/src/StarterPlayer/StarterPlayerScripts/Aero/Modules/CameraShaker/init.lua:181:	return shakeInstance
/Users/tatsheen/claw-repos/oss-index/roblox/AeroGameFramework/src/StarterPlayer/StarterPlayerScripts/Aero/Modules/CameraShaker/init.lua:189:	return shakeInstance
/Users/tatsheen/claw-repos/oss-index/roblox/AeroGameFramework/src/StarterPlayer/StarterPlayerScripts/Aero/Modules/CameraShaker/init.lua:198:	return shakeInstance
/Users/tatsheen/claw-repos/oss-index/roblox/AeroGameFramework/src/StarterPlayer/StarterPlayerScripts/Aero/Modules/CameraShaker/init.lua:208:	return shakeInstance
/Users/tatsheen/claw-repos/oss-index/roblox/AeroGameFramework/src/StarterPlayer/StarterPlayerScripts/Aero/Modules/CameraShaker/init.lua:212:return CameraShaker
