/Users/tatsheen/claw-repos/oss-index/roblox/ByteNet/src/packets/packet.luau	59	function			function exported.sendToList			function exported.sendToList(data, players: { Player })
/Users/tatsheen/claw-repos/oss-index/roblox/ByteNet/src/packets/packet.luau	65	function			function exported.sendTo			function exported.sendTo(data, player: Player)
/Users/tatsheen/claw-repos/oss-index/roblox/ByteNet/src/packets/packet.luau	69	function			function exported.sendToAllExcept			function exported.sendToAllExcept(data, except: Player)
/Users/tatsheen/claw-repos/oss-index/roblox/ByteNet/src/packets/packet.luau	77	function			function exported.sendToAll			function exported.sendToAll(data)
/Users/tatsheen/claw-repos/oss-index/roblox/ByteNet/src/packets/packet.luau	81	function			function exported.send			function exported.send(data)
/Users/tatsheen/claw-repos/oss-index/roblox/ByteNet/src/packets/packet.luau	86	function		function exported.wait		function exported.wait()
/Users/tatsheen/claw-repos/oss-index/roblox/ByteNet/src/packets/packet.luau	105	function		function exported.listen		function exported.listen(callback)
/Users/tatsheen/claw-repos/oss-index/roblox/ByteNet/src/packets/packet.luau	109	function		function exported.getListeners		function exported.getListeners()
/Users/tatsheen/claw-repos/oss-index/roblox/ByteNet/src/process/client.luau	43	function	function client.send_unreliable	function client.send_unreliable(id: number, writer: (value: any) -> (), data: { [string]: any })
/Users/tatsheen/claw-repos/oss-index/roblox/ByteNet/src/process/client.luau	47	function	function client.init	function client.init()
/Users/tatsheen/claw-repos/oss-index/roblox/ByteNet/src/process/server.luau	65	function	function server.sendAllReliable	function server.sendAllReliable(id: number, writer: (value: any) -> (), data: { [string]: any })
/Users/tatsheen/claw-repos/oss-index/roblox/ByteNet/src/process/server.luau	69	function	function server.sendAllUnreliable	function server.sendAllUnreliable(id: number, writer: (value: any) -> (), data: { [string]: any })
/Users/tatsheen/claw-repos/oss-index/roblox/ByteNet/src/process/server.luau	73	function	function server.sendPlayerReliable	function server.sendPlayerReliable(
/Users/tatsheen/claw-repos/oss-index/roblox/ByteNet/src/process/server.luau	82	function	function server.sendPlayerUnreliable	function server.sendPlayerUnreliable(
/Users/tatsheen/claw-repos/oss-index/roblox/ByteNet/src/process/server.luau	91	function	function server.start	function server.start()
