/Users/tatsheen/claw-repos/oss-index/roblox/ByteNet/src/types.luau	39	module_export	return nil	return nil
/Users/tatsheen/claw-repos/oss-index/roblox/ByteNet/src/process/read.luau	50	module_export	return read	return read
/Users/tatsheen/claw-repos/oss-index/roblox/ByteNet/src/process/client.luau	37	module_export	local client = {}	local client = {}
/Users/tatsheen/claw-repos/oss-index/roblox/ByteNet/src/process/client.luau	75	module_export	return client	return client
/Users/tatsheen/claw-repos/oss-index/roblox/ByteNet/src/process/channel_state.luau	9	module_export	return channel_state	return channel_state
/Users/tatsheen/claw-repos/oss-index/roblox/ByteNet/src/process/server.luau	63	module_export	local server = {}	local server = {}
/Users/tatsheen/claw-repos/oss-index/roblox/ByteNet/src/process/server.luau	146	module_export	return server	return server
/Users/tatsheen/claw-repos/oss-index/roblox/ByteNet/src/packets/packet.luau	19	module_export		local listeners = {}		local listeners = {}
/Users/tatsheen/claw-repos/oss-index/roblox/ByteNet/src/packets/packet.luau	39	module_export		local exported = {}		local exported = {}
/Users/tatsheen/claw-repos/oss-index/roblox/ByteNet/src/packets/packet.luau	110	module_export			return listeners			return listeners
/Users/tatsheen/claw-repos/oss-index/roblox/ByteNet/src/packets/packet.luau	113	module_export		return exported		return exported
/Users/tatsheen/claw-repos/oss-index/roblox/ByteNet/src/packets/define_packet.luau	19	module_export	return define_packet	return define_packet
/Users/tatsheen/claw-repos/oss-index/roblox/ByteNet/src/data_types/buff.luau	25	module_export		return buff		return buff
/Users/tatsheen/claw-repos/oss-index/roblox/ByteNet/src/data_types/float64.luau	14	module_export		return float64		return float64
/Users/tatsheen/claw-repos/oss-index/roblox/ByteNet/src/data_types/optional.luau	37	module_export	return optional	return optional
/Users/tatsheen/claw-repos/oss-index/roblox/ByteNet/src/data_types/cframe.luau	32	module_export		return cframe		return cframe
/Users/tatsheen/claw-repos/oss-index/roblox/ByteNet/src/data_types/map.luau	14	module_export				local map = {}				local map = {}
/Users/tatsheen/claw-repos/oss-index/roblox/ByteNet/src/data_types/map.luau	53	module_export	return map	return map
/Users/tatsheen/claw-repos/oss-index/roblox/ByteNet/src/data_types/float32.luau	14	module_export		return float32		return float32
/Users/tatsheen/claw-repos/oss-index/roblox/ByteNet/src/data_types/uint8.luau	12	module_export		return uint8		return uint8
/Users/tatsheen/claw-repos/oss-index/roblox/ByteNet/src/data_types/array.luau	42	module_export	return array	return array
/Users/tatsheen/claw-repos/oss-index/roblox/ByteNet/src/data_types/uint32.luau	12	module_export		return uint32		return uint32
/Users/tatsheen/claw-repos/oss-index/roblox/ByteNet/src/data_types/vec2.luau	19	module_export		return vec2		return vec2
/Users/tatsheen/claw-repos/oss-index/roblox/ByteNet/src/data_types/nothing.luau	12	module_export		return nothing		return nothing
/Users/tatsheen/claw-repos/oss-index/roblox/ByteNet/src/data_types/unknown.luau	24	module_export	return unknown	return unknown
/Users/tatsheen/claw-repos/oss-index/roblox/ByteNet/src/data_types/string.luau	21	module_export		return str		return str
/Users/tatsheen/claw-repos/oss-index/roblox/ByteNet/src/data_types/bool.luau	34	module_export		return bool_data_type		return bool_data_type
/Users/tatsheen/claw-repos/oss-index/roblox/ByteNet/src/data_types/bool.luau	37	module_export	return bool	return bool
/Users/tatsheen/claw-repos/oss-index/roblox/ByteNet/src/data_types/int16.luau	12	module_export		return int16		return int16
/Users/tatsheen/claw-repos/oss-index/roblox/ByteNet/src/data_types/vec3.luau	25	module_export		return vec3		return vec3
/Users/tatsheen/claw-repos/oss-index/roblox/ByteNet/src/data_types/int32.luau	12	module_export		return int32		return int32
/Users/tatsheen/claw-repos/oss-index/roblox/ByteNet/src/data_types/color3.luau	26	module_export		return color3		return color3
/Users/tatsheen/claw-repos/oss-index/roblox/ByteNet/src/data_types/uint16.luau	12	module_export		return uint16		return uint16
/Users/tatsheen/claw-repos/oss-index/roblox/ByteNet/src/data_types/int8.luau	12	module_export		return int8		return int8
