/Users/tatsheen/claw-repos/oss-index/roblox/Cmdr/Cmdr/init.luau:50:				return function(_, ...)
/Users/tatsheen/claw-repos/oss-index/roblox/Cmdr/Cmdr/init.luau:51:					return r(self.Registry, ...)
/Users/tatsheen/claw-repos/oss-index/roblox/Cmdr/Cmdr/init.luau:66:		return "Input too long"
/Users/tatsheen/claw-repos/oss-index/roblox/Cmdr/Cmdr/init.luau:69:	return Cmdr.Dispatcher:EvaluateAndRun(text, player, options)
/Users/tatsheen/claw-repos/oss-index/roblox/Cmdr/Cmdr/init.luau:72:return Cmdr
/Users/tatsheen/claw-repos/oss-index/roblox/Cmdr/Cmdr/Initialize.luau:6:return function(cmdr)
/Users/tatsheen/claw-repos/oss-index/roblox/Cmdr/Cmdr/Initialize.luau:14:		return object
/Users/tatsheen/claw-repos/oss-index/roblox/Cmdr/Cmdr/Shared/Util.luau:24:	return dictionary
/Users/tatsheen/claw-repos/oss-index/roblox/Cmdr/Cmdr/Shared/Util.luau:37:	return keys
/Users/tatsheen/claw-repos/oss-index/roblox/Cmdr/Cmdr/Shared/Util.luau:48:	return names, instances
/Users/tatsheen/claw-repos/oss-index/roblox/Cmdr/Cmdr/Shared/Util.luau:88:	return function(text: string, returnFirst: boolean?, matchStart: boolean?)
/Users/tatsheen/claw-repos/oss-index/roblox/Cmdr/Cmdr/Shared/Util.luau:98:					return value
/Users/tatsheen/claw-repos/oss-index/roblox/Cmdr/Cmdr/Shared/Util.luau:112:			return results[1]
/Users/tatsheen/claw-repos/oss-index/roblox/Cmdr/Cmdr/Shared/Util.luau:115:		return results
/Users/tatsheen/claw-repos/oss-index/roblox/Cmdr/Cmdr/Shared/Util.luau:131:	return names
/Users/tatsheen/claw-repos/oss-index/roblox/Cmdr/Cmdr/Shared/Util.luau:147:	return t
/Users/tatsheen/claw-repos/oss-index/roblox/Cmdr/Cmdr/Shared/Util.luau:151:	return utf8.char(tonumber(n, 16) :: number)
/Users/tatsheen/claw-repos/oss-index/roblox/Cmdr/Cmdr/Shared/Util.luau:158:	return text:gsub("\\(.)", {
/Users/tatsheen/claw-repos/oss-index/roblox/Cmdr/Cmdr/Shared/Util.luau:174:	return text:gsub("(" .. escapedFirst .. "+)(" .. escapedOp .. ")", function(esc, op)
/Users/tatsheen/claw-repos/oss-index/roblox/Cmdr/Cmdr/Shared/Util.luau:175:		return (esc:sub(1, #esc - 1) .. op):gsub(".", function(char)
/Users/tatsheen/claw-repos/oss-index/roblox/Cmdr/Cmdr/Shared/Util.luau:176:			return "\\u" .. string.format("%04x", string.byte(char), 16)
/Users/tatsheen/claw-repos/oss-index/roblox/Cmdr/Cmdr/Shared/Util.luau:190:	return text
/Users/tatsheen/claw-repos/oss-index/roblox/Cmdr/Cmdr/Shared/Util.luau:194:	return (
/Users/tatsheen/claw-repos/oss-index/roblox/Cmdr/Cmdr/Shared/Util.luau:203:	return (text:gsub("___!CMDR_ESCAPE!___", "\\"):gsub("___!CMDR_QUOTE!___", '"'):gsub("___!CMDR_NL!___", "\n"))
/Users/tatsheen/claw-repos/oss-index/roblox/Cmdr/Cmdr/Shared/Util.luau:236:	return t
/Users/tatsheen/claw-repos/oss-index/roblox/Cmdr/Cmdr/Shared/Util.luau:251:	return t
/Users/tatsheen/claw-repos/oss-index/roblox/Cmdr/Cmdr/Shared/Util.luau:260:	return from == #str and "" or string.match(str, ".*%S", from + 1)
/Users/tatsheen/claw-repos/oss-index/roblox/Cmdr/Cmdr/Shared/Util.luau:267:	return TextService:GetTextSize(text, label.TextSize, label.Font, size or Vector2.new(label.AbsoluteSize.X, 0))
/Users/tatsheen/claw-repos/oss-index/roblox/Cmdr/Cmdr/Shared/Util.luau:276:	return {
/Users/tatsheen/claw-repos/oss-index/roblox/Cmdr/Cmdr/Shared/Util.luau:278:			return findValue(text, true) ~= nil, ("Value %q is not a valid %s."):format(text, name)
/Users/tatsheen/claw-repos/oss-index/roblox/Cmdr/Cmdr/Shared/Util.luau:282:			return type(list[1]) ~= "string" and Util.GetNames(list) or list
/Users/tatsheen/claw-repos/oss-index/roblox/Cmdr/Cmdr/Shared/Util.luau:285:			return findValue(text, true)
/Users/tatsheen/claw-repos/oss-index/roblox/Cmdr/Cmdr/Shared/Util.luau:306:		return #a.prefix > #b.prefix
/Users/tatsheen/claw-repos/oss-index/roblox/Cmdr/Cmdr/Shared/Util.luau:313:			return t.type, rawValue:sub(#t.prefix + 1), t.prefix
/Users/tatsheen/claw-repos/oss-index/roblox/Cmdr/Cmdr/Shared/Util.luau:335:			return { type.Parse(...) }
/Users/tatsheen/claw-repos/oss-index/roblox/Cmdr/Cmdr/Shared/Util.luau:345:	return listableType
/Users/tatsheen/claw-repos/oss-index/roblox/Cmdr/Cmdr/Shared/Util.luau:349:	return (text:gsub("\\%$", "___!CMDR_DOLLAR!___"))
/Users/tatsheen/claw-repos/oss-index/roblox/Cmdr/Cmdr/Shared/Util.luau:353:	return (text:gsub("___!CMDR_DOLLAR!___", "$"))
/Users/tatsheen/claw-repos/oss-index/roblox/Cmdr/Cmdr/Shared/Util.luau:375:			return output
/Users/tatsheen/claw-repos/oss-index/roblox/Cmdr/Cmdr/Shared/Util.luau:409:	return decodeCommandEscape(str:gsub("$(%b{})", results))
/Users/tatsheen/claw-repos/oss-index/roblox/Cmdr/Cmdr/Shared/Util.luau:430:	return decodeCommandEscape(str:gsub("($%d+)%b{}", "%1"):gsub("$(%w+)", replace))
/Users/tatsheen/claw-repos/oss-index/roblox/Cmdr/Cmdr/Shared/Util.luau:470:	return {
/Users/tatsheen/claw-repos/oss-index/roblox/Cmdr/Cmdr/Shared/Util.luau:477:			return Util.RunCommandString(context.Dispatcher, Util.SubstituteArgs(commandString, context.RawArguments))
/Users/tatsheen/claw-repos/oss-index/roblox/Cmdr/Cmdr/Shared/Util.luau:499:		return ...
/Users/tatsheen/claw-repos/oss-index/roblox/Cmdr/Cmdr/Shared/Util.luau:503:		return true
/Users/tatsheen/claw-repos/oss-index/roblox/Cmdr/Cmdr/Shared/Util.luau:506:	return {
/Users/tatsheen/claw-repos/oss-index/roblox/Cmdr/Cmdr/Shared/Util.luau:510:			return Util.Map(Util.SplitPrioritizedDelimeter(text, { ",", "%s" }), function(value)
/Users/tatsheen/claw-repos/oss-index/roblox/Cmdr/Cmdr/Shared/Util.luau:511:				return options.TransformEach(value)
/Users/tatsheen/claw-repos/oss-index/roblox/Cmdr/Cmdr/Shared/Util.luau:517:				return false, ("Maximum of %d values allowed in sequence"):format(options.Length)
/Users/tatsheen/claw-repos/oss-index/roblox/Cmdr/Cmdr/Shared/Util.luau:524:					return false, reason
/Users/tatsheen/claw-repos/oss-index/roblox/Cmdr/Cmdr/Shared/Util.luau:528:			return true
/Users/tatsheen/claw-repos/oss-index/roblox/Cmdr/Cmdr/Shared/Util.luau:532:			return options.Constructor(unpack(components))
/Users/tatsheen/claw-repos/oss-index/roblox/Cmdr/Cmdr/Shared/Util.luau:543:			return Util.SplitStringSimple(text, delimeter)
/Users/tatsheen/claw-repos/oss-index/roblox/Cmdr/Cmdr/Shared/Util.luau:559:	return results
/Users/tatsheen/claw-repos/oss-index/roblox/Cmdr/Cmdr/Shared/Util.luau:568:	return unpack(results)
/Users/tatsheen/claw-repos/oss-index/roblox/Cmdr/Cmdr/Shared/Util.luau:591:	return table.concat(result)
/Users/tatsheen/claw-repos/oss-index/roblox/Cmdr/Cmdr/Shared/Util.luau:598:	return function()
/Users/tatsheen/claw-repos/oss-index/roblox/Cmdr/Cmdr/Shared/Util.luau:606:		return function()
/Users/tatsheen/claw-repos/oss-index/roblox/Cmdr/Cmdr/Shared/Util.luau:616:return Util
/Users/tatsheen/claw-repos/oss-index/roblox/Cmdr/Cmdr/Shared/Registry.luau:172:			return self[k]
/Users/tatsheen/claw-repos/oss-index/roblox/Cmdr/Cmdr/Shared/Registry.luau:421:		return dictionary[command.Group] or false
/Users/tatsheen/claw-repos/oss-index/roblox/Cmdr/Cmdr/Shared/Registry.luau:432:	return self.Commands[name:lower()]
/Users/tatsheen/claw-repos/oss-index/roblox/Cmdr/Cmdr/Shared/Registry.luau:441:	return self.CommandsArray
/Users/tatsheen/claw-repos/oss-index/roblox/Cmdr/Cmdr/Shared/Registry.luau:455:	return commands
/Users/tatsheen/claw-repos/oss-index/roblox/Cmdr/Cmdr/Shared/Registry.luau:476:	return typeNames
/Users/tatsheen/claw-repos/oss-index/roblox/Cmdr/Cmdr/Shared/Registry.luau:485:	return self.Types[name]
/Users/tatsheen/claw-repos/oss-index/roblox/Cmdr/Cmdr/Shared/Registry.luau:494:	return self.TypeAliases[name] or name
/Users/tatsheen/claw-repos/oss-index/roblox/Cmdr/Cmdr/Shared/Registry.luau:514:		return a.priority < b.priority
/Users/tatsheen/claw-repos/oss-index/roblox/Cmdr/Cmdr/Shared/Registry.luau:535:	return self.Stores[name]
/Users/tatsheen/claw-repos/oss-index/roblox/Cmdr/Cmdr/Shared/Registry.luau:570:return function(cmdr)
/Users/tatsheen/claw-repos/oss-index/roblox/Cmdr/Cmdr/Shared/Registry.luau:573:	return Registry
/Users/tatsheen/claw-repos/oss-index/roblox/Cmdr/Cmdr/Shared/Argument.luau:8:	return text
/Users/tatsheen/claw-repos/oss-index/roblox/Cmdr/Cmdr/Shared/Argument.luau:148:	return self
/Users/tatsheen/claw-repos/oss-index/roblox/Cmdr/Cmdr/Shared/Argument.luau:159:		return strings, options or {}
/Users/tatsheen/claw-repos/oss-index/roblox/Cmdr/Cmdr/Shared/Argument.luau:162:	return {}
/Users/tatsheen/claw-repos/oss-index/roblox/Cmdr/Cmdr/Shared/Argument.luau:268:		return self.Type.Transform(rawSegment, self.Executor)
/Users/tatsheen/claw-repos/oss-index/roblox/Cmdr/Cmdr/Shared/Argument.luau:270:		return rawSegment
/Users/tatsheen/claw-repos/oss-index/roblox/Cmdr/Cmdr/Shared/Argument.luau:279:	return unpack(self.TransformedValues[segment])
/Users/tatsheen/claw-repos/oss-index/roblox/Cmdr/Cmdr/Shared/Argument.luau:291:		return true
/Users/tatsheen/claw-repos/oss-index/roblox/Cmdr/Cmdr/Shared/Argument.luau:295:		return false, "This argument is required."
/Users/tatsheen/claw-repos/oss-index/roblox/Cmdr/Cmdr/Shared/Argument.luau:304:					return valid, errorText or "Invalid value"
/Users/tatsheen/claw-repos/oss-index/roblox/Cmdr/Cmdr/Shared/Argument.luau:312:					return validOnce, errorTextOnce
/Users/tatsheen/claw-repos/oss-index/roblox/Cmdr/Cmdr/Shared/Argument.luau:317:		return true
/Users/tatsheen/claw-repos/oss-index/roblox/Cmdr/Cmdr/Shared/Argument.luau:319:		return true
/Users/tatsheen/claw-repos/oss-index/roblox/Cmdr/Cmdr/Shared/Argument.luau:332:		return self.Type.Autocomplete(self:GetTransformedValue(#self.TransformedValues))
/Users/tatsheen/claw-repos/oss-index/roblox/Cmdr/Cmdr/Shared/Argument.luau:334:		return {}
/Users/tatsheen/claw-repos/oss-index/roblox/Cmdr/Cmdr/Shared/Argument.luau:345:		return self.Type.Parse(self:GetTransformedValue(i))
/Users/tatsheen/claw-repos/oss-index/roblox/Cmdr/Cmdr/Shared/Argument.luau:347:		return self:GetTransformedValue(i)
/Users/tatsheen/claw-repos/oss-index/roblox/Cmdr/Cmdr/Shared/Argument.luau:358:		return self.Object.Default
/Users/tatsheen/claw-repos/oss-index/roblox/Cmdr/Cmdr/Shared/Argument.luau:362:		return self:ParseValue(1)
/Users/tatsheen/claw-repos/oss-index/roblox/Cmdr/Cmdr/Shared/Argument.luau:385:	return valueArray
/Users/tatsheen/claw-repos/oss-index/roblox/Cmdr/Cmdr/Shared/Argument.luau:388:return Argument
/Users/tatsheen/claw-repos/oss-index/roblox/Cmdr/Cmdr/CreateGui.luau:1:return function()
/Users/tatsheen/claw-repos/oss-index/roblox/Cmdr/Cmdr/CreateGui.luau:216:	return Cmdr
/Users/tatsheen/claw-repos/oss-index/roblox/Cmdr/Cmdr/BuiltInTypes/Duration.luau:22:		return nil
/Users/tatsheen/claw-repos/oss-index/roblox/Cmdr/Cmdr/BuiltInTypes/Duration.luau:27:		return 0, 0, true
/Users/tatsheen/claw-repos/oss-index/roblox/Cmdr/Cmdr/BuiltInTypes/Duration.luau:34:		return nil, tonumber(endNumber), true
/Users/tatsheen/claw-repos/oss-index/roblox/Cmdr/Cmdr/BuiltInTypes/Duration.luau:43:			return nil, tonumber(rawNum)
/Users/tatsheen/claw-repos/oss-index/roblox/Cmdr/Cmdr/BuiltInTypes/Duration.luau:54:		return nil
/Users/tatsheen/claw-repos/oss-index/roblox/Cmdr/Cmdr/BuiltInTypes/Duration.luau:56:		return seconds, tonumber(rawNum)
/Users/tatsheen/claw-repos/oss-index/roblox/Cmdr/Cmdr/BuiltInTypes/Duration.luau:70:	return returnTable
/Users/tatsheen/claw-repos/oss-index/roblox/Cmdr/Cmdr/BuiltInTypes/Duration.luau:75:		return text, stringToSecondDuration(text)
/Users/tatsheen/claw-repos/oss-index/roblox/Cmdr/Cmdr/BuiltInTypes/Duration.luau:79:		return duration ~= nil
/Users/tatsheen/claw-repos/oss-index/roblox/Cmdr/Cmdr/BuiltInTypes/Duration.luau:103:		return returnTable
/Users/tatsheen/claw-repos/oss-index/roblox/Cmdr/Cmdr/BuiltInTypes/Duration.luau:107:		return duration
/Users/tatsheen/claw-repos/oss-index/roblox/Cmdr/Cmdr/BuiltInTypes/Duration.luau:111:return function(registry)
/Users/tatsheen/claw-repos/oss-index/roblox/Cmdr/Cmdr/BuiltInTypes/PlayerId.luau:7:		return nameCache[name]
/Users/tatsheen/claw-repos/oss-index/roblox/Cmdr/Cmdr/BuiltInTypes/PlayerId.luau:10:		return Players[name].UserId
/Users/tatsheen/claw-repos/oss-index/roblox/Cmdr/Cmdr/BuiltInTypes/PlayerId.luau:15:			return nil
/Users/tatsheen/claw-repos/oss-index/roblox/Cmdr/Cmdr/BuiltInTypes/PlayerId.luau:19:		return userid
/Users/tatsheen/claw-repos/oss-index/roblox/Cmdr/Cmdr/BuiltInTypes/PlayerId.luau:30:		return text, findPlayer(text)
/Users/tatsheen/claw-repos/oss-index/roblox/Cmdr/Cmdr/BuiltInTypes/PlayerId.luau:34:		return getUserId(text) ~= nil, "No player with that name could be found."
/Users/tatsheen/claw-repos/oss-index/roblox/Cmdr/Cmdr/BuiltInTypes/PlayerId.luau:38:		return Util.GetNames(players)
/Users/tatsheen/claw-repos/oss-index/roblox/Cmdr/Cmdr/BuiltInTypes/PlayerId.luau:42:		return getUserId(text)
/Users/tatsheen/claw-repos/oss-index/roblox/Cmdr/Cmdr/BuiltInTypes/PlayerId.luau:46:		return player.Name
/Users/tatsheen/claw-repos/oss-index/roblox/Cmdr/Cmdr/BuiltInTypes/PlayerId.luau:57:return function(cmdr)
/Users/tatsheen/claw-repos/oss-index/roblox/Cmdr/Cmdr/BuiltInCommands/help.luau:18:return {
/Users/tatsheen/claw-repos/oss-index/roblox/Cmdr/Cmdr/BuiltInCommands/help.luau:60:				return if a.Group and b.Group then a.Group < b.Group else a.Group
/Users/tatsheen/claw-repos/oss-index/roblox/Cmdr/Cmdr/BuiltInCommands/help.luau:72:		return ""
/Users/tatsheen/claw-repos/oss-index/roblox/Cmdr/Cmdr/BuiltInTypes/BrickColor.luau:224:		return brickColors
/Users/tatsheen/claw-repos/oss-index/roblox/Cmdr/Cmdr/BuiltInTypes/BrickColor.luau:228:		return #brickColors > 0, "No valid brick colors with that name could be found."
/Users/tatsheen/claw-repos/oss-index/roblox/Cmdr/Cmdr/BuiltInTypes/BrickColor.luau:232:		return Util.GetNames(brickColors)
/Users/tatsheen/claw-repos/oss-index/roblox/Cmdr/Cmdr/BuiltInTypes/BrickColor.luau:236:		return brickColors[1]
/Users/tatsheen/claw-repos/oss-index/roblox/Cmdr/Cmdr/BuiltInTypes/BrickColor.luau:246:		return brickColors[1].Color
/Users/tatsheen/claw-repos/oss-index/roblox/Cmdr/Cmdr/BuiltInTypes/BrickColor.luau:250:return function(registry)
/Users/tatsheen/claw-repos/oss-index/roblox/Cmdr/Cmdr/BuiltInTypes/Command.luau:3:return function(cmdr)
/Users/tatsheen/claw-repos/oss-index/roblox/Cmdr/Cmdr/BuiltInTypes/Command.luau:8:			return findCommand(text)
/Users/tatsheen/claw-repos/oss-index/roblox/Cmdr/Cmdr/BuiltInTypes/Command.luau:12:			return #commands > 0, "No command with that name could be found."
/Users/tatsheen/claw-repos/oss-index/roblox/Cmdr/Cmdr/BuiltInTypes/Command.luau:16:			return commands
/Users/tatsheen/claw-repos/oss-index/roblox/Cmdr/Cmdr/BuiltInTypes/Command.luau:20:			return commands[1]
/Users/tatsheen/claw-repos/oss-index/roblox/Cmdr/Cmdr/BuiltInTypes/UserInput.luau:13:		return findEnum(text)
/Users/tatsheen/claw-repos/oss-index/roblox/Cmdr/Cmdr/BuiltInTypes/UserInput.luau:17:		return #enums > 0
/Users/tatsheen/claw-repos/oss-index/roblox/Cmdr/Cmdr/BuiltInTypes/UserInput.luau:21:		return Util.GetNames(enums)
/Users/tatsheen/claw-repos/oss-index/roblox/Cmdr/Cmdr/BuiltInTypes/UserInput.luau:25:		return enums[1]
/Users/tatsheen/claw-repos/oss-index/roblox/Cmdr/Cmdr/BuiltInTypes/UserInput.luau:29:return function(cmdr)
/Users/tatsheen/claw-repos/oss-index/roblox/Cmdr/Cmdr/BuiltInTypes/BindableResource.luau:1:return function(registry)
/Users/tatsheen/claw-repos/oss-index/roblox/Cmdr/Cmdr/CmdrClient/DefaultEventHandlers.luau:5:return function(Cmdr)
/Users/tatsheen/claw-repos/oss-index/roblox/Cmdr/Cmdr/BuiltInTypes/Color3.luau:7:			return false, ("Invalid or missing number at position %d in Color3 type."):format(i)
/Users/tatsheen/claw-repos/oss-index/roblox/Cmdr/Cmdr/BuiltInTypes/Color3.luau:9:			return false, ("Number out of acceptable range 0-255 at position %d in Color3 type."):format(i)
/Users/tatsheen/claw-repos/oss-index/roblox/Cmdr/Cmdr/BuiltInTypes/Color3.luau:11:			return false, ("Number is not an integer at position %d in Color3 type."):format(i)
/Users/tatsheen/claw-repos/oss-index/roblox/Cmdr/Cmdr/BuiltInTypes/Color3.luau:14:		return true
/Users/tatsheen/claw-repos/oss-index/roblox/Cmdr/Cmdr/BuiltInTypes/Color3.luau:26:	return tonumber(x, 16)
/Users/tatsheen/claw-repos/oss-index/roblox/Cmdr/Cmdr/BuiltInTypes/Color3.luau:32:		return Util.Each(parseHexDigit, r, g, b)
/Users/tatsheen/claw-repos/oss-index/roblox/Cmdr/Cmdr/BuiltInTypes/Color3.luau:36:		return r ~= nil and g ~= nil and b ~= nil, "Invalid hex color"
/Users/tatsheen/claw-repos/oss-index/roblox/Cmdr/Cmdr/BuiltInTypes/Color3.luau:40:		return Color3.fromRGB(...)
/Users/tatsheen/claw-repos/oss-index/roblox/Cmdr/Cmdr/BuiltInTypes/Color3.luau:44:return function(cmdr)
/Users/tatsheen/claw-repos/oss-index/roblox/Cmdr/Cmdr/BuiltInCommands/Admin/announce.luau:1:return {
/Users/tatsheen/claw-repos/oss-index/roblox/Cmdr/Cmdr/BuiltInCommands/Debug/fetchServer.luau:3:return function(_, url)
/Users/tatsheen/claw-repos/oss-index/roblox/Cmdr/Cmdr/BuiltInCommands/Debug/fetchServer.luau:4:	return HttpService:GetAsync(url)
/Users/tatsheen/claw-repos/oss-index/roblox/Cmdr/Cmdr/BuiltInTypes/Team.luau:8:		return findTeam(text)
/Users/tatsheen/claw-repos/oss-index/roblox/Cmdr/Cmdr/BuiltInTypes/Team.luau:12:		return #teams > 0, "No team with that name could be found."
/Users/tatsheen/claw-repos/oss-index/roblox/Cmdr/Cmdr/BuiltInTypes/Team.luau:16:		return Util.GetNames(teams)
/Users/tatsheen/claw-repos/oss-index/roblox/Cmdr/Cmdr/BuiltInTypes/Team.luau:20:		return teams[1]
/Users/tatsheen/claw-repos/oss-index/roblox/Cmdr/Cmdr/BuiltInTypes/Team.luau:31:		return teams[1]:GetPlayers()
/Users/tatsheen/claw-repos/oss-index/roblox/Cmdr/Cmdr/BuiltInTypes/Team.luau:41:		return teams[1].TeamColor
/Users/tatsheen/claw-repos/oss-index/roblox/Cmdr/Cmdr/BuiltInTypes/Team.luau:45:return function(cmdr)
/Users/tatsheen/claw-repos/oss-index/roblox/Cmdr/Cmdr/Shared/Dispatcher.luau:71:			return command
/Users/tatsheen/claw-repos/oss-index/roblox/Cmdr/Cmdr/Shared/Dispatcher.luau:73:			return false, errorText
/Users/tatsheen/claw-repos/oss-index/roblox/Cmdr/Cmdr/Shared/Dispatcher.luau:76:		return false,
/Users/tatsheen/claw-repos/oss-index/roblox/Cmdr/Cmdr/Shared/Dispatcher.luau:112:		return errorText
/Users/tatsheen/claw-repos/oss-index/roblox/Cmdr/Cmdr/Shared/Dispatcher.luau:119:			return errorText
/Users/tatsheen/claw-repos/oss-index/roblox/Cmdr/Cmdr/Shared/Dispatcher.luau:122:		return command:Run() or "Command executed."
/Users/tatsheen/claw-repos/oss-index/roblox/Cmdr/Cmdr/Shared/Dispatcher.luau:124:		return debug.traceback(tostring(value))
/Users/tatsheen/claw-repos/oss-index/roblox/Cmdr/Cmdr/Shared/Dispatcher.luau:131:	return ok and out or "An error occurred while running this command. Check the console for more information."
/Users/tatsheen/claw-repos/oss-index/roblox/Cmdr/Cmdr/Shared/Dispatcher.luau:149:	return self.Cmdr.RemoteFunction:InvokeServer(text, {
/Users/tatsheen/claw-repos/oss-index/roblox/Cmdr/Cmdr/Shared/Dispatcher.luau:188:	return command:Run()
/Users/tatsheen/claw-repos/oss-index/roblox/Cmdr/Cmdr/Shared/Dispatcher.luau:221:		return tostring(guardResult)
/Users/tatsheen/claw-repos/oss-index/roblox/Cmdr/Cmdr/Shared/Dispatcher.luau:259:			return "Command blocked for security as no BeforeRun hook is configured."
/Users/tatsheen/claw-repos/oss-index/roblox/Cmdr/Cmdr/Shared/Dispatcher.luau:267:			return tostring(value)
/Users/tatsheen/claw-repos/oss-index/roblox/Cmdr/Cmdr/Shared/Dispatcher.luau:302:	return TeleportService:GetTeleportSetting(HISTORY_SETTING_NAME) or {}
/Users/tatsheen/claw-repos/oss-index/roblox/Cmdr/Cmdr/Shared/Dispatcher.luau:305:return function(cmdr)
/Users/tatsheen/claw-repos/oss-index/roblox/Cmdr/Cmdr/Shared/Dispatcher.luau:309:	return Dispatcher
/Users/tatsheen/claw-repos/oss-index/roblox/Cmdr/Cmdr/BuiltInTypes/ConditionFunction.luau:1:return function(registry)
/Users/tatsheen/claw-repos/oss-index/roblox/Cmdr/Cmdr/BuiltInTypes/Player.luau:8:		return findPlayer(text)
/Users/tatsheen/claw-repos/oss-index/roblox/Cmdr/Cmdr/BuiltInTypes/Player.luau:12:		return #players > 0, "No player with that name could be found."
/Users/tatsheen/claw-repos/oss-index/roblox/Cmdr/Cmdr/BuiltInTypes/Player.luau:16:		return Util.GetNames(players)
/Users/tatsheen/claw-repos/oss-index/roblox/Cmdr/Cmdr/BuiltInTypes/Player.luau:20:		return players[1]
/Users/tatsheen/claw-repos/oss-index/roblox/Cmdr/Cmdr/BuiltInTypes/Player.luau:24:		return player.Name
/Users/tatsheen/claw-repos/oss-index/roblox/Cmdr/Cmdr/BuiltInTypes/Player.luau:35:return function(cmdr)
/Users/tatsheen/claw-repos/oss-index/roblox/Cmdr/Cmdr/BuiltInCommands/Admin/kickServer.luau:1:return function(_, players)
/Users/tatsheen/claw-repos/oss-index/roblox/Cmdr/Cmdr/BuiltInCommands/Admin/kickServer.luau:6:	return ("Kicked %d players."):format(#players)
/Users/tatsheen/claw-repos/oss-index/roblox/Cmdr/Cmdr/BuiltInCommands/Debug/getPlayerPlaceInstance.luau:1:return {
/Users/tatsheen/claw-repos/oss-index/roblox/Cmdr/Cmdr/BuiltInCommands/Debug/getPlayerPlaceInstance.luau:13:			return {
/Users/tatsheen/claw-repos/oss-index/roblox/Cmdr/Cmdr/BuiltInTypes/Type.luau:3:return function(cmdr)
/Users/tatsheen/claw-repos/oss-index/roblox/Cmdr/Cmdr/BuiltInTypes/Type.luau:8:			return findCommand(text)
/Users/tatsheen/claw-repos/oss-index/roblox/Cmdr/Cmdr/BuiltInTypes/Type.luau:12:			return #commands > 0, "No type with that name could be found."
/Users/tatsheen/claw-repos/oss-index/roblox/Cmdr/Cmdr/BuiltInTypes/Type.luau:16:			return commands
/Users/tatsheen/claw-repos/oss-index/roblox/Cmdr/Cmdr/BuiltInTypes/Type.luau:20:			return commands[1]
/Users/tatsheen/claw-repos/oss-index/roblox/Cmdr/Cmdr/BuiltInTypes/Vector.luau:5:		return false, ("Invalid or missing number at position %d in Vector type."):format(i)
/Users/tatsheen/claw-repos/oss-index/roblox/Cmdr/Cmdr/BuiltInTypes/Vector.luau:8:	return true
/Users/tatsheen/claw-repos/oss-index/roblox/Cmdr/Cmdr/BuiltInTypes/Vector.luau:25:return function(cmdr)
/Users/tatsheen/claw-repos/oss-index/roblox/Cmdr/Cmdr/Shared/Command.luau:45:	return self
/Users/tatsheen/claw-repos/oss-index/roblox/Cmdr/Cmdr/Shared/Command.luau:71:			return false, ("Required argument #%d %s is missing."):format(i, definition.Name)
/Users/tatsheen/claw-repos/oss-index/roblox/Cmdr/Cmdr/Shared/Command.luau:77:	return true
/Users/tatsheen/claw-repos/oss-index/roblox/Cmdr/Cmdr/Shared/Command.luau:97:	return success, errorText:sub(3)
/Users/tatsheen/claw-repos/oss-index/roblox/Cmdr/Cmdr/Shared/Command.luau:105:			return self.Arguments[i]
/Users/tatsheen/claw-repos/oss-index/roblox/Cmdr/Cmdr/Shared/Command.luau:123:	return values, #self.ArgumentDefinitions
/Users/tatsheen/claw-repos/oss-index/roblox/Cmdr/Cmdr/Shared/Command.luau:135:		return beforeRunHook
/Users/tatsheen/claw-repos/oss-index/roblox/Cmdr/Cmdr/Shared/Command.luau:140:		return guardMethods
/Users/tatsheen/claw-repos/oss-index/roblox/Cmdr/Cmdr/Shared/Command.luau:174:		return afterRunHook
/Users/tatsheen/claw-repos/oss-index/roblox/Cmdr/Cmdr/Shared/Command.luau:176:		return self.Response
/Users/tatsheen/claw-repos/oss-index/roblox/Cmdr/Cmdr/Shared/Command.luau:182:	return self.Arguments[index]
/Users/tatsheen/claw-repos/oss-index/roblox/Cmdr/Cmdr/Shared/Command.luau:191:		return self.Data
/Users/tatsheen/claw-repos/oss-index/roblox/Cmdr/Cmdr/Shared/Command.luau:198:	return self.Data
/Users/tatsheen/claw-repos/oss-index/roblox/Cmdr/Cmdr/Shared/Command.luau:228:	return self:SendEvent(self.Executor, "AddLine", ...)
/Users/tatsheen/claw-repos/oss-index/roblox/Cmdr/Cmdr/Shared/Command.luau:233:	return self.Dispatcher.Cmdr.Registry:GetStore(...)
/Users/tatsheen/claw-repos/oss-index/roblox/Cmdr/Cmdr/Shared/Command.luau:238:	return ((RunService:IsClient() and self.Object.ClientRun) or self.Object.Run) and true or false
/Users/tatsheen/claw-repos/oss-index/roblox/Cmdr/Cmdr/Shared/Command.luau:241:return Command
/Users/tatsheen/claw-repos/oss-index/roblox/Cmdr/Cmdr/BuiltInCommands/Admin/teleport.luau:1:return {
/Users/tatsheen/claw-repos/oss-index/roblox/Cmdr/Cmdr/BuiltInTypes/MathOperator.luau:1:return function(registry)
/Users/tatsheen/claw-repos/oss-index/roblox/Cmdr/Cmdr/BuiltInTypes/MathOperator.luau:8:					return a + b
/Users/tatsheen/claw-repos/oss-index/roblox/Cmdr/Cmdr/BuiltInTypes/MathOperator.luau:14:					return a - b
/Users/tatsheen/claw-repos/oss-index/roblox/Cmdr/Cmdr/BuiltInTypes/MathOperator.luau:20:					return a * b
/Users/tatsheen/claw-repos/oss-index/roblox/Cmdr/Cmdr/BuiltInTypes/MathOperator.luau:26:					return a / b
/Users/tatsheen/claw-repos/oss-index/roblox/Cmdr/Cmdr/BuiltInTypes/MathOperator.luau:32:					return a ^ b
/Users/tatsheen/claw-repos/oss-index/roblox/Cmdr/Cmdr/BuiltInTypes/MathOperator.luau:38:					return a % b
/Users/tatsheen/claw-repos/oss-index/roblox/Cmdr/Cmdr/CmdrClient/CmdrInterface/init.luau:6:return function(Cmdr)
/Users/tatsheen/claw-repos/oss-index/roblox/Cmdr/Cmdr/CmdrClient/CmdrInterface/init.luau:85:				return AutoComplete:Show(acItems, {
/Users/tatsheen/claw-repos/oss-index/roblox/Cmdr/Cmdr/CmdrClient/CmdrInterface/init.luau:150:			return AutoComplete:Show(acItems)
/Users/tatsheen/claw-repos/oss-index/roblox/Cmdr/Cmdr/CmdrClient/CmdrInterface/init.luau:160:	return {
/Users/tatsheen/claw-repos/oss-index/roblox/Cmdr/Cmdr/BuiltInCommands/Debug/version.luau:3:return {
/Users/tatsheen/claw-repos/oss-index/roblox/Cmdr/Cmdr/BuiltInCommands/Debug/version.luau:10:		return ("Cmdr Version %s"):format(version)
/Users/tatsheen/claw-repos/oss-index/roblox/Cmdr/Cmdr/BuiltInCommands/Utility/varSetServer.luau:9:		return DataStore
/Users/tatsheen/claw-repos/oss-index/roblox/Cmdr/Cmdr/BuiltInCommands/Utility/varSetServer.luau:17:return function(context, key, value)
/Users/tatsheen/claw-repos/oss-index/roblox/Cmdr/Cmdr/BuiltInCommands/Utility/varSetServer.luau:37:		return "# You must publish this place to the web to use saved keys."
/Users/tatsheen/claw-repos/oss-index/roblox/Cmdr/Cmdr/BuiltInCommands/Utility/varSetServer.luau:48:			return table.concat(value, ",") or ""
/Users/tatsheen/claw-repos/oss-index/roblox/Cmdr/Cmdr/BuiltInCommands/Utility/varSetServer.luau:51:		return value
/Users/tatsheen/claw-repos/oss-index/roblox/Cmdr/Cmdr/BuiltInCommands/Utility/varSetServer.luau:58:			return table.concat(value, ",") or ""
/Users/tatsheen/claw-repos/oss-index/roblox/Cmdr/Cmdr/BuiltInCommands/Utility/varSetServer.luau:61:		return value
/Users/tatsheen/claw-repos/oss-index/roblox/Cmdr/Cmdr/BuiltInCommands/Debug/getPlayerPlaceInstanceServer.luau:3:return function(_, playerId, format)
/Users/tatsheen/claw-repos/oss-index/roblox/Cmdr/Cmdr/BuiltInCommands/Debug/getPlayerPlaceInstanceServer.luau:7:		return TeleportService:GetPlayerPlaceInstanceAsync(playerId)
/Users/tatsheen/claw-repos/oss-index/roblox/Cmdr/Cmdr/BuiltInCommands/Debug/getPlayerPlaceInstanceServer.luau:12:			return "0" .. " -"
/Users/tatsheen/claw-repos/oss-index/roblox/Cmdr/Cmdr/BuiltInCommands/Debug/getPlayerPlaceInstanceServer.luau:14:			return "0"
/Users/tatsheen/claw-repos/oss-index/roblox/Cmdr/Cmdr/BuiltInCommands/Debug/getPlayerPlaceInstanceServer.luau:16:			return "-"
/Users/tatsheen/claw-repos/oss-index/roblox/Cmdr/Cmdr/BuiltInCommands/Debug/getPlayerPlaceInstanceServer.luau:21:		return placeId .. " " .. jobId
/Users/tatsheen/claw-repos/oss-index/roblox/Cmdr/Cmdr/BuiltInCommands/Debug/getPlayerPlaceInstanceServer.luau:23:		return tostring(placeId)
/Users/tatsheen/claw-repos/oss-index/roblox/Cmdr/Cmdr/BuiltInCommands/Debug/getPlayerPlaceInstanceServer.luau:25:		return tostring(jobId)
/Users/tatsheen/claw-repos/oss-index/roblox/Cmdr/Cmdr/BuiltInCommands/Utility/runLines.luau:1:return {
/Users/tatsheen/claw-repos/oss-index/roblox/Cmdr/Cmdr/BuiltInCommands/Utility/runLines.luau:17:			return ""
/Users/tatsheen/claw-repos/oss-index/roblox/Cmdr/Cmdr/BuiltInCommands/Utility/runLines.luau:36:		return ""
/Users/tatsheen/claw-repos/oss-index/roblox/Cmdr/Cmdr/BuiltInTypes/URL.luau:6:			return true
/Users/tatsheen/claw-repos/oss-index/roblox/Cmdr/Cmdr/BuiltInTypes/URL.luau:9:		return false, "URLs must begin with http:// or https://"
/Users/tatsheen/claw-repos/oss-index/roblox/Cmdr/Cmdr/BuiltInTypes/URL.luau:13:		return text
/Users/tatsheen/claw-repos/oss-index/roblox/Cmdr/Cmdr/BuiltInTypes/URL.luau:17:return function(cmdr)
/Users/tatsheen/claw-repos/oss-index/roblox/Cmdr/Cmdr/CmdrClient/CmdrInterface/Window.luau:35:	return Entry.TextLabel.Text
/Users/tatsheen/claw-repos/oss-index/roblox/Cmdr/Cmdr/CmdrClient/CmdrInterface/Window.luau:72:	return Gui.Visible
/Users/tatsheen/claw-repos/oss-index/roblox/Cmdr/Cmdr/CmdrClient/CmdrInterface/Window.luau:118:	return self:SetVisible(false)
/Users/tatsheen/claw-repos/oss-index/roblox/Cmdr/Cmdr/CmdrClient/CmdrInterface/Window.luau:123:	return self:SetVisible(true)
/Users/tatsheen/claw-repos/oss-index/roblox/Cmdr/Cmdr/CmdrClient/CmdrInterface/Window.luau:139:	return Entry.TextBox.Text:gsub("\t", "")
/Users/tatsheen/claw-repos/oss-index/roblox/Cmdr/Cmdr/CmdrClient/CmdrInterface/Window.luau:222:					return self.Cmdr:SetEnabled(true)
/Users/tatsheen/claw-repos/oss-index/roblox/Cmdr/Cmdr/CmdrClient/CmdrInterface/Window.luau:321:	return Window:LoseFocus(submit)
/Users/tatsheen/claw-repos/oss-index/roblox/Cmdr/Cmdr/CmdrClient/CmdrInterface/Window.luau:325:	return Window:BeginInput(input, gameProcessed)
/Users/tatsheen/claw-repos/oss-index/roblox/Cmdr/Cmdr/CmdrClient/CmdrInterface/Window.luau:336:		return Window.OnTextChanged(Entry.TextBox.Text)
/Users/tatsheen/claw-repos/oss-index/roblox/Cmdr/Cmdr/CmdrClient/CmdrInterface/Window.luau:344:return Window
/Users/tatsheen/claw-repos/oss-index/roblox/Cmdr/Cmdr/BuiltInCommands/Debug/fetch.luau:1:return {
/Users/tatsheen/claw-repos/oss-index/roblox/Cmdr/Cmdr/BuiltInCommands/Utility/edit.luau:25:return {
/Users/tatsheen/claw-repos/oss-index/roblox/Cmdr/Cmdr/BuiltInCommands/Utility/edit.luau:77:		return coroutine.yield()
/Users/tatsheen/claw-repos/oss-index/roblox/Cmdr/Cmdr/BuiltInCommands/Utility/bind.luau:4:return {
/Users/tatsheen/claw-repos/oss-index/roblox/Cmdr/Cmdr/BuiltInCommands/Utility/bind.luau:54:			return "Unimplemented..."
/Users/tatsheen/claw-repos/oss-index/roblox/Cmdr/Cmdr/BuiltInCommands/Utility/bind.luau:77:		return "Bound command to input."
/Users/tatsheen/claw-repos/oss-index/roblox/Cmdr/Cmdr/BuiltInCommands/Debug/blink.luau:1:return {
/Users/tatsheen/claw-repos/oss-index/roblox/Cmdr/Cmdr/BuiltInCommands/Debug/blink.luau:16:			return "You don't have a character."
/Users/tatsheen/claw-repos/oss-index/roblox/Cmdr/Cmdr/BuiltInCommands/Debug/blink.luau:21:		return "Blinked!"
/Users/tatsheen/claw-repos/oss-index/roblox/Cmdr/Cmdr/BuiltInTypes/Primitives.luau:5:		return value ~= nil
/Users/tatsheen/claw-repos/oss-index/roblox/Cmdr/Cmdr/BuiltInTypes/Primitives.luau:9:		return tostring(value)
/Users/tatsheen/claw-repos/oss-index/roblox/Cmdr/Cmdr/BuiltInTypes/Primitives.luau:15:		return tonumber(text)
/Users/tatsheen/claw-repos/oss-index/roblox/Cmdr/Cmdr/BuiltInTypes/Primitives.luau:19:		return value ~= nil
/Users/tatsheen/claw-repos/oss-index/roblox/Cmdr/Cmdr/BuiltInTypes/Primitives.luau:23:		return value
/Users/tatsheen/claw-repos/oss-index/roblox/Cmdr/Cmdr/BuiltInTypes/Primitives.luau:29:		return tonumber(text)
/Users/tatsheen/claw-repos/oss-index/roblox/Cmdr/Cmdr/BuiltInTypes/Primitives.luau:33:		return value ~= nil and value == math.floor(value), "Only whole numbers are valid."
/Users/tatsheen/claw-repos/oss-index/roblox/Cmdr/Cmdr/BuiltInTypes/Primitives.luau:37:		return value
/Users/tatsheen/claw-repos/oss-index/roblox/Cmdr/Cmdr/BuiltInTypes/Primitives.luau:43:		return tonumber(text)
/Users/tatsheen/claw-repos/oss-index/roblox/Cmdr/Cmdr/BuiltInTypes/Primitives.luau:47:		return value ~= nil and value == math.floor(value) and value > 0, "Only positive whole numbers are valid."
/Users/tatsheen/claw-repos/oss-index/roblox/Cmdr/Cmdr/BuiltInTypes/Primitives.luau:51:		return value
/Users/tatsheen/claw-repos/oss-index/roblox/Cmdr/Cmdr/BuiltInTypes/Primitives.luau:57:		return tonumber(text)
/Users/tatsheen/claw-repos/oss-index/roblox/Cmdr/Cmdr/BuiltInTypes/Primitives.luau:61:		return value ~= nil and value == math.floor(value) and value >= 0, "Only non-negative whole numbers are valid."
/Users/tatsheen/claw-repos/oss-index/roblox/Cmdr/Cmdr/BuiltInTypes/Primitives.luau:65:		return value
/Users/tatsheen/claw-repos/oss-index/roblox/Cmdr/Cmdr/BuiltInTypes/Primitives.luau:71:		return tonumber(text)
/Users/tatsheen/claw-repos/oss-index/roblox/Cmdr/Cmdr/BuiltInTypes/Primitives.luau:75:		return value ~= nil and value == math.floor(value) and value >= 0 and value <= 255, "Only bytes are valid."
/Users/tatsheen/claw-repos/oss-index/roblox/Cmdr/Cmdr/BuiltInTypes/Primitives.luau:79:		return value
/Users/tatsheen/claw-repos/oss-index/roblox/Cmdr/Cmdr/BuiltInTypes/Primitives.luau:85:		return tonumber(text)
/Users/tatsheen/claw-repos/oss-index/roblox/Cmdr/Cmdr/BuiltInTypes/Primitives.luau:89:		return value ~= nil and value == math.floor(value) and value >= 0 and value <= 9, "Only digits are valid."
/Users/tatsheen/claw-repos/oss-index/roblox/Cmdr/Cmdr/BuiltInTypes/Primitives.luau:93:		return value
/Users/tatsheen/claw-repos/oss-index/roblox/Cmdr/Cmdr/BuiltInTypes/Primitives.luau:104:			return text:lower()
/Users/tatsheen/claw-repos/oss-index/roblox/Cmdr/Cmdr/BuiltInTypes/Primitives.luau:108:			return truthy[value] ~= nil or falsy[value] ~= nil, "Please use true/yes/on or false/no/off."
/Users/tatsheen/claw-repos/oss-index/roblox/Cmdr/Cmdr/BuiltInTypes/Primitives.luau:113:				return true
/Users/tatsheen/claw-repos/oss-index/roblox/Cmdr/Cmdr/BuiltInTypes/Primitives.luau:115:				return false
/Users/tatsheen/claw-repos/oss-index/roblox/Cmdr/Cmdr/BuiltInTypes/Primitives.luau:117:				return nil
/Users/tatsheen/claw-repos/oss-index/roblox/Cmdr/Cmdr/BuiltInTypes/Primitives.luau:123:return function(cmdr)
/Users/tatsheen/claw-repos/oss-index/roblox/Cmdr/Cmdr/CmdrClient/init.luau:82:				return function(_, ...)
/Users/tatsheen/claw-repos/oss-index/roblox/Cmdr/Cmdr/CmdrClient/init.luau:83:					return r(self.Dispatcher, ...)
/Users/tatsheen/claw-repos/oss-index/roblox/Cmdr/Cmdr/CmdrClient/init.luau:222:return Cmdr
/Users/tatsheen/claw-repos/oss-index/roblox/Cmdr/Cmdr/BuiltInCommands/Debug/uptimeServer.luau:3:return function()
/Users/tatsheen/claw-repos/oss-index/roblox/Cmdr/Cmdr/BuiltInCommands/Debug/uptimeServer.luau:5:	return ("%dd %dh %dm %ds"):format(
/Users/tatsheen/claw-repos/oss-index/roblox/Cmdr/Cmdr/BuiltInCommands/Debug/thru.luau:1:return {
/Users/tatsheen/claw-repos/oss-index/roblox/Cmdr/Cmdr/BuiltInCommands/Debug/thru.luau:23:			return "You don't have a character."
/Users/tatsheen/claw-repos/oss-index/roblox/Cmdr/Cmdr/BuiltInCommands/Debug/thru.luau:31:		return "Blinked!"
/Users/tatsheen/claw-repos/oss-index/roblox/Cmdr/Cmdr/BuiltInTypes/JSON.luau:3:return function(registry)
/Users/tatsheen/claw-repos/oss-index/roblox/Cmdr/Cmdr/BuiltInTypes/JSON.luau:6:			return pcall(HttpService.JSONDecode, HttpService, text)
/Users/tatsheen/claw-repos/oss-index/roblox/Cmdr/Cmdr/BuiltInTypes/JSON.luau:10:			return HttpService:JSONDecode(text)
/Users/tatsheen/claw-repos/oss-index/roblox/Cmdr/Cmdr/BuiltInCommands/Debug/position.luau:3:return {
/Users/tatsheen/claw-repos/oss-index/roblox/Cmdr/Cmdr/BuiltInCommands/Debug/position.luau:21:			return ""
/Users/tatsheen/claw-repos/oss-index/roblox/Cmdr/Cmdr/BuiltInCommands/Debug/position.luau:24:		return tostring(character.HumanoidRootPart.Position):gsub("%s", "")
/Users/tatsheen/claw-repos/oss-index/roblox/Cmdr/Cmdr/BuiltInCommands/Admin/respawn.luau:1:return {
/Users/tatsheen/claw-repos/oss-index/roblox/Cmdr/Cmdr/CmdrClient/CmdrInterface/AutoComplete.luau:4:return function(Cmdr)
/Users/tatsheen/claw-repos/oss-index/roblox/Cmdr/Cmdr/CmdrClient/CmdrInterface/AutoComplete.luau:166:			return nil
/Users/tatsheen/claw-repos/oss-index/roblox/Cmdr/Cmdr/CmdrClient/CmdrInterface/AutoComplete.luau:169:		return AutoComplete.Items[AutoComplete.SelectedItem]
/Users/tatsheen/claw-repos/oss-index/roblox/Cmdr/Cmdr/CmdrClient/CmdrInterface/AutoComplete.luau:179:		return Gui.Visible
/Users/tatsheen/claw-repos/oss-index/roblox/Cmdr/Cmdr/CmdrClient/CmdrInterface/AutoComplete.luau:218:	return AutoComplete
/Users/tatsheen/claw-repos/oss-index/roblox/Cmdr/Cmdr/BuiltInCommands/Utility/pick.luau:1:return {
/Users/tatsheen/claw-repos/oss-index/roblox/Cmdr/Cmdr/BuiltInCommands/Utility/pick.luau:20:		return list:split(",")[index] or ""
/Users/tatsheen/claw-repos/oss-index/roblox/Cmdr/Cmdr/BuiltInCommands/Debug/uptime.luau:1:return {
/Users/tatsheen/claw-repos/oss-index/roblox/Cmdr/Cmdr/BuiltInCommands/Utility/varSet.luau:1:return {
/Users/tatsheen/claw-repos/oss-index/roblox/Cmdr/Cmdr/BuiltInCommands/Utility/alias.luau:1:return {
/Users/tatsheen/claw-repos/oss-index/roblox/Cmdr/Cmdr/BuiltInCommands/Utility/alias.luau:22:		return ("Created alias %q"):format(name)
/Users/tatsheen/claw-repos/oss-index/roblox/Cmdr/Cmdr/BuiltInTypes/StoredKey.luau:10:return function(registry)
/Users/tatsheen/claw-repos/oss-index/roblox/Cmdr/Cmdr/BuiltInTypes/StoredKey.luau:17:			return find(text)
/Users/tatsheen/claw-repos/oss-index/roblox/Cmdr/Cmdr/BuiltInTypes/StoredKey.luau:23:					return true
/Users/tatsheen/claw-repos/oss-index/roblox/Cmdr/Cmdr/BuiltInTypes/StoredKey.luau:27:			return false, "Key names must start with an optional modifier: . $ or $. and must begin with a letter."
/Users/tatsheen/claw-repos/oss-index/roblox/Cmdr/Cmdr/BuiltInTypes/StoredKey.luau:31:			return text
/Users/tatsheen/claw-repos/oss-index/roblox/Cmdr/Cmdr/BuiltInCommands/Utility/len.luau:1:return {
/Users/tatsheen/claw-repos/oss-index/roblox/Cmdr/Cmdr/BuiltInCommands/Utility/len.luau:15:		return #(list:split(","))
/Users/tatsheen/claw-repos/oss-index/roblox/Cmdr/Cmdr/BuiltInCommands/Utility/clear.luau:3:return {
/Users/tatsheen/claw-repos/oss-index/roblox/Cmdr/Cmdr/BuiltInCommands/Utility/clear.luau:21:		return ""
/Users/tatsheen/claw-repos/oss-index/roblox/Cmdr/Cmdr/BuiltInCommands/Utility/runif.luau:4:			return text:sub(#arg + 1)
/Users/tatsheen/claw-repos/oss-index/roblox/Cmdr/Cmdr/BuiltInCommands/Utility/runif.luau:9:return {
/Users/tatsheen/claw-repos/oss-index/roblox/Cmdr/Cmdr/BuiltInCommands/Utility/runif.luau:42:			return ("Condition %q is not valid."):format(condition)
/Users/tatsheen/claw-repos/oss-index/roblox/Cmdr/Cmdr/BuiltInCommands/Utility/runif.luau:48:			return context.Dispatcher:EvaluateAndRun(
/Users/tatsheen/claw-repos/oss-index/roblox/Cmdr/Cmdr/BuiltInCommands/Utility/runif.luau:53:		return ""
/Users/tatsheen/claw-repos/oss-index/roblox/Cmdr/Cmdr/BuiltInCommands/Utility/hover.luau:3:return {
/Users/tatsheen/claw-repos/oss-index/roblox/Cmdr/Cmdr/BuiltInCommands/Utility/hover.luau:14:			return ""
/Users/tatsheen/claw-repos/oss-index/roblox/Cmdr/Cmdr/BuiltInCommands/Utility/hover.luau:19:		return p and p.Name or ""
/Users/tatsheen/claw-repos/oss-index/roblox/Cmdr/Cmdr/BuiltInCommands/Utility/unbind.luau:1:return {
/Users/tatsheen/claw-repos/oss-index/roblox/Cmdr/Cmdr/BuiltInCommands/Utility/unbind.luau:20:			return "Unbound command from input."
/Users/tatsheen/claw-repos/oss-index/roblox/Cmdr/Cmdr/BuiltInCommands/Utility/unbind.luau:22:			return "That input wasn't bound."
/Users/tatsheen/claw-repos/oss-index/roblox/Cmdr/Cmdr/BuiltInCommands/Utility/varServer.luau:9:		return DataStore
/Users/tatsheen/claw-repos/oss-index/roblox/Cmdr/Cmdr/BuiltInCommands/Utility/varServer.luau:17:return function(context, key)
/Users/tatsheen/claw-repos/oss-index/roblox/Cmdr/Cmdr/BuiltInCommands/Utility/varServer.luau:37:		return "# You must publish this place to the web to use saved keys."
/Users/tatsheen/claw-repos/oss-index/roblox/Cmdr/Cmdr/BuiltInCommands/Utility/varServer.luau:46:			return table.concat(value, ",") or ""
/Users/tatsheen/claw-repos/oss-index/roblox/Cmdr/Cmdr/BuiltInCommands/Utility/varServer.luau:48:		return value
/Users/tatsheen/claw-repos/oss-index/roblox/Cmdr/Cmdr/BuiltInCommands/Utility/varServer.luau:55:			return table.concat(value, ",") or ""
/Users/tatsheen/claw-repos/oss-index/roblox/Cmdr/Cmdr/BuiltInCommands/Utility/varServer.luau:58:		return value
/Users/tatsheen/claw-repos/oss-index/roblox/Cmdr/Cmdr/BuiltInCommands/Utility/math.luau:1:return {
/Users/tatsheen/claw-repos/oss-index/roblox/Cmdr/Cmdr/BuiltInCommands/Utility/math.luau:33:		return operation.Perform(a, b)
/Users/tatsheen/claw-repos/oss-index/roblox/Cmdr/Cmdr/BuiltInCommands/Utility/replace.luau:1:return {
/Users/tatsheen/claw-repos/oss-index/roblox/Cmdr/Cmdr/BuiltInCommands/Utility/replace.luau:30:		return haystack:gsub(needle, replacement)
/Users/tatsheen/claw-repos/oss-index/roblox/Cmdr/Cmdr/BuiltInCommands/Utility/var.luau:1:return {
/Users/tatsheen/claw-repos/oss-index/roblox/Cmdr/Cmdr/BuiltInCommands/Utility/jsonArrayEncode.luau:3:return {
/Users/tatsheen/claw-repos/oss-index/roblox/Cmdr/Cmdr/BuiltInCommands/Utility/jsonArrayEncode.luau:17:		return HttpService:JSONEncode(text:split(","))
/Users/tatsheen/claw-repos/oss-index/roblox/Cmdr/Cmdr/BuiltInCommands/Utility/run.luau:1:return {
/Users/tatsheen/claw-repos/oss-index/roblox/Cmdr/Cmdr/BuiltInCommands/Utility/run.luau:18:		return context.Cmdr.Util.RunCommandString(context.Dispatcher, commandString)
/Users/tatsheen/claw-repos/oss-index/roblox/Cmdr/Cmdr/BuiltInCommands/Admin/respawnServer.luau:1:return function(_, players)
/Users/tatsheen/claw-repos/oss-index/roblox/Cmdr/Cmdr/BuiltInCommands/Admin/respawnServer.luau:7:	return ("Respawned %d players."):format(#players)
/Users/tatsheen/claw-repos/oss-index/roblox/Cmdr/Cmdr/BuiltInCommands/Utility/jsonArrayDecode.luau:1:return {
/Users/tatsheen/claw-repos/oss-index/roblox/Cmdr/Cmdr/BuiltInCommands/Utility/jsonArrayDecode.luau:19:		return table.concat(value, ",")
/Users/tatsheen/claw-repos/oss-index/roblox/Cmdr/Cmdr/BuiltInCommands/Utility/convertTimestamp.luau:1:return {
/Users/tatsheen/claw-repos/oss-index/roblox/Cmdr/Cmdr/BuiltInCommands/Utility/convertTimestamp.luau:16:		return `{os.date("%x", timestamp)} {os.date("%X", timestamp)}`
/Users/tatsheen/claw-repos/oss-index/roblox/Cmdr/Cmdr/BuiltInCommands/Utility/resolve.luau:1:return {
/Users/tatsheen/claw-repos/oss-index/roblox/Cmdr/Cmdr/BuiltInCommands/Utility/resolve.luau:20:			return {
/Users/tatsheen/claw-repos/oss-index/roblox/Cmdr/Cmdr/BuiltInCommands/Utility/resolve.luau:30:		return table.concat(context:GetArgument(2).RawSegments, ",")
/Users/tatsheen/claw-repos/oss-index/roblox/Cmdr/Cmdr/BuiltInCommands/Admin/gotoPlace.luau:1:return {
/Users/tatsheen/claw-repos/oss-index/roblox/Cmdr/Cmdr/BuiltInCommands/Utility/history.luau:1:return {
/Users/tatsheen/claw-repos/oss-index/roblox/Cmdr/Cmdr/BuiltInCommands/Utility/history.luau:26:		return history[line] or ""
/Users/tatsheen/claw-repos/oss-index/roblox/Cmdr/Cmdr/BuiltInCommands/Admin/kill.luau:1:return {
/Users/tatsheen/claw-repos/oss-index/roblox/Cmdr/Cmdr/BuiltInCommands/Admin/teleportServer.luau:1:return function(_, fromPlayers, destination)
/Users/tatsheen/claw-repos/oss-index/roblox/Cmdr/Cmdr/BuiltInCommands/Admin/teleportServer.luau:8:			return "Target player has no character."
/Users/tatsheen/claw-repos/oss-index/roblox/Cmdr/Cmdr/BuiltInCommands/Admin/teleportServer.luau:23:	return ("Teleported %d players."):format(#fromPlayers)
/Users/tatsheen/claw-repos/oss-index/roblox/Cmdr/Cmdr/BuiltInCommands/Admin/announceServer.luau:5:return function(context, text)
/Users/tatsheen/claw-repos/oss-index/roblox/Cmdr/Cmdr/BuiltInCommands/Admin/announceServer.luau:14:	return "Created announcement."
/Users/tatsheen/claw-repos/oss-index/roblox/Cmdr/Cmdr/BuiltInCommands/Utility/rand.luau:3:return {
/Users/tatsheen/claw-repos/oss-index/roblox/Cmdr/Cmdr/BuiltInCommands/Utility/rand.luau:23:		return tostring(
/Users/tatsheen/claw-repos/oss-index/roblox/Cmdr/Cmdr/BuiltInCommands/Admin/kick.luau:1:return {
/Users/tatsheen/claw-repos/oss-index/roblox/Cmdr/Cmdr/BuiltInCommands/Utility/echo.luau:1:return {
/Users/tatsheen/claw-repos/oss-index/roblox/Cmdr/Cmdr/BuiltInCommands/Utility/echo.luau:15:		return text
/Users/tatsheen/claw-repos/oss-index/roblox/Cmdr/Cmdr/BuiltInCommands/Admin/gotoPlaceServer.luau:3:return function(context, players, placeId, jobId)
/Users/tatsheen/claw-repos/oss-index/roblox/Cmdr/Cmdr/BuiltInCommands/Admin/gotoPlaceServer.luau:7:		return "Invalid place ID"
/Users/tatsheen/claw-repos/oss-index/roblox/Cmdr/Cmdr/BuiltInCommands/Admin/gotoPlaceServer.luau:9:		return "Invalid job ID"
/Users/tatsheen/claw-repos/oss-index/roblox/Cmdr/Cmdr/BuiltInCommands/Admin/gotoPlaceServer.luau:22:	return "Teleported."
/Users/tatsheen/claw-repos/oss-index/roblox/Cmdr/Cmdr/BuiltInCommands/Admin/killServer.luau:1:return function(_, players)
/Users/tatsheen/claw-repos/oss-index/roblox/Cmdr/Cmdr/BuiltInCommands/Admin/killServer.luau:8:	return ("Killed %d players."):format(#players)
