/Users/tatsheen/claw-repos/oss-index/roblox/roact/src/createContext.spec.lua:79:			local function Listener()
/Users/tatsheen/claw-repos/oss-index/roblox/roact/src/createContext.spec.lua:101:			local function Listener()
/Users/tatsheen/claw-repos/oss-index/roblox/roact/src/createContext.spec.lua:144:			function UpdateBlocker:render()
/Users/tatsheen/claw-repos/oss-index/roblox/roact/src/createContext.spec.lua:148:			function UpdateBlocker:shouldUpdate()
/Users/tatsheen/claw-repos/oss-index/roblox/roact/src/createContext.spec.lua:152:			local function Listener()
/Users/tatsheen/claw-repos/oss-index/roblox/roact/src/createContext.spec.lua:192:			local function Listener()
/Users/tatsheen/claw-repos/oss-index/roblox/roact/src/createContext.spec.lua:273:			local function Listener(props)
/Users/tatsheen/claw-repos/oss-index/roblox/roact/src/createContext.spec.lua:321:		function LowestComponent:init() end
/Users/tatsheen/claw-repos/oss-index/roblox/roact/src/createContext.spec.lua:323:		function LowestComponent:render()
/Users/tatsheen/claw-repos/oss-index/roblox/roact/src/createContext.spec.lua:327:		function LowestComponent:didMount()
/Users/tatsheen/claw-repos/oss-index/roblox/roact/src/createContext.spec.lua:332:		function FirstComponent:init() end
/Users/tatsheen/claw-repos/oss-index/roblox/roact/src/createContext.spec.lua:334:		function FirstComponent:render()
/Users/tatsheen/claw-repos/oss-index/roblox/roact/src/createContext.spec.lua:344:		function ChildComponent:init()
/Users/tatsheen/claw-repos/oss-index/roblox/roact/src/createContext.spec.lua:350:		function ChildComponent:render()
/Users/tatsheen/claw-repos/oss-index/roblox/roact/src/createContext.spec.lua:360:		function ChildComponent:didMount()
/Users/tatsheen/claw-repos/oss-index/roblox/roact/src/createContext.spec.lua:370:		function ParentComponent:init()
/Users/tatsheen/claw-repos/oss-index/roblox/roact/src/createContext.spec.lua:381:		function ParentComponent:render()
/Users/tatsheen/claw-repos/oss-index/roblox/roact/src/createFragment.lua:4:local function createFragment(elements)
/Users/tatsheen/claw-repos/oss-index/roblox/roact/src/RobloxRenderer.lua:32:local function identity(...)
/Users/tatsheen/claw-repos/oss-index/roblox/roact/src/RobloxRenderer.lua:36:local function applyRef(ref, newHostObject)
/Users/tatsheen/claw-repos/oss-index/roblox/roact/src/RobloxRenderer.lua:51:local function setRobloxInstanceProperty(hostObject, key, newValue)
/Users/tatsheen/claw-repos/oss-index/roblox/roact/src/RobloxRenderer.lua:64:local function removeBinding(virtualNode, key)
/Users/tatsheen/claw-repos/oss-index/roblox/roact/src/RobloxRenderer.lua:70:local function attachBinding(virtualNode, key, newBinding)
/Users/tatsheen/claw-repos/oss-index/roblox/roact/src/RobloxRenderer.lua:71:	local function updateBoundProperty(newValue)
/Users/tatsheen/claw-repos/oss-index/roblox/roact/src/RobloxRenderer.lua:97:local function detachAllBindings(virtualNode)
/Users/tatsheen/claw-repos/oss-index/roblox/roact/src/RobloxRenderer.lua:106:local function applyProp(virtualNode, key, newValue, oldValue)
/Users/tatsheen/claw-repos/oss-index/roblox/roact/src/RobloxRenderer.lua:148:local function applyProps(virtualNode, props)
/Users/tatsheen/claw-repos/oss-index/roblox/roact/src/RobloxRenderer.lua:154:local function updateProps(virtualNode, oldProps, newProps)
/Users/tatsheen/claw-repos/oss-index/roblox/roact/src/RobloxRenderer.lua:174:function RobloxRenderer.isHostObject(target)
/Users/tatsheen/claw-repos/oss-index/roblox/roact/src/RobloxRenderer.lua:178:function RobloxRenderer.mountHostNode(reconciler, virtualNode)
/Users/tatsheen/claw-repos/oss-index/roblox/roact/src/RobloxRenderer.lua:227:function RobloxRenderer.unmountHostNode(reconciler, virtualNode)
/Users/tatsheen/claw-repos/oss-index/roblox/roact/src/RobloxRenderer.lua:241:function RobloxRenderer.updateHostNode(reconciler, virtualNode, newElement)
/Users/tatsheen/claw-repos/oss-index/roblox/roact/src/Symbol.lua:17:function Symbol.named(name)
/Users/tatsheen/claw-repos/oss-index/roblox/roact/src/Logging.lua:24:local function indent(source, indentLevel)
/Users/tatsheen/claw-repos/oss-index/roblox/roact/src/Logging.lua:34:local function indentLines(lines, indentLevel)
/Users/tatsheen/claw-repos/oss-index/roblox/roact/src/Logging.lua:50:function logInfoMetatable:__tostring()
/Users/tatsheen/claw-repos/oss-index/roblox/roact/src/Logging.lua:84:local function createLogInfo()
/Users/tatsheen/claw-repos/oss-index/roblox/roact/src/Logging.lua:105:function Logging.capture(callback)
/Users/tatsheen/claw-repos/oss-index/roblox/roact/src/Logging.lua:125:function Logging.warn(messageTemplate, ...)
/Users/tatsheen/claw-repos/oss-index/roblox/roact/src/Logging.lua:148:function Logging.warnOnce(messageTemplate, ...)
/Users/tatsheen/claw-repos/oss-index/roblox/roact/src/oneChild.lua:8:local function oneChild(children)
/Users/tatsheen/claw-repos/oss-index/roblox/roact/src/createRef.lua:7:local function createRef()
/Users/tatsheen/claw-repos/oss-index/roblox/roact/src/Binding.lua:13:function bindingPrototype:getValue()
/Users/tatsheen/claw-repos/oss-index/roblox/roact/src/Binding.lua:17:function bindingPrototype:map(predicate)
/Users/tatsheen/claw-repos/oss-index/roblox/roact/src/Binding.lua:28:function BindingInternalApi.update(binding, newValue)
/Users/tatsheen/claw-repos/oss-index/roblox/roact/src/Binding.lua:32:function BindingInternalApi.subscribe(binding, callback)
/Users/tatsheen/claw-repos/oss-index/roblox/roact/src/Binding.lua:36:function BindingInternalApi.getValue(binding)
/Users/tatsheen/claw-repos/oss-index/roblox/roact/src/Binding.lua:40:function BindingInternalApi.create(initialValue)
/Users/tatsheen/claw-repos/oss-index/roblox/roact/src/Binding.lua:46:	function impl.subscribe(callback)
/Users/tatsheen/claw-repos/oss-index/roblox/roact/src/Binding.lua:50:	function impl.update(newValue)
/Users/tatsheen/claw-repos/oss-index/roblox/roact/src/Binding.lua:55:	function impl.getValue()
/Users/tatsheen/claw-repos/oss-index/roblox/roact/src/Binding.lua:65:function BindingInternalApi.map(upstreamBinding, predicate)
/Users/tatsheen/claw-repos/oss-index/roblox/roact/src/Binding.lua:73:	function impl.subscribe(callback)
/Users/tatsheen/claw-repos/oss-index/roblox/roact/src/Binding.lua:79:	function impl.update(_newValue)
/Users/tatsheen/claw-repos/oss-index/roblox/roact/src/Binding.lua:83:	function impl.getValue()
/Users/tatsheen/claw-repos/oss-index/roblox/roact/src/Binding.lua:93:function BindingInternalApi.join(upstreamBindings)
/Users/tatsheen/claw-repos/oss-index/roblox/roact/src/Binding.lua:109:	local function getValue()
/Users/tatsheen/claw-repos/oss-index/roblox/roact/src/Binding.lua:119:	function impl.subscribe(callback)
/Users/tatsheen/claw-repos/oss-index/roblox/roact/src/Binding.lua:141:	function impl.update(_newValue)
/Users/tatsheen/claw-repos/oss-index/roblox/roact/src/Binding.lua:145:	function impl.getValue()
/Users/tatsheen/claw-repos/oss-index/roblox/roact/src/forwardRef.spec.lua:19:		local function FunctionComponent(props)
/Users/tatsheen/claw-repos/oss-index/roblox/roact/src/forwardRef.spec.lua:104:		local function FunctionComponent(props)
/Users/tatsheen/claw-repos/oss-index/roblox/roact/src/forwardRef.spec.lua:172:		local function Child()
/Users/tatsheen/claw-repos/oss-index/roblox/roact/src/forwardRef.spec.lua:176:		local function Wrapper(props)
/Users/tatsheen/claw-repos/oss-index/roblox/roact/src/forwardRef.spec.lua:191:		local function Child(props)
/Users/tatsheen/claw-repos/oss-index/roblox/roact/src/forwardRef.spec.lua:198:		local function Wrapper(props)
/Users/tatsheen/claw-repos/oss-index/roblox/roact/src/forwardRef.spec.lua:216:		local function Child(props)
/Users/tatsheen/claw-repos/oss-index/roblox/roact/src/forwardRef.spec.lua:222:		local function Wrapper(props)
/Users/tatsheen/claw-repos/oss-index/roblox/roact/src/forwardRef.spec.lua:244:		local function Child(props)
/Users/tatsheen/claw-repos/oss-index/roblox/roact/src/forwardRef.spec.lua:251:		local function Wrapper(props)
/Users/tatsheen/claw-repos/oss-index/roblox/roact/src/forwardRef.spec.lua:287:		function Inner:render()
/Users/tatsheen/claw-repos/oss-index/roblox/roact/src/forwardRef.spec.lua:293:		local function Middle(props)
/Users/tatsheen/claw-repos/oss-index/roblox/roact/src/forwardRef.spec.lua:303:		local function App()
/Users/tatsheen/claw-repos/oss-index/roblox/roact/src/forwardRef.spec.lua:324:		local function CaptureProps(props)
/Users/tatsheen/claw-repos/oss-index/roblox/roact/src/createSignal.lua:15:local function createSignal()
/Users/tatsheen/claw-repos/oss-index/roblox/roact/src/createSignal.lua:20:	local function subscribe(_self, callback)
/Users/tatsheen/claw-repos/oss-index/roblox/roact/src/createSignal.lua:36:		local function disconnect()
/Users/tatsheen/claw-repos/oss-index/roblox/roact/src/createSignal.lua:47:	local function fire(_self, ...)
/Users/tatsheen/claw-repos/oss-index/roblox/roact/src/SingleEventManager.lua:23:function SingleEventManager.new(instance)
/Users/tatsheen/claw-repos/oss-index/roblox/roact/src/SingleEventManager.lua:51:function SingleEventManager:connectEvent(key, listener)
/Users/tatsheen/claw-repos/oss-index/roblox/roact/src/SingleEventManager.lua:55:function SingleEventManager:connectPropertyChange(key, listener)
/Users/tatsheen/claw-repos/oss-index/roblox/roact/src/SingleEventManager.lua:67:function SingleEventManager:_connect(eventKey, event, listener)
/Users/tatsheen/claw-repos/oss-index/roblox/roact/src/SingleEventManager.lua:95:function SingleEventManager:suspend()
/Users/tatsheen/claw-repos/oss-index/roblox/roact/src/SingleEventManager.lua:99:function SingleEventManager:resume()
/Users/tatsheen/claw-repos/oss-index/roblox/roact/src/assign.lua:9:local function assign(target, ...)
/Users/tatsheen/claw-repos/oss-index/roblox/roact/src/getDefaultInstanceProperty.lua:16:local function getDefaultInstanceProperty(className, propertyName)
/Users/tatsheen/claw-repos/oss-index/roblox/roact/src/createElement.lua:37:local function createElement(component, props, children)
/Users/tatsheen/claw-repos/oss-index/roblox/roact/src/Component.spec/didUpdate.spec.lua:19:		function MyComponent:render()
/Users/tatsheen/claw-repos/oss-index/roblox/roact/src/Component.spec/didUpdate.spec.lua:61:		function MyComponent:init()
/Users/tatsheen/claw-repos/oss-index/roblox/roact/src/Component.spec/didUpdate.spec.lua:69:		function MyComponent:render() end
/Users/tatsheen/claw-repos/oss-index/roblox/roact/src/createSpy.lua:11:local function createSpy(inner)
/Users/tatsheen/claw-repos/oss-index/roblox/roact/src/strict.lua:2:local function strict(t: { [any]: any }, name: string?)
/Users/tatsheen/claw-repos/oss-index/roblox/roact/src/Component.spec/getElementTraceback.spec.lua:15:		function TestComponent:init()
/Users/tatsheen/claw-repos/oss-index/roblox/roact/src/Component.spec/getElementTraceback.spec.lua:19:		function TestComponent:render()
/Users/tatsheen/claw-repos/oss-index/roblox/roact/src/Component.spec/getElementTraceback.spec.lua:49:		function TestComponent:init()
/Users/tatsheen/claw-repos/oss-index/roblox/roact/src/Component.spec/getElementTraceback.spec.lua:53:		function TestComponent:render()
/Users/tatsheen/claw-repos/oss-index/roblox/roact/src/createContext.lua:10:local function createContextEntry(currentValue)
/Users/tatsheen/claw-repos/oss-index/roblox/roact/src/createContext.lua:17:local function createProvider(context)
/Users/tatsheen/claw-repos/oss-index/roblox/roact/src/createContext.lua:20:	function Provider:init(props)
/Users/tatsheen/claw-repos/oss-index/roblox/roact/src/createContext.lua:25:	function Provider:willUpdate(nextProps)
/Users/tatsheen/claw-repos/oss-index/roblox/roact/src/createContext.lua:36:	function Provider:didUpdate(prevProps)
/Users/tatsheen/claw-repos/oss-index/roblox/roact/src/createContext.lua:51:	function Provider:render()
/Users/tatsheen/claw-repos/oss-index/roblox/roact/src/createContext.lua:58:local function createConsumer(context)
/Users/tatsheen/claw-repos/oss-index/roblox/roact/src/createContext.lua:61:	function Consumer.validateProps(props)
/Users/tatsheen/claw-repos/oss-index/roblox/roact/src/createContext.lua:69:	function Consumer:init(_props)
/Users/tatsheen/claw-repos/oss-index/roblox/roact/src/createContext.lua:75:	function Consumer:render()
/Users/tatsheen/claw-repos/oss-index/roblox/roact/src/createContext.lua:90:	function Consumer:didUpdate()
/Users/tatsheen/claw-repos/oss-index/roblox/roact/src/createContext.lua:99:	function Consumer:didMount()
/Users/tatsheen/claw-repos/oss-index/roblox/roact/src/createContext.lua:119:	function Consumer:willUnmount()
/Users/tatsheen/claw-repos/oss-index/roblox/roact/src/createContext.lua:132:function Context.new(defaultValue)
/Users/tatsheen/claw-repos/oss-index/roblox/roact/src/createContext.lua:139:function Context:__tostring()
/Users/tatsheen/claw-repos/oss-index/roblox/roact/src/createContext.lua:143:local function createContext(defaultValue)
/Users/tatsheen/claw-repos/oss-index/roblox/roact/src/Component.spec/context.spec.lua:15:		function Provider:init()
/Users/tatsheen/claw-repos/oss-index/roblox/roact/src/Component.spec/context.spec.lua:19:		function Provider:render() end
/Users/tatsheen/claw-repos/oss-index/roblox/roact/src/Component.spec/context.spec.lua:37:		function Consumer:init()
/Users/tatsheen/claw-repos/oss-index/roblox/roact/src/Component.spec/context.spec.lua:44:		function Consumer:render() end
/Users/tatsheen/claw-repos/oss-index/roblox/roact/src/Component.spec/context.spec.lua:48:		function Parent:render()
/Users/tatsheen/claw-repos/oss-index/roblox/roact/src/Component.spec/context.spec.lua:71:		function Consumer:init()
/Users/tatsheen/claw-repos/oss-index/roblox/roact/src/Component.spec/context.spec.lua:78:		function Consumer:render() end
/Users/tatsheen/claw-repos/oss-index/roblox/roact/src/Component.spec/context.spec.lua:80:		local function Parent()
/Users/tatsheen/claw-repos/oss-index/roblox/roact/src/Component.spec/context.spec.lua:102:		function Parent:init()
/Users/tatsheen/claw-repos/oss-index/roblox/roact/src/Component.spec/context.spec.lua:106:		function Parent:render()
/Users/tatsheen/claw-repos/oss-index/roblox/roact/src/Component.spec/context.spec.lua:131:		function ChildProvider:init()
/Users/tatsheen/claw-repos/oss-index/roblox/roact/src/Component.spec/context.spec.lua:135:		function ChildProvider:render() end
/Users/tatsheen/claw-repos/oss-index/roblox/roact/src/Component.spec/context.spec.lua:139:		function ParentProvider:init()
/Users/tatsheen/claw-repos/oss-index/roblox/roact/src/Component.spec/context.spec.lua:143:		function ParentProvider:render()
/Users/tatsheen/claw-repos/oss-index/roblox/roact/src/Component.spec/context.spec.lua:172:		function Consumer:init()
/Users/tatsheen/claw-repos/oss-index/roblox/roact/src/Component.spec/context.spec.lua:179:		function Consumer:render() end
/Users/tatsheen/claw-repos/oss-index/roblox/roact/src/Component.spec/context.spec.lua:183:		function Provider:init()
/Users/tatsheen/claw-repos/oss-index/roblox/roact/src/Component.spec/context.spec.lua:187:		function Provider:render()
/Users/tatsheen/claw-repos/oss-index/roblox/roact/src/Component.spec/context.spec.lua:221:		local function captureAllContext(component)
/Users/tatsheen/claw-repos/oss-index/roblox/roact/src/Component.spec/context.spec.lua:230:		function ConsumerA:init()
/Users/tatsheen/claw-repos/oss-index/roblox/roact/src/Component.spec/context.spec.lua:236:		function ConsumerA:render() end
/Users/tatsheen/claw-repos/oss-index/roblox/roact/src/Component.spec/context.spec.lua:241:		function ConsumerB:init()
/Users/tatsheen/claw-repos/oss-index/roblox/roact/src/Component.spec/context.spec.lua:247:		function ConsumerB:render() end
/Users/tatsheen/claw-repos/oss-index/roblox/roact/src/Component.spec/context.spec.lua:251:		function Provider:init()
/Users/tatsheen/claw-repos/oss-index/roblox/roact/src/Component.spec/context.spec.lua:255:		function Provider:render()
/Users/tatsheen/claw-repos/oss-index/roblox/roact/src/Component.spec/willUnmount.spec.lua:19:		function MyComponent:render()
/Users/tatsheen/claw-repos/oss-index/roblox/roact/src/Component.lua:29:function componentClassMetatable:__tostring()
/Users/tatsheen/claw-repos/oss-index/roblox/roact/src/Component.lua:45:function Component:extend(name)
/Users/tatsheen/claw-repos/oss-index/roblox/roact/src/Component.lua:71:function Component:__getDerivedState(incomingProps, incomingState)
/Users/tatsheen/claw-repos/oss-index/roblox/roact/src/Component.lua:94:function Component:setState(mapState)
/Users/tatsheen/claw-repos/oss-index/roblox/roact/src/Component.lua:178:function Component:getElementTraceback()
/Users/tatsheen/claw-repos/oss-index/roblox/roact/src/Component.lua:189:function Component:render()
/Users/tatsheen/claw-repos/oss-index/roblox/roact/src/Component.lua:201:function Component:__getContext(key)
/Users/tatsheen/claw-repos/oss-index/roblox/roact/src/Component.lua:217:function Component:__addContext(key, value)
/Users/tatsheen/claw-repos/oss-index/roblox/roact/src/Component.lua:244:function Component:__validateProps(props)
/Users/tatsheen/claw-repos/oss-index/roblox/roact/src/Component.lua:283:function Component:__mount(reconciler, virtualNode)
/Users/tatsheen/claw-repos/oss-index/roblox/roact/src/Component.lua:357:function Component:__unmount()
/Users/tatsheen/claw-repos/oss-index/roblox/roact/src/Component.lua:382:function Component:__update(updatedElement, updatedState)
/Users/tatsheen/claw-repos/oss-index/roblox/roact/src/Component.lua:459:function Component:__resolveUpdate(incomingProps, incomingState)
/Users/tatsheen/claw-repos/oss-index/roblox/roact/src/PureComponent.spec.lua:22:		function PureChild:willUpdate()
/Users/tatsheen/claw-repos/oss-index/roblox/roact/src/PureComponent.spec.lua:26:		function PureChild:render()
/Users/tatsheen/claw-repos/oss-index/roblox/roact/src/PureComponent.spec.lua:32:		function PureContainer:init()
/Users/tatsheen/claw-repos/oss-index/roblox/roact/src/PureComponent.spec.lua:38:		function PureContainer:didMount()
/Users/tatsheen/claw-repos/oss-index/roblox/roact/src/PureComponent.spec.lua:46:		function PureContainer:render()
/Users/tatsheen/claw-repos/oss-index/roblox/roact/examples/clock/init.lua:6:	local function ClockApp(props)
/Users/tatsheen/claw-repos/oss-index/roblox/roact/examples/clock/init.lua:43:	local function stop()
/Users/tatsheen/claw-repos/oss-index/roblox/roact/src/NoopRenderer.lua:8:function NoopRenderer.isHostObject(target)
/Users/tatsheen/claw-repos/oss-index/roblox/roact/src/NoopRenderer.lua:14:function NoopRenderer.mountHostNode(_reconciler, _node) end
/Users/tatsheen/claw-repos/oss-index/roblox/roact/src/NoopRenderer.lua:16:function NoopRenderer.unmountHostNode(_reconciler, _node) end
/Users/tatsheen/claw-repos/oss-index/roblox/roact/src/NoopRenderer.lua:18:function NoopRenderer.updateHostNode(_reconciler, node, _newElement)
/Users/tatsheen/claw-repos/oss-index/roblox/roact/src/createReconciler.lua:25:local function createReconciler(renderer)
/Users/tatsheen/claw-repos/oss-index/roblox/roact/src/createReconciler.lua:37:	local function replaceVirtualNode(virtualNode, newElement)
/Users/tatsheen/claw-repos/oss-index/roblox/roact/src/createReconciler.lua:70:	local function updateChildren(virtualNode, hostParent, newChildElements)
/Users/tatsheen/claw-repos/oss-index/roblox/roact/src/createReconciler.lua:143:	local function updateVirtualNodeWithChildren(virtualNode, hostParent, newChildElements)
/Users/tatsheen/claw-repos/oss-index/roblox/roact/src/createReconciler.lua:147:	local function updateVirtualNodeWithRenderResult(virtualNode, hostParent, renderResult)
/Users/tatsheen/claw-repos/oss-index/roblox/roact/src/createReconciler.lua:164:	function unmountVirtualNode(virtualNode)
/Users/tatsheen/claw-repos/oss-index/roblox/roact/src/createReconciler.lua:195:	local function updateFunctionVirtualNode(virtualNode, newElement)
/Users/tatsheen/claw-repos/oss-index/roblox/roact/src/createReconciler.lua:203:	local function updatePortalVirtualNode(virtualNode, newElement)
/Users/tatsheen/claw-repos/oss-index/roblox/roact/src/createReconciler.lua:222:	local function updateFragmentVirtualNode(virtualNode, newElement)
/Users/tatsheen/claw-repos/oss-index/roblox/roact/src/createReconciler.lua:240:	function updateVirtualNode(virtualNode, newElement, newState: { [any]: any }?): { [any]: any }?
/Users/tatsheen/claw-repos/oss-index/roblox/roact/src/createReconciler.lua:297:	local function createVirtualNode(element, hostParent, hostKey, context, legacyContext)
/Users/tatsheen/claw-repos/oss-index/roblox/roact/src/createReconciler.lua:345:	local function mountFunctionVirtualNode(virtualNode)
/Users/tatsheen/claw-repos/oss-index/roblox/roact/src/createReconciler.lua:353:	local function mountPortalVirtualNode(virtualNode)
/Users/tatsheen/claw-repos/oss-index/roblox/roact/src/createReconciler.lua:364:	local function mountFragmentVirtualNode(virtualNode)
/Users/tatsheen/claw-repos/oss-index/roblox/roact/src/createReconciler.lua:375:	function mountVirtualNode(element, hostParent, hostKey, context, legacyContext)
/Users/tatsheen/claw-repos/oss-index/roblox/roact/src/createReconciler.lua:424:	local function mountVirtualTree(element, hostParent, hostKey)
/Users/tatsheen/claw-repos/oss-index/roblox/roact/src/createReconciler.lua:455:	local function unmountVirtualTree(tree)
/Users/tatsheen/claw-repos/oss-index/roblox/roact/src/createReconciler.lua:473:	local function updateVirtualTree(tree, newElement)
/Users/tatsheen/claw-repos/oss-index/roblox/roact/examples/hello-roact/init.lua:17:	local function stop()
/Users/tatsheen/claw-repos/oss-index/roblox/roact/benchmarks/init.server.lua:4:local function findBenchmarkModules(root, moduleList)
/Users/tatsheen/claw-repos/oss-index/roblox/roact/benchmarks/init.server.lua:14:local function noop() end
/Users/tatsheen/claw-repos/oss-index/roblox/roact/benchmarks/init.server.lua:17:local function getEmptyTime(iterations)
/Users/tatsheen/claw-repos/oss-index/roblox/roact/examples/changed-signal/init.lua:10:	local function InputTextBox(props)
/Users/tatsheen/claw-repos/oss-index/roblox/roact/examples/changed-signal/init.lua:25:	local function ReversedText(props)
/Users/tatsheen/claw-repos/oss-index/roblox/roact/examples/changed-signal/init.lua:42:	function TextReverser:init()
/Users/tatsheen/claw-repos/oss-index/roblox/roact/examples/changed-signal/init.lua:48:	function TextReverser:render()
/Users/tatsheen/claw-repos/oss-index/roblox/roact/examples/changed-signal/init.lua:80:	local function stop()
/Users/tatsheen/claw-repos/oss-index/roblox/roact/src/Config.lua:35:function Config.new()
/Users/tatsheen/claw-repos/oss-index/roblox/roact/src/Config.lua:69:function Config:set(configValues)
/Users/tatsheen/claw-repos/oss-index/roblox/roact/src/Config.lua:96:function Config:get()
/Users/tatsheen/claw-repos/oss-index/roblox/roact/src/Config.lua:100:function Config:scoped(configValues, callback)
/Users/tatsheen/claw-repos/oss-index/roblox/roact/examples/event/init.lua:23:	local function stop()
/Users/tatsheen/claw-repos/oss-index/roblox/roact/examples/init.client.lua:43:function Examples.makeBackButton()
/Users/tatsheen/claw-repos/oss-index/roblox/roact/examples/init.client.lua:72:function Examples.openExample(example)
/Users/tatsheen/claw-repos/oss-index/roblox/roact/examples/init.client.lua:81:function Examples.makeExampleList()
/Users/tatsheen/claw-repos/oss-index/roblox/roact/src/ElementKind.lua:25:function ElementKindInternal.of(value)
/Users/tatsheen/claw-repos/oss-index/roblox/roact/src/ElementKind.lua:39:function ElementKindInternal.fromComponent(component)
/Users/tatsheen/claw-repos/oss-index/roblox/roact/src/internalAssert.lua:1:local function internalAssert(condition, message)
/Users/tatsheen/claw-repos/oss-index/roblox/roact/src/ElementUtils.lua:5:local function noop()
/Users/tatsheen/claw-repos/oss-index/roblox/roact/src/ElementUtils.lua:43:function ElementUtils.iterateElements<K>(elementOrElements): (Iterator<K, Element>, any, nil)
/Users/tatsheen/claw-repos/oss-index/roblox/roact/src/ElementUtils.lua:82:function ElementUtils.getElementByKey(elements, hostKey)
/Users/tatsheen/claw-repos/oss-index/roblox/roact/src/assertDeepEqual.lua:10:local function deepEqual(a: any, b: any): (boolean, string?)
/Users/tatsheen/claw-repos/oss-index/roblox/roact/src/assertDeepEqual.lua:57:local function assertDeepEqual(a, b)
/Users/tatsheen/claw-repos/oss-index/roblox/roact/src/Component.spec/setState.spec.lua:20:			function InitComponent:init()
/Users/tatsheen/claw-repos/oss-index/roblox/roact/src/Component.spec/setState.spec.lua:26:			function InitComponent:willUpdate()
/Users/tatsheen/claw-repos/oss-index/roblox/roact/src/Component.spec/setState.spec.lua:30:			function InitComponent:render()
/Users/tatsheen/claw-repos/oss-index/roblox/roact/src/Component.spec/setState.spec.lua:48:			function TestComponent:render()
/Users/tatsheen/claw-repos/oss-index/roblox/roact/src/Component.spec/setState.spec.lua:66:			function TestComponent:render()
/Users/tatsheen/claw-repos/oss-index/roblox/roact/src/Component.spec/setState.spec.lua:70:			function TestComponent:shouldUpdate()
/Users/tatsheen/claw-repos/oss-index/roblox/roact/src/Component.spec/setState.spec.lua:91:			function TestComponent:render()
/Users/tatsheen/claw-repos/oss-index/roblox/roact/src/Component.spec/setState.spec.lua:95:			function TestComponent:willUpdate()
/Users/tatsheen/claw-repos/oss-index/roblox/roact/src/Component.spec/setState.spec.lua:115:			function TestComponent:render()
/Users/tatsheen/claw-repos/oss-index/roblox/roact/src/Component.spec/setState.spec.lua:119:			function TestComponent:willUnmount()
/Users/tatsheen/claw-repos/oss-index/roblox/roact/src/Component.spec/setState.spec.lua:137:			function TestComponent:init()
/Users/tatsheen/claw-repos/oss-index/roblox/roact/src/Component.spec/setState.spec.lua:151:			function TestComponent:render()
/Users/tatsheen/claw-repos/oss-index/roblox/roact/src/Component.spec/setState.spec.lua:173:			function TestComponent:init()
/Users/tatsheen/claw-repos/oss-index/roblox/roact/src/Component.spec/setState.spec.lua:191:			function TestComponent:render()
/Users/tatsheen/claw-repos/oss-index/roblox/roact/src/Component.spec/setState.spec.lua:219:			function TestComponent:init()
/Users/tatsheen/claw-repos/oss-index/roblox/roact/src/Component.spec/setState.spec.lua:229:			function TestComponent:render()
/Users/tatsheen/claw-repos/oss-index/roblox/roact/src/Component.spec/setState.spec.lua:253:			function Child:render()
/Users/tatsheen/claw-repos/oss-index/roblox/roact/src/Component.spec/setState.spec.lua:257:			function Child:didMount()
/Users/tatsheen/claw-repos/oss-index/roblox/roact/src/Component.spec/setState.spec.lua:263:			function Parent:init()
/Users/tatsheen/claw-repos/oss-index/roblox/roact/src/Component.spec/setState.spec.lua:269:			function Parent:render()
/Users/tatsheen/claw-repos/oss-index/roblox/roact/src/Component.spec/setState.spec.lua:293:			function Child:render()
/Users/tatsheen/claw-repos/oss-index/roblox/roact/src/Component.spec/setState.spec.lua:297:			function Child:didUpdate()
/Users/tatsheen/claw-repos/oss-index/roblox/roact/src/Component.spec/setState.spec.lua:303:			function Parent:init()
/Users/tatsheen/claw-repos/oss-index/roblox/roact/src/Component.spec/setState.spec.lua:309:			function Parent:render()
/Users/tatsheen/claw-repos/oss-index/roblox/roact/src/Component.spec/setState.spec.lua:343:			function Child:render()
/Users/tatsheen/claw-repos/oss-index/roblox/roact/src/Component.spec/setState.spec.lua:347:			function Child:didMount()
/Users/tatsheen/claw-repos/oss-index/roblox/roact/src/Component.spec/setState.spec.lua:354:			function Parent:init()
/Users/tatsheen/claw-repos/oss-index/roblox/roact/src/Component.spec/setState.spec.lua:360:			function Parent:render()
/Users/tatsheen/claw-repos/oss-index/roblox/roact/src/Component.spec/setState.spec.lua:386:			function Child:render()
/Users/tatsheen/claw-repos/oss-index/roblox/roact/src/Component.spec/setState.spec.lua:390:			function Child:didMount()
/Users/tatsheen/claw-repos/oss-index/roblox/roact/src/Component.spec/setState.spec.lua:425:			function Child:render()
/Users/tatsheen/claw-repos/oss-index/roblox/roact/src/Component.spec/setState.spec.lua:429:			function Child:didMount()
/Users/tatsheen/claw-repos/oss-index/roblox/roact/src/Component.spec/setState.spec.lua:442:			function Parent:init()
/Users/tatsheen/claw-repos/oss-index/roblox/roact/src/Component.spec/setState.spec.lua:448:			function Parent:render()
/Users/tatsheen/claw-repos/oss-index/roblox/roact/src/Component.spec/setState.spec.lua:474:			function MyComponent:init()
/Users/tatsheen/claw-repos/oss-index/roblox/roact/src/Component.spec/setState.spec.lua:489:			function MyComponent:render()
/Users/tatsheen/claw-repos/oss-index/roblox/roact/src/Component.spec/setState.spec.lua:493:			function MyComponent:didUpdate()
/Users/tatsheen/claw-repos/oss-index/roblox/roact/src/Component.spec/setState.spec.lua:523:			function InfiniteUpdater:render()
/Users/tatsheen/claw-repos/oss-index/roblox/roact/src/Component.spec/setState.spec.lua:527:			function InfiniteUpdater:didMount()
/Users/tatsheen/claw-repos/oss-index/roblox/roact/src/Component.spec/setState.spec.lua:531:			function InfiniteUpdater:didUpdate()
/Users/tatsheen/claw-repos/oss-index/roblox/roact/src/Component.spec/setState.spec.lua:564:			function MyComponent:init()
/Users/tatsheen/claw-repos/oss-index/roblox/roact/src/Component.spec/setState.spec.lua:572:			function MyComponent:render()
/Users/tatsheen/claw-repos/oss-index/roblox/roact/src/Component.spec/setState.spec.lua:576:			function MyComponent:didMount()
/Users/tatsheen/claw-repos/oss-index/roblox/roact/src/Component.spec/setState.spec.lua:584:			function MyComponent:didUpdate(_oldProps, oldState)
/Users/tatsheen/claw-repos/oss-index/roblox/roact/src/Component.spec/willUpdate.spec.lua:20:		function MyComponent:render()
/Users/tatsheen/claw-repos/oss-index/roblox/roact/src/Component.spec/willUpdate.spec.lua:57:		function MyComponent:init()
/Users/tatsheen/claw-repos/oss-index/roblox/roact/src/Component.spec/willUpdate.spec.lua:67:		function MyComponent:render()
/Users/tatsheen/claw-repos/oss-index/roblox/roact/src/forwardRef.lua:15:local function forwardRef(render)
/Users/tatsheen/claw-repos/oss-index/roblox/roact/src/Component.spec/legacyContext.spec.lua:14:		function Provider:init()
/Users/tatsheen/claw-repos/oss-index/roblox/roact/src/Component.spec/legacyContext.spec.lua:18:		function Provider:render() end
/Users/tatsheen/claw-repos/oss-index/roblox/roact/src/Component.spec/legacyContext.spec.lua:36:		function Consumer:init()
/Users/tatsheen/claw-repos/oss-index/roblox/roact/src/Component.spec/legacyContext.spec.lua:40:		function Consumer:render() end
/Users/tatsheen/claw-repos/oss-index/roblox/roact/src/Component.spec/legacyContext.spec.lua:44:		function Parent:render()
/Users/tatsheen/claw-repos/oss-index/roblox/roact/src/Component.spec/legacyContext.spec.lua:67:		function Consumer:init()
/Users/tatsheen/claw-repos/oss-index/roblox/roact/src/Component.spec/legacyContext.spec.lua:71:		function Consumer:render() end
/Users/tatsheen/claw-repos/oss-index/roblox/roact/src/Component.spec/legacyContext.spec.lua:73:		local function Parent()
/Users/tatsheen/claw-repos/oss-index/roblox/roact/src/Component.spec/legacyContext.spec.lua:96:		function Consumer:init()
/Users/tatsheen/claw-repos/oss-index/roblox/roact/src/Component.spec/legacyContext.spec.lua:100:		function Consumer:render() end
/Users/tatsheen/claw-repos/oss-index/roblox/roact/src/Component.spec/legacyContext.spec.lua:104:		function Provider:init()
/Users/tatsheen/claw-repos/oss-index/roblox/roact/src/Component.spec/legacyContext.spec.lua:108:		function Provider:render()
/Users/tatsheen/claw-repos/oss-index/roblox/roact/src/Component.spec/legacyContext.spec.lua:143:		function ConsumerA:init()
/Users/tatsheen/claw-repos/oss-index/roblox/roact/src/Component.spec/legacyContext.spec.lua:149:		function ConsumerA:render() end
/Users/tatsheen/claw-repos/oss-index/roblox/roact/src/Component.spec/legacyContext.spec.lua:154:		function ConsumerB:init()
/Users/tatsheen/claw-repos/oss-index/roblox/roact/src/Component.spec/legacyContext.spec.lua:160:		function ConsumerB:render() end
/Users/tatsheen/claw-repos/oss-index/roblox/roact/src/Component.spec/legacyContext.spec.lua:164:		function Provider:init()
/Users/tatsheen/claw-repos/oss-index/roblox/roact/src/Component.spec/legacyContext.spec.lua:168:		function Provider:render()
/Users/tatsheen/claw-repos/oss-index/roblox/roact/src/Component.spec/defaultProps.spec.lua:23:		function Foo:init()
/Users/tatsheen/claw-repos/oss-index/roblox/roact/src/Component.spec/defaultProps.spec.lua:27:		function Foo:render() end
/Users/tatsheen/claw-repos/oss-index/roblox/roact/src/Component.spec/defaultProps.spec.lua:60:		function Foo:render()
/Users/tatsheen/claw-repos/oss-index/roblox/roact/src/Component.spec/defaultProps.spec.lua:102:		function Foo:render()
/Users/tatsheen/claw-repos/oss-index/roblox/roact/src/Component.spec/shouldUpdate.spec.lua:27:		function MyComponent:render()
/Users/tatsheen/claw-repos/oss-index/roblox/roact/src/Component.spec/shouldUpdate.spec.lua:72:		function MyComponent:init()
/Users/tatsheen/claw-repos/oss-index/roblox/roact/src/Component.spec/shouldUpdate.spec.lua:93:		function MyComponent:render()
/Users/tatsheen/claw-repos/oss-index/roblox/roact/src/Component.spec/shouldUpdate.spec.lua:129:		function MyComponent:shouldUpdate()
/Users/tatsheen/claw-repos/oss-index/roblox/roact/src/Component.spec/shouldUpdate.spec.lua:154:		function MyComponent:shouldUpdate()
/Users/tatsheen/claw-repos/oss-index/roblox/roact/src/Component.spec/render.spec.lua:108:		function Foo:init()
/Users/tatsheen/claw-repos/oss-index/roblox/roact/src/Component.spec/getDerivedStateFromProps.spec.lua:19:		function WithDerivedState:render()
/Users/tatsheen/claw-repos/oss-index/roblox/roact/src/Component.spec/getDerivedStateFromProps.spec.lua:45:		function WithDerivedState:render()
/Users/tatsheen/claw-repos/oss-index/roblox/roact/src/Component.spec/getDerivedStateFromProps.spec.lua:81:		function WithDerivedState:init()
/Users/tatsheen/claw-repos/oss-index/roblox/roact/src/Component.spec/getDerivedStateFromProps.spec.lua:87:		function WithDerivedState:render()
/Users/tatsheen/claw-repos/oss-index/roblox/roact/src/Component.spec/getDerivedStateFromProps.spec.lua:120:		function WithDerivedState:init()
/Users/tatsheen/claw-repos/oss-index/roblox/roact/src/Component.spec/getDerivedStateFromProps.spec.lua:126:		function WithDerivedState:render()
/Users/tatsheen/claw-repos/oss-index/roblox/roact/src/Component.spec/getDerivedStateFromProps.spec.lua:164:		function WithDerivedState:render()
/Users/tatsheen/claw-repos/oss-index/roblox/roact/src/Component.spec/getDerivedStateFromProps.spec.lua:209:		function Child:render()
/Users/tatsheen/claw-repos/oss-index/roblox/roact/src/Component.spec/getDerivedStateFromProps.spec.lua:213:		function Child:didMount()
/Users/tatsheen/claw-repos/oss-index/roblox/roact/src/Component.spec/getDerivedStateFromProps.spec.lua:221:		function Parent:render()
/Users/tatsheen/claw-repos/oss-index/roblox/roact/src/Component.spec/getDerivedStateFromProps.spec.lua:259:		function WithDerivedState:init()
/Users/tatsheen/claw-repos/oss-index/roblox/roact/src/Component.spec/getDerivedStateFromProps.spec.lua:269:		function WithDerivedState:render()
/Users/tatsheen/claw-repos/oss-index/roblox/roact/src/Component.spec/validateProps.spec.lua:26:			function MyComponent:render()
/Users/tatsheen/claw-repos/oss-index/roblox/roact/src/Component.spec/validateProps.spec.lua:53:			function MyComponent:render()
/Users/tatsheen/claw-repos/oss-index/roblox/roact/src/Component.spec/validateProps.spec.lua:91:			function MyComponent:init()
/Users/tatsheen/claw-repos/oss-index/roblox/roact/src/Component.spec/validateProps.spec.lua:97:			function MyComponent:render()
/Users/tatsheen/claw-repos/oss-index/roblox/roact/src/Component.spec/validateProps.spec.lua:128:			function MyComponent:render()
/Users/tatsheen/claw-repos/oss-index/roblox/roact/src/Component.spec/validateProps.spec.lua:153:			function MyComponent:render()
/Users/tatsheen/claw-repos/oss-index/roblox/roact/src/Component.spec/validateProps.spec.lua:178:			function MyComponent:render()
/Users/tatsheen/claw-repos/oss-index/roblox/roact/src/Component.spec/validateProps.spec.lua:210:			function MyComponent:render()
/Users/tatsheen/claw-repos/oss-index/roblox/roact/src/Component.spec/validateProps.spec.lua:253:			function MyComponent:render()
/Users/tatsheen/claw-repos/oss-index/roblox/roact/src/Component.spec/init.spec.lua:20:		function MyComponent:render()
/Users/tatsheen/claw-repos/oss-index/roblox/roact/examples/ref/init.lua:12:	function SearchBar:init()
/Users/tatsheen/claw-repos/oss-index/roblox/roact/examples/ref/init.lua:16:	function SearchBar:render()
/Users/tatsheen/claw-repos/oss-index/roblox/roact/examples/ref/init.lua:50:	local function stop()
/Users/tatsheen/claw-repos/oss-index/roblox/roact/src/Component.spec/didMount.spec.lua:19:		function MyComponent:render()
/Users/tatsheen/claw-repos/oss-index/roblox/roact/src/Type.lua:19:local function addType(name)
/Users/tatsheen/claw-repos/oss-index/roblox/roact/src/Type.lua:32:function TypeInternal.of(value)
/Users/tatsheen/claw-repos/oss-index/roblox/roact/examples/stress-test/init.lua:13:	local function Node(props)
/Users/tatsheen/claw-repos/oss-index/roblox/roact/examples/stress-test/init.lua:32:	function App:init()
/Users/tatsheen/claw-repos/oss-index/roblox/roact/examples/stress-test/init.lua:38:	function App:render()
/Users/tatsheen/claw-repos/oss-index/roblox/roact/examples/stress-test/init.lua:61:	function App:didMount()
/Users/tatsheen/claw-repos/oss-index/roblox/roact/examples/stress-test/init.lua:69:	function App:willUnmount()
/Users/tatsheen/claw-repos/oss-index/roblox/roact/examples/stress-test/init.lua:79:	local function stop()
/Users/tatsheen/claw-repos/oss-index/roblox/roact/src/createReconcilerCompat.lua:23:local function createReconcilerCompat(reconciler)
/Users/tatsheen/claw-repos/oss-index/roblox/roact/src/createReconcilerCompat.lua:26:	function compat.reify(...)
/Users/tatsheen/claw-repos/oss-index/roblox/roact/src/createReconcilerCompat.lua:32:	function compat.teardown(...)
/Users/tatsheen/claw-repos/oss-index/roblox/roact/src/createReconcilerCompat.lua:38:	function compat.reconcile(...)
/Users/tatsheen/claw-repos/oss-index/roblox/roact/src/PureComponent.lua:15:function PureComponent:shouldUpdate(newProps, newState)
/Users/tatsheen/claw-repos/oss-index/roblox/roact/src/ElementKind.spec.lua:33:			local function foo() end
/Users/tatsheen/claw-repos/oss-index/roblox/roact/examples/binding/init.lua:8:	function BindingExample:init()
/Users/tatsheen/claw-repos/oss-index/roblox/roact/examples/binding/init.lua:12:	function BindingExample:render()
/Users/tatsheen/claw-repos/oss-index/roblox/roact/examples/binding/init.lua:23:	function BindingExample:didMount()
/Users/tatsheen/claw-repos/oss-index/roblox/roact/examples/binding/init.lua:36:	function BindingExample:willUnmount()
/Users/tatsheen/claw-repos/oss-index/roblox/roact/examples/binding/init.lua:46:	local function stop()
/Users/tatsheen/claw-repos/oss-index/roblox/roact/src/RobloxRenderer.spec.lua:553:			local function FunctionComponent(props)
/Users/tatsheen/claw-repos/oss-index/roblox/roact/src/RobloxRenderer.spec.lua:725:			local function parent(_props)
/Users/tatsheen/claw-repos/oss-index/roblox/roact/src/RobloxRenderer.spec.lua:816:			function Consumer:init()
/Users/tatsheen/claw-repos/oss-index/roblox/roact/src/RobloxRenderer.spec.lua:822:			function Consumer:render() end
/Users/tatsheen/claw-repos/oss-index/roblox/roact/src/RobloxRenderer.spec.lua:845:			function Provider:init()
/Users/tatsheen/claw-repos/oss-index/roblox/roact/src/RobloxRenderer.spec.lua:849:			function Provider:render()
/Users/tatsheen/claw-repos/oss-index/roblox/roact/src/RobloxRenderer.spec.lua:856:			function Consumer:init()
/Users/tatsheen/claw-repos/oss-index/roblox/roact/src/RobloxRenderer.spec.lua:862:			function Consumer:render()
/Users/tatsheen/claw-repos/oss-index/roblox/roact/src/RobloxRenderer.spec.lua:888:			function Consumer:init()
/Users/tatsheen/claw-repos/oss-index/roblox/roact/src/RobloxRenderer.spec.lua:892:			function Consumer:render() end
/Users/tatsheen/claw-repos/oss-index/roblox/roact/src/RobloxRenderer.spec.lua:915:			function Provider:init()
/Users/tatsheen/claw-repos/oss-index/roblox/roact/src/RobloxRenderer.spec.lua:919:			function Provider:render()
/Users/tatsheen/claw-repos/oss-index/roblox/roact/src/RobloxRenderer.spec.lua:926:			function Consumer:init()
/Users/tatsheen/claw-repos/oss-index/roblox/roact/src/RobloxRenderer.spec.lua:930:			function Consumer:render()
/Users/tatsheen/claw-repos/oss-index/roblox/roact/src/RobloxRenderer.spec.lua:966:			function ChildComponent:init()
/Users/tatsheen/claw-repos/oss-index/roblox/roact/src/RobloxRenderer.spec.lua:974:			function ChildComponent:render()
/Users/tatsheen/claw-repos/oss-index/roblox/roact/src/RobloxRenderer.spec.lua:982:			function ChildComponent:didMount()
/Users/tatsheen/claw-repos/oss-index/roblox/roact/src/RobloxRenderer.spec.lua:992:			function ParentComponent:init()
/Users/tatsheen/claw-repos/oss-index/roblox/roact/src/RobloxRenderer.spec.lua:1004:			function ParentComponent:render()
/Users/tatsheen/claw-repos/oss-index/roblox/roact/src/RobloxRenderer.spec.lua:1036:			function LowestComponent:render()
/Users/tatsheen/claw-repos/oss-index/roblox/roact/src/RobloxRenderer.spec.lua:1040:			function LowestComponent:didMount()
/Users/tatsheen/claw-repos/oss-index/roblox/roact/src/RobloxRenderer.spec.lua:1046:			function ChildComponent:init()
/Users/tatsheen/claw-repos/oss-index/roblox/roact/src/RobloxRenderer.spec.lua:1054:			function ChildComponent:render()
/Users/tatsheen/claw-repos/oss-index/roblox/roact/src/RobloxRenderer.spec.lua:1064:			function ChildComponent:didMount()
/Users/tatsheen/claw-repos/oss-index/roblox/roact/src/RobloxRenderer.spec.lua:1076:			function ParentComponent:init()
/Users/tatsheen/claw-repos/oss-index/roblox/roact/src/RobloxRenderer.spec.lua:1091:			function ParentComponent:render()
/Users/tatsheen/claw-repos/oss-index/roblox/roact/src/RobloxRenderer.spec.lua:1126:			local function addUnmount(id)
/Users/tatsheen/claw-repos/oss-index/roblox/roact/src/RobloxRenderer.spec.lua:1130:			local function addInit(id)
/Users/tatsheen/claw-repos/oss-index/roblox/roact/src/RobloxRenderer.spec.lua:1135:			function LowestComponent:init()
/Users/tatsheen/claw-repos/oss-index/roblox/roact/src/RobloxRenderer.spec.lua:1139:			function LowestComponent:render()
/Users/tatsheen/claw-repos/oss-index/roblox/roact/src/RobloxRenderer.spec.lua:1143:			function LowestComponent:didMount()
/Users/tatsheen/claw-repos/oss-index/roblox/roact/src/RobloxRenderer.spec.lua:1147:			function LowestComponent:willUnmount()
/Users/tatsheen/claw-repos/oss-index/roblox/roact/src/RobloxRenderer.spec.lua:1152:			function FirstComponent:init()
/Users/tatsheen/claw-repos/oss-index/roblox/roact/src/RobloxRenderer.spec.lua:1156:			function FirstComponent:render()
/Users/tatsheen/claw-repos/oss-index/roblox/roact/src/RobloxRenderer.spec.lua:1160:			function FirstComponent:willUnmount()
/Users/tatsheen/claw-repos/oss-index/roblox/roact/src/RobloxRenderer.spec.lua:1166:			function ChildComponent:init()
/Users/tatsheen/claw-repos/oss-index/roblox/roact/src/RobloxRenderer.spec.lua:1176:			function ChildComponent:render()
/Users/tatsheen/claw-repos/oss-index/roblox/roact/src/RobloxRenderer.spec.lua:1186:			function ChildComponent:didMount()
/Users/tatsheen/claw-repos/oss-index/roblox/roact/src/RobloxRenderer.spec.lua:1194:			function ChildComponent:willUnmount()
/Users/tatsheen/claw-repos/oss-index/roblox/roact/src/RobloxRenderer.spec.lua:1202:			function ParentComponent:init()
/Users/tatsheen/claw-repos/oss-index/roblox/roact/src/RobloxRenderer.spec.lua:1217:			function ParentComponent:render()
/Users/tatsheen/claw-repos/oss-index/roblox/roact/src/RobloxRenderer.spec.lua:1255:			function LowestComponent:render()
/Users/tatsheen/claw-repos/oss-index/roblox/roact/src/RobloxRenderer.spec.lua:1259:			function LowestComponent:didUpdate(prevProps, _prevState)
/Users/tatsheen/claw-repos/oss-index/roblox/roact/src/RobloxRenderer.spec.lua:1267:			function ChildComponent:init()
/Users/tatsheen/claw-repos/oss-index/roblox/roact/src/RobloxRenderer.spec.lua:1275:			function ChildComponent:render()
/Users/tatsheen/claw-repos/oss-index/roblox/roact/src/RobloxRenderer.spec.lua:1282:			function ChildComponent:didMount()
/Users/tatsheen/claw-repos/oss-index/roblox/roact/src/RobloxRenderer.spec.lua:1294:			function ParentComponent:init()
/Users/tatsheen/claw-repos/oss-index/roblox/roact/src/RobloxRenderer.spec.lua:1309:			function ParentComponent:render()
