/Users/tatsheen/claw-repos/oss-index/roblox/rbx-net/src/messaging/MessagingService.lua:7:function MockMessagingService:PublishAsync(topicName, message)
/Users/tatsheen/claw-repos/oss-index/roblox/rbx-net/src/messaging/MessagingService.lua:19:function MockMessagingService:SubscribeAsync(topicName, callback)
/Users/tatsheen/claw-repos/oss-index/roblox/rbx-net/src/internal/tables.lua:1:local function isMixed(t)
/Users/tatsheen/claw-repos/oss-index/roblox/rbx-net/lune/ci.luau:18:local function compileLuau()
/Users/tatsheen/claw-repos/oss-index/roblox/rbx-net/lune/ci.luau:33:local function compileTypeScript()
/Users/tatsheen/claw-repos/oss-index/roblox/rbx-net/lune/ci.luau:45:local function buildTypeScript() end
/Users/tatsheen/claw-repos/oss-index/roblox/rbx-net/lune/ci.luau:49:local function eachFile(path: string, fn: FileIter, recursive: boolean?): ()
/Users/tatsheen/claw-repos/oss-index/roblox/rbx-net/lune/ci.luau:64:local function copyFiles(fromPath: string, toPath: string, recursive: boolean)
/Users/tatsheen/claw-repos/oss-index/roblox/rbx-net/lune/ci.luau:76:local function buildLuau()
/Users/tatsheen/claw-repos/oss-index/roblox/rbx-net/src/middleware/LoggerMiddleware/init.lua:5:local function defaultLogger(name, args)
/Users/tatsheen/claw-repos/oss-index/roblox/rbx-net/lune/modules/path.luau:8:function path.join(...: string): string
/Users/tatsheen/claw-repos/oss-index/roblox/rbx-net/lune/modules/path.luau:15:function path.extname(path: string): string?
/Users/tatsheen/claw-repos/oss-index/roblox/rbx-net/lune/modules/path.luau:22:function path.dirname(value: string): string
/Users/tatsheen/claw-repos/oss-index/roblox/rbx-net/lune/modules/path.luau:31:function path.ospath(path: string): string
/Users/tatsheen/claw-repos/oss-index/roblox/rbx-net/lune/modules/node.luau:5:function node.publish()
/Users/tatsheen/claw-repos/oss-index/roblox/rbx-net/src/middleware/TypeCheckMiddleware/init.lua:5:local function defaultErrorHandler(event, args, index)
/Users/tatsheen/claw-repos/oss-index/roblox/rbx-net/src/middleware/TypeCheckMiddleware/init.lua:18:local function typeCheckMiddleware(...)
/Users/tatsheen/claw-repos/oss-index/roblox/rbx-net/src/middleware/TypeCheckMiddleware/init.lua:23:    function MiddlewareInstance:next(next, event)
/Users/tatsheen/claw-repos/oss-index/roblox/rbx-net/src/middleware/TypeCheckMiddleware/init.lua:40:    function MiddlewareInstance.__tostring()
/Users/tatsheen/claw-repos/oss-index/roblox/rbx-net/src/middleware/TypeCheckMiddleware/init.lua:44:    function MiddlewareInstance:WithErrorHandler(fn)
/Users/tatsheen/claw-repos/oss-index/roblox/rbx-net/src/middleware/TypeCheckMiddleware/init.lua:49:    function MiddlewareInstance:__call(...)
/Users/tatsheen/claw-repos/oss-index/roblox/rbx-net/src/middleware/TypeCheckMiddleware/init.lua:57:function MiddlewareGlobal.__call(_, ...)
/Users/tatsheen/claw-repos/oss-index/roblox/rbx-net/src/middleware/TypeCheckMiddleware/init.lua:61:function MiddlewareGlobal.SetDefaultErrorHandler(_, fn)
/Users/tatsheen/claw-repos/oss-index/roblox/rbx-net/src/middleware/RateLimitMiddleware/throttle.lua:7:function RequestCounter.new()
/Users/tatsheen/claw-repos/oss-index/roblox/rbx-net/src/middleware/RateLimitMiddleware/throttle.lua:15:function RequestCounter:Get(player)
/Users/tatsheen/claw-repos/oss-index/roblox/rbx-net/src/middleware/RateLimitMiddleware/throttle.lua:21:function RequestCounter:Increment(player)
/Users/tatsheen/claw-repos/oss-index/roblox/rbx-net/src/middleware/RateLimitMiddleware/throttle.lua:32:function RequestCounter:__tostring()
/Users/tatsheen/claw-repos/oss-index/roblox/rbx-net/src/middleware/RateLimitMiddleware/throttle.lua:36:function RequestCounter:ClearAll()
/Users/tatsheen/claw-repos/oss-index/roblox/rbx-net/src/middleware/RateLimitMiddleware/throttle.lua:40:function Throttle:Get(name)
/Users/tatsheen/claw-repos/oss-index/roblox/rbx-net/src/middleware/RateLimitMiddleware/throttle.lua:51:function Throttle:Clear()
