/Users/tatsheen/claw-repos/oss-index/roblox/rbx-net/lune/modules/node.luau	5	function	function node.publish	function node.publish()
/Users/tatsheen/claw-repos/oss-index/roblox/rbx-net/lune/modules/path.luau	8	function	function path.join	function path.join(...: string): string
/Users/tatsheen/claw-repos/oss-index/roblox/rbx-net/lune/modules/path.luau	15	function	function path.extname	function path.extname(path: string): string?
/Users/tatsheen/claw-repos/oss-index/roblox/rbx-net/lune/modules/path.luau	22	function	function path.dirname	function path.dirname(value: string): string
/Users/tatsheen/claw-repos/oss-index/roblox/rbx-net/lune/modules/path.luau	31	function	function path.ospath	function path.ospath(path: string): string
/Users/tatsheen/claw-repos/oss-index/roblox/rbx-net/src/messaging/MessagingService.lua	7	function	function MockMessagingService:PublishAsync	function MockMessagingService:PublishAsync(topicName, message)
/Users/tatsheen/claw-repos/oss-index/roblox/rbx-net/src/messaging/MessagingService.lua	19	function	function MockMessagingService:SubscribeAsync	function MockMessagingService:SubscribeAsync(topicName, callback)
/Users/tatsheen/claw-repos/oss-index/roblox/rbx-net/src/middleware/RateLimitMiddleware/throttle.lua	7	function	function RequestCounter.new	function RequestCounter.new()
/Users/tatsheen/claw-repos/oss-index/roblox/rbx-net/src/middleware/RateLimitMiddleware/throttle.lua	15	function	function RequestCounter:Get	function RequestCounter:Get(player)
/Users/tatsheen/claw-repos/oss-index/roblox/rbx-net/src/middleware/RateLimitMiddleware/throttle.lua	21	function	function RequestCounter:Increment	function RequestCounter:Increment(player)
/Users/tatsheen/claw-repos/oss-index/roblox/rbx-net/src/middleware/RateLimitMiddleware/throttle.lua	32	function	function RequestCounter:__tostring	function RequestCounter:__tostring()
/Users/tatsheen/claw-repos/oss-index/roblox/rbx-net/src/middleware/RateLimitMiddleware/throttle.lua	36	function	function RequestCounter:ClearAll	function RequestCounter:ClearAll()
/Users/tatsheen/claw-repos/oss-index/roblox/rbx-net/src/middleware/RateLimitMiddleware/throttle.lua	40	function	function Throttle:Get	function Throttle:Get(name)
/Users/tatsheen/claw-repos/oss-index/roblox/rbx-net/src/middleware/RateLimitMiddleware/throttle.lua	51	function	function Throttle:Clear	function Throttle:Clear()
/Users/tatsheen/claw-repos/oss-index/roblox/rbx-net/src/middleware/TypeCheckMiddleware/init.lua	23	function	    function MiddlewareInstance:next	    function MiddlewareInstance:next(next, event)
/Users/tatsheen/claw-repos/oss-index/roblox/rbx-net/src/middleware/TypeCheckMiddleware/init.lua	40	function	    function MiddlewareInstance.__tostring	    function MiddlewareInstance.__tostring()
/Users/tatsheen/claw-repos/oss-index/roblox/rbx-net/src/middleware/TypeCheckMiddleware/init.lua	44	function	    function MiddlewareInstance:WithErrorHandler	    function MiddlewareInstance:WithErrorHandler(fn)
/Users/tatsheen/claw-repos/oss-index/roblox/rbx-net/src/middleware/TypeCheckMiddleware/init.lua	49	function	    function MiddlewareInstance:__call	    function MiddlewareInstance:__call(...)
/Users/tatsheen/claw-repos/oss-index/roblox/rbx-net/src/middleware/TypeCheckMiddleware/init.lua	57	function	function MiddlewareGlobal.__call	function MiddlewareGlobal.__call(_, ...)
/Users/tatsheen/claw-repos/oss-index/roblox/rbx-net/src/middleware/TypeCheckMiddleware/init.lua	61	function	function MiddlewareGlobal.SetDefaultErrorHandler	function MiddlewareGlobal.SetDefaultErrorHandler(_, fn)
