/Users/tatsheen/claw-repos/oss-index/roblox/Nature2D/src/Physics/Runner.lua:5:local function SearchTable(t: { any }, a: any,  lambda: (a: any, b: any) -> boolean) : any
/Users/tatsheen/claw-repos/oss-index/roblox/Nature2D/src/Physics/Runner.lua:18:function Runner.CollisionResponse(body: Types.RigidBody, other: Types.RigidBody, isColliding: boolean, Collision: Types.Collision, dt: number, oldCollidingWith, iteration: number)
/Users/tatsheen/claw-repos/oss-index/roblox/Nature2D/src/Physics/Runner.lua:65:function Runner.Update(self, dt)
/Users/tatsheen/claw-repos/oss-index/roblox/Nature2D/src/Physics/Runner.lua:172:function Runner.Render(self)
/Users/tatsheen/claw-repos/oss-index/roblox/Nature2D/src/Physics/Constraint.lua:19:function Constraint.new(p1: Types.Point, p2: Types.Point, canvas: Types.Canvas, config: Types.SegmentConfig, engine, parent)
/Users/tatsheen/claw-repos/oss-index/roblox/Nature2D/src/Physics/Constraint.lua:56:function Constraint:Constrain()
/Users/tatsheen/claw-repos/oss-index/roblox/Nature2D/src/Physics/Constraint.lua:97:function Constraint:Render()
/Users/tatsheen/claw-repos/oss-index/roblox/Nature2D/src/Physics/Constraint.lua:119:function Constraint:SetLength(newLength: number)
/Users/tatsheen/claw-repos/oss-index/roblox/Nature2D/src/Physics/Constraint.lua:129:function Constraint:GetLength() : number
/Users/tatsheen/claw-repos/oss-index/roblox/Nature2D/src/Physics/Constraint.lua:135:function Constraint:Stroke(color: Color3)
/Users/tatsheen/claw-repos/oss-index/roblox/Nature2D/src/Physics/Constraint.lua:143:function Constraint:Destroy()
/Users/tatsheen/claw-repos/oss-index/roblox/Nature2D/src/Physics/Constraint.lua:161:function Constraint:GetPoints()
/Users/tatsheen/claw-repos/oss-index/roblox/Nature2D/src/Physics/Constraint.lua:166:function Constraint:GetFrame() : Frame?
/Users/tatsheen/claw-repos/oss-index/roblox/Nature2D/src/Physics/Constraint.lua:171:function Constraint:SetSpringConstant(k: number)
/Users/tatsheen/claw-repos/oss-index/roblox/Nature2D/src/Physics/Constraint.lua:177:function Constraint:GetId() : string
/Users/tatsheen/claw-repos/oss-index/roblox/Nature2D/src/Physics/Constraint.lua:182:function Constraint:GetParent()
/Users/tatsheen/claw-repos/oss-index/roblox/Nature2D/src/Physics/RigidBody.lua:20:local function GetCorners(frame: GuiObject, engine)
/Users/tatsheen/claw-repos/oss-index/roblox/Nature2D/src/Physics/RigidBody.lua:43:local function CalculatePenetration(minA: number, maxA: number, minB: number, maxB: number) : number
/Users/tatsheen/claw-repos/oss-index/roblox/Nature2D/src/Physics/RigidBody.lua:51:local function CalculateOffset(pos, anchorPoint, size)
/Users/tatsheen/claw-repos/oss-index/roblox/Nature2D/src/Physics/RigidBody.lua:56:local function CalculateCenter(vertices) : Vector2
/Users/tatsheen/claw-repos/oss-index/roblox/Nature2D/src/Physics/RigidBody.lua:78:local function CalculateSize(vertices)
/Users/tatsheen/claw-repos/oss-index/roblox/Nature2D/src/Physics/RigidBody.lua:94:local function CreateRotationCache(cache, center, vertices)
/Users/tatsheen/claw-repos/oss-index/roblox/Nature2D/src/Physics/RigidBody.lua:105:local function UpdateVertices(frame: GuiObject, vertices, engine)
/Users/tatsheen/claw-repos/oss-index/roblox/Nature2D/src/Physics/RigidBody.lua:114:function RigidBody.new(frame: GuiObject?, m: number, collidable: boolean?, anchored: boolean?, engine, custom: Types.Custom?, structure)
/Users/tatsheen/claw-repos/oss-index/roblox/Nature2D/src/Physics/RigidBody.lua:141:	local function addPoint(pos)
/Users/tatsheen/claw-repos/oss-index/roblox/Nature2D/src/Physics/RigidBody.lua:149:	local function addConstraint(p1, p2, support)
/Users/tatsheen/claw-repos/oss-index/roblox/Nature2D/src/Physics/RigidBody.lua:244:function RigidBody:CreateProjection(Axis: Vector2, Min: number, Max: number) : (number, number)
/Users/tatsheen/claw-repos/oss-index/roblox/Nature2D/src/Physics/RigidBody.lua:258:function RigidBody:DetectCollision(other)
/Users/tatsheen/claw-repos/oss-index/roblox/Nature2D/src/Physics/RigidBody.lua:337:function RigidBody:ApplyForce(force: Vector2, t: number)
/Users/tatsheen/claw-repos/oss-index/roblox/Nature2D/src/Physics/RigidBody.lua:353:function RigidBody:Update(dt: number)
/Users/tatsheen/claw-repos/oss-index/roblox/Nature2D/src/Physics/RigidBody.lua:378:function RigidBody:Render()
/Users/tatsheen/claw-repos/oss-index/roblox/Nature2D/src/Physics/RigidBody.lua:407:function RigidBody:Clone(deepCopy: boolean)
/Users/tatsheen/claw-repos/oss-index/roblox/Nature2D/src/Physics/RigidBody.lua:443:function RigidBody:Destroy(keepFrame: boolean)
/Users/tatsheen/claw-repos/oss-index/roblox/Nature2D/src/Physics/RigidBody.lua:461:function RigidBody:Rotate(newRotation: number)
/Users/tatsheen/claw-repos/oss-index/roblox/Nature2D/src/Physics/RigidBody.lua:504:function RigidBody:SetPosition(PositionX: number, PositionY: number)
/Users/tatsheen/claw-repos/oss-index/roblox/Nature2D/src/Physics/RigidBody.lua:543:function RigidBody:SetSize(SizeX: number, SizeY: number)
/Users/tatsheen/claw-repos/oss-index/roblox/Nature2D/src/Physics/RigidBody.lua:561:function RigidBody:SetScale(scale: number)
/Users/tatsheen/claw-repos/oss-index/roblox/Nature2D/src/Physics/RigidBody.lua:582:function RigidBody:Anchor()
/Users/tatsheen/claw-repos/oss-index/roblox/Nature2D/src/Physics/RigidBody.lua:593:function RigidBody:Unanchor()
/Users/tatsheen/claw-repos/oss-index/roblox/Nature2D/src/Physics/RigidBody.lua:604:function RigidBody:CanCollide(collidable: boolean)
/Users/tatsheen/claw-repos/oss-index/roblox/Nature2D/src/Physics/RigidBody.lua:609:function RigidBody:CanRotate(canRotate: boolean)
/Users/tatsheen/claw-repos/oss-index/roblox/Nature2D/src/Physics/RigidBody.lua:618:function RigidBody:GetFrame() : GuiObject
/Users/tatsheen/claw-repos/oss-index/roblox/Nature2D/src/Physics/RigidBody.lua:623:function RigidBody:GetId() : string
/Users/tatsheen/claw-repos/oss-index/roblox/Nature2D/src/Physics/RigidBody.lua:628:function RigidBody:GetVertices()
/Users/tatsheen/claw-repos/oss-index/roblox/Nature2D/src/Physics/RigidBody.lua:633:function RigidBody:GetConstraints()
/Users/tatsheen/claw-repos/oss-index/roblox/Nature2D/src/Physics/RigidBody.lua:640:function RigidBody:SetLifeSpan(seconds: number)
/Users/tatsheen/claw-repos/oss-index/roblox/Nature2D/src/Physics/RigidBody.lua:646:function RigidBody:KeepInCanvas(keepInCanvas: boolean)
/Users/tatsheen/claw-repos/oss-index/roblox/Nature2D/src/Physics/RigidBody.lua:655:function RigidBody:SetFriction(friction: number)
/Users/tatsheen/claw-repos/oss-index/roblox/Nature2D/src/Physics/RigidBody.lua:664:function RigidBody:SetAirFriction(friction: number)
/Users/tatsheen/claw-repos/oss-index/roblox/Nature2D/src/Physics/RigidBody.lua:673:function RigidBody:SetGravity(force: Vector2)
/Users/tatsheen/claw-repos/oss-index/roblox/Nature2D/src/Physics/RigidBody.lua:682:function RigidBody:SetMass(mass: number)
/Users/tatsheen/claw-repos/oss-index/roblox/Nature2D/src/Physics/RigidBody.lua:689:function RigidBody:IsInBounds() : boolean
/Users/tatsheen/claw-repos/oss-index/roblox/Nature2D/src/Physics/RigidBody.lua:706:function RigidBody:AverageVelocity() : Vector2
/Users/tatsheen/claw-repos/oss-index/roblox/Nature2D/src/Physics/RigidBody.lua:719:function RigidBody:SetState(state: string, value: any)
/Users/tatsheen/claw-repos/oss-index/roblox/Nature2D/src/Physics/RigidBody.lua:727:function RigidBody:GetState(state: string) : any
/Users/tatsheen/claw-repos/oss-index/roblox/Nature2D/src/Physics/RigidBody.lua:733:function RigidBody:GetCenter()
/Users/tatsheen/claw-repos/oss-index/roblox/Nature2D/src/Physics/RigidBody.lua:738:function RigidBody:FilterCollisionsWith(otherBody)
/Users/tatsheen/claw-repos/oss-index/roblox/Nature2D/src/Physics/RigidBody.lua:754:function RigidBody:UnfilterCollisionsWith(otherBody)
/Users/tatsheen/claw-repos/oss-index/roblox/Nature2D/src/Physics/RigidBody.lua:772:function RigidBody:GetFilteredRigidBodies()
/Users/tatsheen/claw-repos/oss-index/roblox/Nature2D/src/Physics/RigidBody.lua:777:function RigidBody:GetTouchingRigidBodies()
/Users/tatsheen/claw-repos/oss-index/roblox/Nature2D/src/Physics/RigidBody.lua:782:function RigidBody:SetMaxForce(maxForce: number)
/Users/tatsheen/claw-repos/oss-index/roblox/Nature2D/src/Physics/Point.lua:16:function Point.new(pos: Vector2, canvas: Types.Canvas, engine: Types.EngineConfig, config: Types.PointConfig, parent)
/Users/tatsheen/claw-repos/oss-index/roblox/Nature2D/src/Physics/Point.lua:57:function Point:ApplyForce(force: Vector2, t: number)
/Users/tatsheen/claw-repos/oss-index/roblox/Nature2D/src/Physics/Point.lua:74:function Point:Update(dt: number)
/Users/tatsheen/claw-repos/oss-index/roblox/Nature2D/src/Physics/Point.lua:128:function Point:KeepInCanvas()
/Users/tatsheen/claw-repos/oss-index/roblox/Nature2D/src/Physics/Point.lua:181:function Point:Render()
/Users/tatsheen/claw-repos/oss-index/roblox/Nature2D/src/Physics/Point.lua:215:function Point:Destroy()
/Users/tatsheen/claw-repos/oss-index/roblox/Nature2D/src/Physics/Point.lua:230:function Point:SetRadius(radius: number)
/Users/tatsheen/claw-repos/oss-index/roblox/Nature2D/src/Physics/Point.lua:237:function Point:Stroke(color: Color3)
/Users/tatsheen/claw-repos/oss-index/roblox/Nature2D/src/Physics/Point.lua:244:function Point:Snap(snap: boolean)
/Users/tatsheen/claw-repos/oss-index/roblox/Nature2D/src/Physics/Point.lua:250:function Point:Velocity() : Vector2
/Users/tatsheen/claw-repos/oss-index/roblox/Nature2D/src/Physics/Point.lua:254:function Point:GetNetForce() : Vector2
/Users/tatsheen/claw-repos/oss-index/roblox/Nature2D/src/Physics/Point.lua:259:function Point:GetParent()
/Users/tatsheen/claw-repos/oss-index/roblox/Nature2D/src/Physics/Point.lua:264:function Point:SetPosition(x: number, y: number)
/Users/tatsheen/claw-repos/oss-index/roblox/Nature2D/src/Physics/Point.lua:273:function Point:SetMaxForce(maxForce: number)
/Users/tatsheen/claw-repos/oss-index/roblox/Nature2D/src/Engine.lua:18:local function SearchTable(t: { any }, a: any,  lambda: (a: any, b: any) -> boolean) : any
/Users/tatsheen/claw-repos/oss-index/roblox/Nature2D/src/Engine.lua:32:function Engine.init(screengui: Instance)
/Users/tatsheen/claw-repos/oss-index/roblox/Nature2D/src/Engine.lua:82:function Engine:Start()
/Users/tatsheen/claw-repos/oss-index/roblox/Nature2D/src/Engine.lua:121:function Engine:Stop()
/Users/tatsheen/claw-repos/oss-index/roblox/Nature2D/src/Engine.lua:132:function Engine:Create(object: string, properties: Types.Properties)
/Users/tatsheen/claw-repos/oss-index/roblox/Nature2D/src/Engine.lua:333:function Engine:GetBodies()
/Users/tatsheen/claw-repos/oss-index/roblox/Nature2D/src/Engine.lua:339:function Engine:GetConstraints()
/Users/tatsheen/claw-repos/oss-index/roblox/Nature2D/src/Engine.lua:344:function Engine:GetPoints()
/Users/tatsheen/claw-repos/oss-index/roblox/Nature2D/src/Engine.lua:350:function Engine:CreateCanvas(topLeft: Vector2, size: Vector2, frame: Frame)
/Users/tatsheen/claw-repos/oss-index/roblox/Nature2D/src/Engine.lua:364:function Engine:SetSimulationSpeed(speed: number)
/Users/tatsheen/claw-repos/oss-index/roblox/Nature2D/src/Engine.lua:370:function Engine:SetPhysicalProperty(property: string, value: Vector2 | number)
/Users/tatsheen/claw-repos/oss-index/roblox/Nature2D/src/Engine.lua:376:	local function Update(object)
/Users/tatsheen/claw-repos/oss-index/roblox/Nature2D/src/Engine.lua:413:function Engine:GetBodyById(id: string)
/Users/tatsheen/claw-repos/oss-index/roblox/Nature2D/src/Engine.lua:426:function Engine:GetConstraintById(id: string)
/Users/tatsheen/claw-repos/oss-index/roblox/Nature2D/src/Engine.lua:438:function Engine:GetDebugInfo() : Types.DebugInfo
/Users/tatsheen/claw-repos/oss-index/roblox/Nature2D/src/Engine.lua:467:function Engine:UseQuadtrees(use: boolean)
/Users/tatsheen/claw-repos/oss-index/roblox/Nature2D/src/Engine.lua:474:function Engine:FrameRateIndependent(independent: boolean)
/Users/tatsheen/claw-repos/oss-index/roblox/Nature2D/src/Engine.lua:479:function Engine:SetConstraintIterations(iterations: number)
/Users/tatsheen/claw-repos/oss-index/roblox/Nature2D/src/Engine.lua:484:function Engine:SetCollisionIterations(iterations: number)
/Users/tatsheen/claw-repos/oss-index/roblox/Nature2D/src/Engine.lua:494:function Engine:Destroy()
/Users/tatsheen/claw-repos/oss-index/roblox/Nature2D/src/Utilities/Line.lua:7:local function draw(hyp: number, origin: Vector2, thickness: number, parent: Instance, color: Color3, l: Frame?, image: string?) : Frame
/Users/tatsheen/claw-repos/oss-index/roblox/Nature2D/unit-tests/TestEZ/Expectation.lua:42:local function assertLevel(condition, message, level)
/Users/tatsheen/claw-repos/oss-index/roblox/Nature2D/unit-tests/TestEZ/Expectation.lua:54:local function bindSelf(self, method)
/Users/tatsheen/claw-repos/oss-index/roblox/Nature2D/unit-tests/TestEZ/Expectation.lua:64:local function formatMessage(result, trueMessage, falseMessage)
/Users/tatsheen/claw-repos/oss-index/roblox/Nature2D/unit-tests/TestEZ/Expectation.lua:75:function Expectation.new(value)
/Users/tatsheen/claw-repos/oss-index/roblox/Nature2D/unit-tests/TestEZ/Expectation.lua:96:function Expectation.checkMatcherNameCollisions(name)
/Users/tatsheen/claw-repos/oss-index/roblox/Nature2D/unit-tests/TestEZ/Expectation.lua:104:function Expectation:extend(matchers)
/Users/tatsheen/claw-repos/oss-index/roblox/Nature2D/unit-tests/TestEZ/Expectation.lua:121:function Expectation.__index(self, key)
/Users/tatsheen/claw-repos/oss-index/roblox/Nature2D/unit-tests/TestEZ/Expectation.lua:154:function Expectation:_resetModifiers()
/Users/tatsheen/claw-repos/oss-index/roblox/Nature2D/unit-tests/TestEZ/Expectation.lua:163:function Expectation:a(typeName)
/Users/tatsheen/claw-repos/oss-index/roblox/Nature2D/unit-tests/TestEZ/Expectation.lua:191:function Expectation:ok()
/Users/tatsheen/claw-repos/oss-index/roblox/Nature2D/unit-tests/TestEZ/Expectation.lua:212:function Expectation:equal(otherValue)
/Users/tatsheen/claw-repos/oss-index/roblox/Nature2D/unit-tests/TestEZ/Expectation.lua:238:function Expectation:near(otherValue, limit)
/Users/tatsheen/claw-repos/oss-index/roblox/Nature2D/unit-tests/TestEZ/Expectation.lua:271:function Expectation:throw(messageSubstring)
/Users/tatsheen/claw-repos/oss-index/roblox/Nature2D/src/Utilities/Janitor/Symbol.lua:2:local function Symbol(Name: string)
/Users/tatsheen/claw-repos/oss-index/roblox/Nature2D/src/Utilities/Janitor/Symbol.lua:5:	function Metatable.__tostring()
/Users/tatsheen/claw-repos/oss-index/roblox/Nature2D/src/Utilities/Signal.lua:35:local function acquireRunnerThreadAndCallEventHandler(fn, ...)
/Users/tatsheen/claw-repos/oss-index/roblox/Nature2D/src/Utilities/Signal.lua:46:local function runEventHandlerInFreeThread(...)
/Users/tatsheen/claw-repos/oss-index/roblox/Nature2D/src/Utilities/Signal.lua:59:function Connection.new(signal, fn)
/Users/tatsheen/claw-repos/oss-index/roblox/Nature2D/src/Utilities/Signal.lua:69:function Connection:Disconnect()
/Users/tatsheen/claw-repos/oss-index/roblox/Nature2D/src/Utilities/Signal.lua:126:function Signal.new()
/Users/tatsheen/claw-repos/oss-index/roblox/Nature2D/src/Utilities/Signal.lua:146:function Signal.Wrap(rbxScriptSignal)
/Users/tatsheen/claw-repos/oss-index/roblox/Nature2D/src/Utilities/Signal.lua:161:function Signal.Is(obj)
/Users/tatsheen/claw-repos/oss-index/roblox/Nature2D/src/Utilities/Signal.lua:171:function Signal:Connect(fn: (...any) -> ())
/Users/tatsheen/claw-repos/oss-index/roblox/Nature2D/src/Utilities/Signal.lua:183:function Signal:GetConnections()
/Users/tatsheen/claw-repos/oss-index/roblox/Nature2D/src/Utilities/Signal.lua:197:function Signal:DisconnectAll()
/Users/tatsheen/claw-repos/oss-index/roblox/Nature2D/src/Utilities/Signal.lua:217:function Signal:Fire(...)
/Users/tatsheen/claw-repos/oss-index/roblox/Nature2D/src/Utilities/Signal.lua:235:function Signal:FireDeferred(...)
/Users/tatsheen/claw-repos/oss-index/roblox/Nature2D/src/Utilities/Signal.lua:249:function Signal:Wait(): (...any)
/Users/tatsheen/claw-repos/oss-index/roblox/Nature2D/src/Utilities/Signal.lua:264:function Signal:Destroy()
/Users/tatsheen/claw-repos/oss-index/roblox/Nature2D/src/Utilities/Quadtree.lua:11:local function GetDivisions(position: Vector2, size: Vector2)
/Users/tatsheen/claw-repos/oss-index/roblox/Nature2D/src/Utilities/Quadtree.lua:21:local function RangeOverlapsNode(node: Types.Quadtree<Types.RigidBody>, range: Types.Range) : boolean
/Users/tatsheen/claw-repos/oss-index/roblox/Nature2D/src/Utilities/Quadtree.lua:35:local function RangeHasPoint(range: Types.Range, obj: Types.RigidBody) : boolean
/Users/tatsheen/claw-repos/oss-index/roblox/Nature2D/src/Utilities/Quadtree.lua:45:local function merge<T>(array1: {T}, array2: {T}) : {T}
/Users/tatsheen/claw-repos/oss-index/roblox/Nature2D/src/Utilities/Quadtree.lua:56:function Quadtree.new(_position: Vector2, _size: Vector2, _capacity: number)
/Users/tatsheen/claw-repos/oss-index/roblox/Nature2D/src/Utilities/Quadtree.lua:67:function Quadtree:Insert(body: Types.RigidBody)
/Users/tatsheen/claw-repos/oss-index/roblox/Nature2D/src/Utilities/Quadtree.lua:87:function Quadtree:HasObject(p: Vector2) : boolean
/Users/tatsheen/claw-repos/oss-index/roblox/Nature2D/src/Utilities/Quadtree.lua:95:function Quadtree:SubDivide()
/Users/tatsheen/claw-repos/oss-index/roblox/Nature2D/src/Utilities/Quadtree.lua:106:function Quadtree:Search(range: Types.Range, objects: { Types.RigidBody })
/Users/tatsheen/claw-repos/oss-index/roblox/Nature2D/src/Utilities/Janitor/init.lua:42:function Janitor.Is(Object: any): boolean
/Users/tatsheen/claw-repos/oss-index/roblox/Nature2D/src/Utilities/Janitor/init.lua:106:function Janitor:Add(Object: any, MethodName: StringOrTrue?, Index: any?): any
/Users/tatsheen/claw-repos/oss-index/roblox/Nature2D/src/Utilities/Janitor/init.lua:150:function Janitor:AddPromise(PromiseObject)
/Users/tatsheen/claw-repos/oss-index/roblox/Nature2D/src/Utilities/Janitor/init.lua:199:function Janitor:Remove(Index: any)
/Users/tatsheen/claw-repos/oss-index/roblox/Nature2D/src/Utilities/Janitor/init.lua:249:function Janitor:Get(Index: any): any?
/Users/tatsheen/claw-repos/oss-index/roblox/Nature2D/src/Utilities/Janitor/init.lua:258:local function GetFenv(self)
/Users/tatsheen/claw-repos/oss-index/roblox/Nature2D/src/Utilities/Janitor/init.lua:281:function Janitor:Cleanup()
/Users/tatsheen/claw-repos/oss-index/roblox/Nature2D/src/Utilities/Janitor/init.lua:319:function Janitor:Destroy()
/Users/tatsheen/claw-repos/oss-index/roblox/Nature2D/src/Utilities/Janitor/init.lua:340:function RbxScriptConnection:Disconnect()
/Users/tatsheen/claw-repos/oss-index/roblox/Nature2D/src/Utilities/Janitor/init.lua:347:function RbxScriptConnection._new(RBXScriptConnection: RBXScriptConnection)
/Users/tatsheen/claw-repos/oss-index/roblox/Nature2D/src/Utilities/Janitor/init.lua:353:function RbxScriptConnection:__tostring()
/Users/tatsheen/claw-repos/oss-index/roblox/Nature2D/src/Utilities/Janitor/init.lua:398:function Janitor:LinkToInstance(Object: Instance, AllowMultiple: boolean?): RbxScriptConnection
/Users/tatsheen/claw-repos/oss-index/roblox/Nature2D/src/Utilities/Janitor/init.lua:404:	local function ChangedFunction(_DoNotUse, NewParent)
/Users/tatsheen/claw-repos/oss-index/roblox/Nature2D/src/Utilities/Janitor/init.lua:446:function Janitor:LinkToInstances(...: Instance)
/Users/tatsheen/claw-repos/oss-index/roblox/Nature2D/src/Utilities/Janitor/init.lua:459:function Janitor.new()
/Users/tatsheen/claw-repos/oss-index/roblox/Nature2D/src/Utilities/Janitor/GetPromiseLibrary.lua:9:local function FindFirstDescendantWithNameAndClassName(Parent: Instance, Name: string, ClassName: string)
/Users/tatsheen/claw-repos/oss-index/roblox/Nature2D/src/Utilities/Janitor/GetPromiseLibrary.lua:19:local function GetPromiseLibrary()
/Users/tatsheen/claw-repos/oss-index/roblox/Nature2D/unit-tests/TestEZ/TestSession.lua:24:function TestSession.new(plan)
/Users/tatsheen/claw-repos/oss-index/roblox/Nature2D/unit-tests/TestEZ/TestSession.lua:42:function TestSession:calculateTotals()
/Users/tatsheen/claw-repos/oss-index/roblox/Nature2D/unit-tests/TestEZ/TestSession.lua:69:function TestSession:gatherErrors()
/Users/tatsheen/claw-repos/oss-index/roblox/Nature2D/unit-tests/TestEZ/TestSession.lua:86:function TestSession:finalize()
/Users/tatsheen/claw-repos/oss-index/roblox/Nature2D/unit-tests/TestEZ/TestSession.lua:100:function TestSession:pushNode(planNode)
/Users/tatsheen/claw-repos/oss-index/roblox/Nature2D/unit-tests/TestEZ/TestSession.lua:118:function TestSession:popNode()
/Users/tatsheen/claw-repos/oss-index/roblox/Nature2D/unit-tests/TestEZ/TestSession.lua:128:function TestSession:getContext()
/Users/tatsheen/claw-repos/oss-index/roblox/Nature2D/unit-tests/TestEZ/TestSession.lua:134:function TestSession:getExpectationContext()
/Users/tatsheen/claw-repos/oss-index/roblox/Nature2D/unit-tests/TestEZ/TestSession.lua:142:function TestSession:shouldSkip()
/Users/tatsheen/claw-repos/oss-index/roblox/Nature2D/unit-tests/TestEZ/TestSession.lua:176:function TestSession:setSuccess()
/Users/tatsheen/claw-repos/oss-index/roblox/Nature2D/unit-tests/TestEZ/TestSession.lua:184:function TestSession:setSkipped()
/Users/tatsheen/claw-repos/oss-index/roblox/Nature2D/unit-tests/TestEZ/TestSession.lua:193:function TestSession:setError(message)
/Users/tatsheen/claw-repos/oss-index/roblox/Nature2D/unit-tests/TestEZ/TestSession.lua:205:function TestSession:addDummyError(phrase, message)
/Users/tatsheen/claw-repos/oss-index/roblox/Nature2D/unit-tests/TestEZ/TestSession.lua:217:function TestSession:setStatusFromChildren()
/Users/tatsheen/claw-repos/oss-index/roblox/Nature2D/unit-tests/TestEZ/Reporters/TextReporter.lua:20:local function compareNodes(a, b)
/Users/tatsheen/claw-repos/oss-index/roblox/Nature2D/unit-tests/TestEZ/Reporters/TextReporter.lua:24:local function reportNode(node, buffer, level)
/Users/tatsheen/claw-repos/oss-index/roblox/Nature2D/unit-tests/TestEZ/Reporters/TextReporter.lua:59:local function reportRoot(node)
/Users/tatsheen/claw-repos/oss-index/roblox/Nature2D/unit-tests/TestEZ/Reporters/TextReporter.lua:70:local function report(root)
/Users/tatsheen/claw-repos/oss-index/roblox/Nature2D/unit-tests/TestEZ/Reporters/TextReporter.lua:76:function TextReporter.report(results)
/Users/tatsheen/claw-repos/oss-index/roblox/Nature2D/unit-tests/TestEZ/TestBootstrap.lua:11:local function stripSpecSuffix(name)
/Users/tatsheen/claw-repos/oss-index/roblox/Nature2D/unit-tests/TestEZ/TestBootstrap.lua:14:local function isSpecScript(aScript)
/Users/tatsheen/claw-repos/oss-index/roblox/Nature2D/unit-tests/TestEZ/TestBootstrap.lua:18:local function getPath(module, root)
/Users/tatsheen/claw-repos/oss-index/roblox/Nature2D/unit-tests/TestEZ/TestBootstrap.lua:38:local function toStringPath(tablePath)
/Users/tatsheen/claw-repos/oss-index/roblox/Nature2D/unit-tests/TestEZ/TestBootstrap.lua:52:function TestBootstrap:getModulesImpl(root, modules, current)
/Users/tatsheen/claw-repos/oss-index/roblox/Nature2D/unit-tests/TestEZ/TestBootstrap.lua:72:function TestBootstrap:getModules(root)
/Users/tatsheen/claw-repos/oss-index/roblox/Nature2D/unit-tests/TestEZ/TestBootstrap.lua:99:function TestBootstrap:run(roots, reporter, otherOptions)
/Users/tatsheen/claw-repos/oss-index/roblox/Nature2D/unit-tests/TestEZ/Context.lua:7:function Context.new(parent)
/Users/tatsheen/claw-repos/oss-index/roblox/Nature2D/unit-tests/TestEZ/Context.lua:18:	function meta.__newindex(_obj, key, value)
/Users/tatsheen/claw-repos/oss-index/roblox/Nature2D/unit-tests/TestEZ/ExpectationContext.lua:4:local function copy(t)
/Users/tatsheen/claw-repos/oss-index/roblox/Nature2D/unit-tests/TestEZ/ExpectationContext.lua:17:function ExpectationContext.new(parent)
/Users/tatsheen/claw-repos/oss-index/roblox/Nature2D/unit-tests/TestEZ/ExpectationContext.lua:25:function ExpectationContext:startExpectationChain(...)
/Users/tatsheen/claw-repos/oss-index/roblox/Nature2D/unit-tests/TestEZ/ExpectationContext.lua:29:function ExpectationContext:extend(config)
/Users/tatsheen/claw-repos/oss-index/roblox/Nature2D/unit-tests/TestEZ/Reporters/TeamCityReporter.lua:7:local function teamCityEscape(str)
/Users/tatsheen/claw-repos/oss-index/roblox/Nature2D/unit-tests/TestEZ/Reporters/TeamCityReporter.lua:14:local function teamCityEnterSuite(suiteName)
/Users/tatsheen/claw-repos/oss-index/roblox/Nature2D/unit-tests/TestEZ/Reporters/TeamCityReporter.lua:18:local function teamCityLeaveSuite(suiteName)
/Users/tatsheen/claw-repos/oss-index/roblox/Nature2D/unit-tests/TestEZ/Reporters/TeamCityReporter.lua:22:local function teamCityEnterCase(caseName)
/Users/tatsheen/claw-repos/oss-index/roblox/Nature2D/unit-tests/TestEZ/Reporters/TeamCityReporter.lua:26:local function teamCityLeaveCase(caseName)
/Users/tatsheen/claw-repos/oss-index/roblox/Nature2D/unit-tests/TestEZ/Reporters/TeamCityReporter.lua:30:local function teamCityFailCase(caseName, errorMessage)
/Users/tatsheen/claw-repos/oss-index/roblox/Nature2D/unit-tests/TestEZ/Reporters/TeamCityReporter.lua:35:local function reportNode(node, buffer, level)
/Users/tatsheen/claw-repos/oss-index/roblox/Nature2D/unit-tests/TestEZ/Reporters/TeamCityReporter.lua:56:local function reportRoot(node)
/Users/tatsheen/claw-repos/oss-index/roblox/Nature2D/unit-tests/TestEZ/Reporters/TeamCityReporter.lua:66:local function report(root)
/Users/tatsheen/claw-repos/oss-index/roblox/Nature2D/unit-tests/TestEZ/Reporters/TeamCityReporter.lua:72:function TeamCityReporter.report(results)
/Users/tatsheen/claw-repos/oss-index/roblox/Nature2D/unit-tests/TestEZ/TestPlanner.lua:24:							function during execution
/Users/tatsheen/claw-repos/oss-index/roblox/Nature2D/unit-tests/TestEZ/TestPlanner.lua:26:function TestPlanner.createPlan(modulesList, testNamePattern, extraEnvironment)
/Users/tatsheen/claw-repos/oss-index/roblox/Nature2D/unit-tests/TestEZ/TestRunner.lua:19:local function wrapExpectContextWithPublicApi(expectationContext)
/Users/tatsheen/claw-repos/oss-index/roblox/Nature2D/unit-tests/TestEZ/TestRunner.lua:35:function TestRunner.runPlan(plan)
/Users/tatsheen/claw-repos/oss-index/roblox/Nature2D/unit-tests/TestEZ/TestRunner.lua:54:function TestRunner.runPlanNode(session, planNode, lifecycleHooks)
/Users/tatsheen/claw-repos/oss-index/roblox/Nature2D/unit-tests/TestEZ/TestRunner.lua:55:	local function runCallback(callback, messagePrefix)
/Users/tatsheen/claw-repos/oss-index/roblox/Nature2D/unit-tests/TestEZ/TestRunner.lua:105:	local function runNode(childPlanNode)
/Users/tatsheen/claw-repos/oss-index/roblox/Nature2D/unit-tests/TestEZ/TestPlan.lua:11:local function newEnvironment(currentNode, extraEnvironment)
/Users/tatsheen/claw-repos/oss-index/roblox/Nature2D/unit-tests/TestEZ/TestPlan.lua:25:	local function addChild(phrase, callback, nodeType, nodeModifier)
/Users/tatsheen/claw-repos/oss-index/roblox/Nature2D/unit-tests/TestEZ/TestPlan.lua:34:	function env.describeFOCUS(phrase, callback)
/Users/tatsheen/claw-repos/oss-index/roblox/Nature2D/unit-tests/TestEZ/TestPlan.lua:38:	function env.describeSKIP(phrase, callback)
/Users/tatsheen/claw-repos/oss-index/roblox/Nature2D/unit-tests/TestEZ/TestPlan.lua:42:	function env.describe(phrase, callback, nodeModifier)
/Users/tatsheen/claw-repos/oss-index/roblox/Nature2D/unit-tests/TestEZ/TestPlan.lua:46:	function env.itFOCUS(phrase, callback)
/Users/tatsheen/claw-repos/oss-index/roblox/Nature2D/unit-tests/TestEZ/TestPlan.lua:50:	function env.itSKIP(phrase, callback)
/Users/tatsheen/claw-repos/oss-index/roblox/Nature2D/unit-tests/TestEZ/TestPlan.lua:54:	function env.itFIXME(phrase, callback)
/Users/tatsheen/claw-repos/oss-index/roblox/Nature2D/unit-tests/TestEZ/TestPlan.lua:59:	function env.it(phrase, callback, nodeModifier)
/Users/tatsheen/claw-repos/oss-index/roblox/Nature2D/unit-tests/TestEZ/TestPlan.lua:80:	function env.FIXME(optionalMessage)
/Users/tatsheen/claw-repos/oss-index/roblox/Nature2D/unit-tests/TestEZ/TestPlan.lua:86:	function env.FOCUS()
/Users/tatsheen/claw-repos/oss-index/roblox/Nature2D/unit-tests/TestEZ/TestPlan.lua:90:	function env.SKIP()
/Users/tatsheen/claw-repos/oss-index/roblox/Nature2D/unit-tests/TestEZ/TestPlan.lua:98:	function env.HACK_NO_XPCALL()
/Users/tatsheen/claw-repos/oss-index/roblox/Nature2D/unit-tests/TestEZ/TestPlan.lua:129:function TestNode.new(plan, phrase, nodeType, nodeModifier)
/Users/tatsheen/claw-repos/oss-index/roblox/Nature2D/unit-tests/TestEZ/TestPlan.lua:146:local function getModifier(name, pattern, modifier)
/Users/tatsheen/claw-repos/oss-index/roblox/Nature2D/unit-tests/TestEZ/TestPlan.lua:157:function TestNode:addChild(phrase, nodeType, nodeModifier)
/Users/tatsheen/claw-repos/oss-index/roblox/Nature2D/unit-tests/TestEZ/TestPlan.lua:177:function TestNode:getFullName()
/Users/tatsheen/claw-repos/oss-index/roblox/Nature2D/unit-tests/TestEZ/TestPlan.lua:191:function TestNode:expand()
/Users/tatsheen/claw-repos/oss-index/roblox/Nature2D/unit-tests/TestEZ/TestPlan.lua:217:function TestPlan.new(testNamePattern, extraEnvironment)
/Users/tatsheen/claw-repos/oss-index/roblox/Nature2D/unit-tests/TestEZ/TestPlan.lua:230:function TestPlan:addChild(phrase, nodeType, nodeModifier)
/Users/tatsheen/claw-repos/oss-index/roblox/Nature2D/unit-tests/TestEZ/TestPlan.lua:241:function TestPlan:addRoot(path, method)
/Users/tatsheen/claw-repos/oss-index/roblox/Nature2D/unit-tests/TestEZ/TestPlan.lua:267:function TestPlan:visitAllNodes(callback, root, level)
/Users/tatsheen/claw-repos/oss-index/roblox/Nature2D/unit-tests/TestEZ/TestPlan.lua:282:function TestPlan:visualize()
/Users/tatsheen/claw-repos/oss-index/roblox/Nature2D/unit-tests/TestEZ/TestPlan.lua:294:function TestPlan:findNodes(callback)
/Users/tatsheen/claw-repos/oss-index/roblox/Nature2D/unit-tests/TestEZ/Reporters/TextReporterQuiet.lua:22:local function reportNode(node, buffer, level)
/Users/tatsheen/claw-repos/oss-index/roblox/Nature2D/unit-tests/TestEZ/Reporters/TextReporterQuiet.lua:51:local function reportRoot(node)
/Users/tatsheen/claw-repos/oss-index/roblox/Nature2D/unit-tests/TestEZ/Reporters/TextReporterQuiet.lua:61:local function report(root)
/Users/tatsheen/claw-repos/oss-index/roblox/Nature2D/unit-tests/TestEZ/Reporters/TextReporterQuiet.lua:67:function TextReporterQuiet.report(results)
/Users/tatsheen/claw-repos/oss-index/roblox/Nature2D/unit-tests/TestEZ/init.lua:13:local function run(testRoot, callback)
/Users/tatsheen/claw-repos/oss-index/roblox/Nature2D/unit-tests/TestEZ/LifecycleHooks.lua:6:function LifecycleHooks.new()
/Users/tatsheen/claw-repos/oss-index/roblox/Nature2D/unit-tests/TestEZ/LifecycleHooks.lua:16:function LifecycleHooks:getBeforeEachHooks()
/Users/tatsheen/claw-repos/oss-index/roblox/Nature2D/unit-tests/TestEZ/LifecycleHooks.lua:32:function LifecycleHooks:getAfterEachHooks()
/Users/tatsheen/claw-repos/oss-index/roblox/Nature2D/unit-tests/TestEZ/LifecycleHooks.lua:48:function LifecycleHooks:popHooks()
/Users/tatsheen/claw-repos/oss-index/roblox/Nature2D/unit-tests/TestEZ/LifecycleHooks.lua:52:function LifecycleHooks:pushHooksFrom(planNode)
/Users/tatsheen/claw-repos/oss-index/roblox/Nature2D/unit-tests/TestEZ/LifecycleHooks.lua:66:function LifecycleHooks:getBeforeAllHooks()
/Users/tatsheen/claw-repos/oss-index/roblox/Nature2D/unit-tests/TestEZ/LifecycleHooks.lua:73:function LifecycleHooks:getAfterAllHooks()
/Users/tatsheen/claw-repos/oss-index/roblox/Nature2D/unit-tests/TestEZ/LifecycleHooks.lua:77:function LifecycleHooks:_getHooksOfType(nodes, key)
/Users/tatsheen/claw-repos/oss-index/roblox/Nature2D/unit-tests/TestEZ/TestResults.lua:25:function TestResults.new(plan)
/Users/tatsheen/claw-repos/oss-index/roblox/Nature2D/unit-tests/TestEZ/TestResults.lua:43:function TestResults.createNode(planNode)
/Users/tatsheen/claw-repos/oss-index/roblox/Nature2D/unit-tests/TestEZ/TestResults.lua:57:function TestResults:visitAllNodes(callback, root)
/Users/tatsheen/claw-repos/oss-index/roblox/Nature2D/unit-tests/TestEZ/TestResults.lua:70:function TestResults:visualize(root, level)
