/Users/tatsheen/claw-repos/oss-index/puzzle-bench/panel-attack/differences.txt:1:In Tetris Attack, it seems like a panel cannot match in the same frame
/Users/tatsheen/claw-repos/oss-index/puzzle-bench/panel-attack/differences.txt:3:attack by performing the matches check before the other state transitions.
/Users/tatsheen/claw-repos/oss-index/puzzle-bench/panel-attack/differences.txt:12:the new swap can only be created in some frames of the old swap.  In
/Users/tatsheen/claw-repos/oss-index/puzzle-bench/panel-attack/differences.txt:13:panel-attack, swaps cannot occur on consecutive frames, but I think
/Users/tatsheen/claw-repos/oss-index/puzzle-bench/panel-attack/differences.txt:17:In Tetris Attack, you get nothing for chains past 13.  I will probably
/Users/tatsheen/claw-repos/oss-index/puzzle-bench/panel-attack/differences.txt:18:implement things for chains past 13.
/Users/tatsheen/claw-repos/oss-index/puzzle-bench/panel-attack/differences.txt:24:panels the player clears, while panel-attack's is not.
/Users/tatsheen/claw-repos/oss-index/puzzle-bench/panel-attack/differences.txt:28:In Tetris Attack, a stack of garbage that should all begin falling at the same
/Users/tatsheen/claw-repos/oss-index/puzzle-bench/panel-attack/differences.txt:29:time will occasionally separate.  panel-attack will not implement this bug.
/Users/tatsheen/claw-repos/oss-index/puzzle-bench/panel-attack/differences.txt:32:by a match will finish after the match and rise lock end.  panel-attack
/Users/tatsheen/claw-repos/oss-index/puzzle-bench/panel-attack/differences.txt:35:In Panel de Pon (but not in Tetris Attack), a 32 combo gives too many points.
/Users/tatsheen/claw-repos/oss-index/puzzle-bench/panel-attack/differences.txt:36:panel-attack will not implement this bug.
/Users/tatsheen/claw-repos/oss-index/puzzle-bench/panel-attack/graphics.lua:43:local garbage_match_time = #garbage_bounce_table
/Users/tatsheen/claw-repos/oss-index/puzzle-bench/panel-attack/graphics.lua:117:  IMG_garbage = {}
/Users/tatsheen/claw-repos/oss-index/puzzle-bench/panel-attack/graphics.lua:120:    IMG_garbage[key] = imgs
/Users/tatsheen/claw-repos/oss-index/puzzle-bench/panel-attack/graphics.lua:126:  IMG_metal_flash = load_img("assets/garbageflash.png")
/Users/tatsheen/claw-repos/oss-index/puzzle-bench/panel-attack/graphics.lua:134:  IMG_frame = load_img("assets/frame.png")
/Users/tatsheen/claw-repos/oss-index/puzzle-bench/panel-attack/graphics.lua:141:    IMG_cards[false][i] = load_img("assets/combo"
/Users/tatsheen/claw-repos/oss-index/puzzle-bench/panel-attack/graphics.lua:145:    IMG_cards[true][i] = load_img("assets/chain"
/Users/tatsheen/claw-repos/oss-index/puzzle-bench/panel-attack/graphics.lua:149:    IMG_cards[true][i] = load_img("assets/chain00.png")
/Users/tatsheen/claw-repos/oss-index/puzzle-bench/panel-attack/graphics.lua:173:    if card_animation[card.frame] then
/Users/tatsheen/claw-repos/oss-index/puzzle-bench/panel-attack/graphics.lua:174:      card.frame = card.frame + 1
/Users/tatsheen/claw-repos/oss-index/puzzle-bench/panel-attack/graphics.lua:175:      if(card_animation[card.frame]==nil) then
/Users/tatsheen/claw-repos/oss-index/puzzle-bench/panel-attack/graphics.lua:179:      card.frame = card.frame + 1
/Users/tatsheen/claw-repos/oss-index/puzzle-bench/panel-attack/graphics.lua:187:    if card_animation[card.frame] then
/Users/tatsheen/claw-repos/oss-index/puzzle-bench/panel-attack/graphics.lua:190:          - card_animation[card.frame]
/Users/tatsheen/claw-repos/oss-index/puzzle-bench/panel-attack/graphics.lua:191:      draw(IMG_cards[card.chain][card.n], draw_x, draw_y)
/Users/tatsheen/claw-repos/oss-index/puzzle-bench/panel-attack/graphics.lua:192:  --    card.frame = card.frame + 1
/Users/tatsheen/claw-repos/oss-index/puzzle-bench/panel-attack/graphics.lua:193:  --    if(card_animation[card.frame]==nil) then
/Users/tatsheen/claw-repos/oss-index/puzzle-bench/panel-attack/graphics.lua:197:  --    card.frame = card.frame + 1
/Users/tatsheen/claw-repos/oss-index/puzzle-bench/panel-attack/graphics.lua:210:    draw(IMG_garbage[self.character].portrait, self.pos_x, self.pos_y)
/Users/tatsheen/claw-repos/oss-index/puzzle-bench/panel-attack/graphics.lua:212:    draw(IMG_garbage[self.character].portrait, self.pos_x+96, self.pos_y, 0, -1)
/Users/tatsheen/claw-repos/oss-index/puzzle-bench/panel-attack/graphics.lua:222:        local draw_frame = 1
/Users/tatsheen/claw-repos/oss-index/puzzle-bench/panel-attack/graphics.lua:223:        if panel.garbage then
/Users/tatsheen/claw-repos/oss-index/puzzle-bench/panel-attack/graphics.lua:226:            imgs = IMG_garbage[self.garbage_target.character]
/Users/tatsheen/claw-repos/oss-index/puzzle-bench/panel-attack/graphics.lua:274:                    garbage_bounce_table[panel.timer] or 1], draw_x, draw_y)
/Users/tatsheen/claw-repos/oss-index/puzzle-bench/panel-attack/graphics.lua:291:              draw_frame = 6
/Users/tatsheen/claw-repos/oss-index/puzzle-bench/panel-attack/graphics.lua:293:              draw_frame = 1
/Users/tatsheen/claw-repos/oss-index/puzzle-bench/panel-attack/graphics.lua:295:              draw_frame = 5
/Users/tatsheen/claw-repos/oss-index/puzzle-bench/panel-attack/graphics.lua:298:            draw_frame = 6
/Users/tatsheen/claw-repos/oss-index/puzzle-bench/panel-attack/graphics.lua:300:            draw_frame = bounce_table[panel.timer + 1]
/Users/tatsheen/claw-repos/oss-index/puzzle-bench/panel-attack/graphics.lua:308:            draw_frame = 7
/Users/tatsheen/claw-repos/oss-index/puzzle-bench/panel-attack/graphics.lua:310:            draw_frame = danger_bounce_table[
/Users/tatsheen/claw-repos/oss-index/puzzle-bench/panel-attack/graphics.lua:313:            draw_frame = 1
/Users/tatsheen/claw-repos/oss-index/puzzle-bench/panel-attack/graphics.lua:315:          draw(IMG_panels[panel.color][draw_frame], draw_x, draw_y)
/Users/tatsheen/claw-repos/oss-index/puzzle-bench/panel-attack/graphics.lua:324:            gprint(panel.chaining and "chaining" or "nah", draw_x*3, draw_y*3+30)
/Users/tatsheen/claw-repos/oss-index/puzzle-bench/panel-attack/graphics.lua:335:  draw(IMG_frame, self.pos_x-4, self.pos_y-4)
/Users/tatsheen/claw-repos/oss-index/puzzle-bench/panel-attack/graphics.lua:442:--[[void FadingPanels_1P(int draw_frame, int lightness)
/Users/tatsheen/claw-repos/oss-index/puzzle-bench/panel-attack/graphics.lua:456:        GrabRegion(draw_frame<<4,0,draw_frame<<4+15,15,draw_x,draw_y,
/Users/tatsheen/claw-repos/oss-index/puzzle-bench/panel-attack/conf.lua:4:  t.url = "https://github.com/sharpobject/panel-attack"
/Users/tatsheen/claw-repos/oss-index/puzzle-bench/panel-attack/GARBAGE.txt:3:When a player makes a combo or chain, garbage is sent to the opponent.
/Users/tatsheen/claw-repos/oss-index/puzzle-bench/panel-attack/GARBAGE.txt:7:The amount of garbage is as follows:
/Users/tatsheen/claw-repos/oss-index/puzzle-bench/panel-attack/GARBAGE.txt:9:4-combo: 3b
/Users/tatsheen/claw-repos/oss-index/puzzle-bench/panel-attack/GARBAGE.txt:10:5-combo: 4b
/Users/tatsheen/claw-repos/oss-index/puzzle-bench/panel-attack/GARBAGE.txt:11:6-combo: 5b
/Users/tatsheen/claw-repos/oss-index/puzzle-bench/panel-attack/GARBAGE.txt:12:7-combo: Rb
/Users/tatsheen/claw-repos/oss-index/puzzle-bench/panel-attack/GARBAGE.txt:13:8-combo: 3b + 4b
/Users/tatsheen/claw-repos/oss-index/puzzle-bench/panel-attack/GARBAGE.txt:14:9-combo: 2 * 4b
/Users/tatsheen/claw-repos/oss-index/puzzle-bench/panel-attack/GARBAGE.txt:15:10-combo: 2 * 5b
/Users/tatsheen/claw-repos/oss-index/puzzle-bench/panel-attack/GARBAGE.txt:16:11-combo: 5b + Rb
/Users/tatsheen/claw-repos/oss-index/puzzle-bench/panel-attack/GARBAGE.txt:17:12-combo: 2 * Rb
/Users/tatsheen/claw-repos/oss-index/puzzle-bench/panel-attack/GARBAGE.txt:18:13-combo: 3 * Rb
/Users/tatsheen/claw-repos/oss-index/puzzle-bench/panel-attack/GARBAGE.txt:19:14-to-19-combo: 4 * Rb
/Users/tatsheen/claw-repos/oss-index/puzzle-bench/panel-attack/GARBAGE.txt:20:20-to-24-combo: 6 * Rb
/Users/tatsheen/claw-repos/oss-index/puzzle-bench/panel-attack/GARBAGE.txt:21:K-chain: (K-1)Rb
/Users/tatsheen/claw-repos/oss-index/puzzle-bench/panel-attack/GARBAGE.txt:22:K metal blocks in combo: (K-2)M in addition to normal combo garbage
/Users/tatsheen/claw-repos/oss-index/puzzle-bench/panel-attack/GARBAGE.txt:24:For the purposes of this document, assume P1 is dropping garbage on P2.
/Users/tatsheen/claw-repos/oss-index/puzzle-bench/panel-attack/GARBAGE.txt:26:The garbage is not dropped instantly once it is awarded.
/Users/tatsheen/claw-repos/oss-index/puzzle-bench/panel-attack/GARBAGE.txt:28:stack N frames after it is awarded.     #TODO: find N.
/Users/tatsheen/claw-repos/oss-index/puzzle-bench/panel-attack/GARBAGE.txt:30:First, the garbage will wait for P1's chain to end.
/Users/tatsheen/claw-repos/oss-index/puzzle-bench/panel-attack/GARBAGE.txt:32:Then all the garbage that was created during P1's chain will wait until
/Users/tatsheen/claw-repos/oss-index/puzzle-bench/panel-attack/GARBAGE.txt:33:the most recent combo or chain (in this set of garbage)
/Users/tatsheen/claw-repos/oss-index/puzzle-bench/panel-attack/GARBAGE.txt:34:was at least M frames ago.              #TODO: find M.
/Users/tatsheen/claw-repos/oss-index/puzzle-bench/panel-attack/GARBAGE.txt:36:Then, all the garbage will wait until P2's chain to end.
/Users/tatsheen/claw-repos/oss-index/puzzle-bench/panel-attack/GARBAGE.txt:38:At this time, after Q frames, the       #TODO: find Q.
/Users/tatsheen/claw-repos/oss-index/puzzle-bench/panel-attack/GARBAGE.txt:39:garbage will fall into P2's stack.
/Users/tatsheen/claw-repos/oss-index/puzzle-bench/panel-attack/GARBAGE.txt:43:    chain is of any respectable length.
/Users/tatsheen/claw-repos/oss-index/puzzle-bench/panel-attack/GARBAGE.txt:44:- Multiple chains worth of garbage may accumulate in the third
/Users/tatsheen/claw-repos/oss-index/puzzle-bench/panel-attack/GARBAGE.txt:45:    stage if P1 makes short chains or unchained combos
/Users/tatsheen/claw-repos/oss-index/puzzle-bench/panel-attack/GARBAGE.txt:46:    while P2 is making a long chain.
/Users/tatsheen/claw-repos/oss-index/puzzle-bench/panel-attack/GARBAGE.txt:48:To find precise garbage timings I will probably have to use a debugger.
/Users/tatsheen/claw-repos/oss-index/puzzle-bench/panel-attack/server.py:39:                self.garbage_panels(goo)
/Users/tatsheen/claw-repos/oss-index/puzzle-bench/panel-attack/server.py:118:    def garbage_panels(self, data):
/Users/tatsheen/claw-repos/oss-index/puzzle-bench/panel-attack/main.lua:18:  math.randomseed(os.time())
/Users/tatsheen/claw-repos/oss-index/puzzle-bench/panel-attack/main.lua:42:    this_frame_keys = {}
/Users/tatsheen/claw-repos/oss-index/puzzle-bench/panel-attack/main.lua:43:    this_frame_unicodes = {}
/Users/tatsheen/claw-repos/oss-index/puzzle-bench/panel-attack/main.lua:45:  this_frame_messages = {}
/Users/tatsheen/claw-repos/oss-index/puzzle-bench/panel-attack/globals.lua:8:this_frame_keys = {}
/Users/tatsheen/claw-repos/oss-index/puzzle-bench/panel-attack/globals.lua:9:this_frame_unicodes = {}
/Users/tatsheen/claw-repos/oss-index/puzzle-bench/panel-attack/globals.lua:10:this_frame_messages = {}
/Users/tatsheen/claw-repos/oss-index/puzzle-bench/panel-attack/globals.lua:18:garbage_bounce_table = {
/Users/tatsheen/claw-repos/oss-index/puzzle-bench/panel-attack/globals.lua:36:score_combo_PdP64 = {} --size 40
/Users/tatsheen/claw-repos/oss-index/puzzle-bench/panel-attack/globals.lua:37:score_combo_TA = {  0,    0,    0,   20,   30,
/Users/tatsheen/claw-repos/oss-index/puzzle-bench/panel-attack/globals.lua:44:score_chain_TA = {  0,   50,   80,  150,  300,
/Users/tatsheen/claw-repos/oss-index/puzzle-bench/panel-attack/globals.lua:65:stop_time_combo =  {120, 120, 120}
/Users/tatsheen/claw-repos/oss-index/puzzle-bench/panel-attack/globals.lua:66:stop_time_chain =  {300, 180, 120}
/Users/tatsheen/claw-repos/oss-index/puzzle-bench/panel-attack/globals.lua:84:-- endless and 1P time attack use a speed system in which
/Users/tatsheen/claw-repos/oss-index/puzzle-bench/panel-attack/globals.lua:103:-- vs mode and 2P time attack use a speed system in which
/Users/tatsheen/claw-repos/oss-index/puzzle-bench/panel-attack/globals.lua:118:level_to_combo_constant    = {-20,-16,-12, -8, -3,  2,  7, 12, 17, 22}
/Users/tatsheen/claw-repos/oss-index/puzzle-bench/panel-attack/globals.lua:119:level_to_combo_coefficient = { 20, 18, 16, 14, 12, 10,  8,  6,  4,  2}
/Users/tatsheen/claw-repos/oss-index/puzzle-bench/panel-attack/globals.lua:120:level_to_chain_constant    = { 80, 77, 74, 71, 68, 65, 62, 60, 58, 56}
/Users/tatsheen/claw-repos/oss-index/puzzle-bench/panel-attack/globals.lua:121:level_to_chain_coefficient = { 20, 18, 16, 14, 12, 10,  8,  6,  4,  2}
/Users/tatsheen/claw-repos/oss-index/puzzle-bench/panel-attack/globals.lua:136:combo_garbage = {{}, {}, {}, {3}, {4},
/Users/tatsheen/claw-repos/oss-index/puzzle-bench/panel-attack/globals.lua:142:  combo_garbage[i] = combo_garbage[i] or combo_garbage[i-1]
/Users/tatsheen/claw-repos/oss-index/puzzle-bench/panel-attack/globals.lua:175:garbage_to_shake_time = {
/Users/tatsheen/claw-repos/oss-index/puzzle-bench/panel-attack/globals.lua:183:  garbage_to_shake_time[i] = garbage_to_shake_time[i-1]
/Users/tatsheen/claw-repos/oss-index/puzzle-bench/panel-attack/engine.lua:9:local garbage_bounce_time = #garbage_bounce_table
/Users/tatsheen/claw-repos/oss-index/puzzle-bench/panel-attack/engine.lua:33:      s.combo_constant    = level_to_combo_constant[s.level]
/Users/tatsheen/claw-repos/oss-index/puzzle-bench/panel-attack/engine.lua:34:      s.combo_coefficient = level_to_combo_coefficient[s.level]
/Users/tatsheen/claw-repos/oss-index/puzzle-bench/panel-attack/engine.lua:35:      s.chain_constant    = level_to_chain_constant[s.level]
/Users/tatsheen/claw-repos/oss-index/puzzle-bench/panel-attack/engine.lua:36:      s.chain_coefficient = level_to_chain_coefficient[s.level]
/Users/tatsheen/claw-repos/oss-index/puzzle-bench/panel-attack/engine.lua:46:    s.garbage_cols = {{1,2,3,4,5,6,idx=1},
/Users/tatsheen/claw-repos/oss-index/puzzle-bench/panel-attack/engine.lua:52:    s.later_garbage = {}
/Users/tatsheen/claw-repos/oss-index/puzzle-bench/panel-attack/engine.lua:53:    s.garbage_q = Queue()
/Users/tatsheen/claw-repos/oss-index/puzzle-bench/panel-attack/engine.lua:54:    -- garbage_to_send[frame] is an array of garbage to send at frame.
/Users/tatsheen/claw-repos/oss-index/puzzle-bench/panel-attack/engine.lua:55:    -- garbage_to_send.chain is an array of garbage to send when the chain ends.
/Users/tatsheen/claw-repos/oss-index/puzzle-bench/panel-attack/engine.lua:56:    s.garbage_to_send = {}
/Users/tatsheen/claw-repos/oss-index/puzzle-bench/panel-attack/engine.lua:75:    s.max_runs_per_frame = 3
/Users/tatsheen/claw-repos/oss-index/puzzle-bench/panel-attack/engine.lua:89:    s.danger_timer = 0   -- decides bounce frame when in danger
/Users/tatsheen/claw-repos/oss-index/puzzle-bench/panel-attack/engine.lua:107:    s.chain_counter = 0   -- how high is the current chain?
/Users/tatsheen/claw-repos/oss-index/puzzle-bench/panel-attack/engine.lua:115:    s.n_chain_panels= 0
/Users/tatsheen/claw-repos/oss-index/puzzle-bench/panel-attack/engine.lua:130:    s.swap_1 = false   -- attempt to initiate a swap on this frame
/Users/tatsheen/claw-repos/oss-index/puzzle-bench/panel-attack/engine.lua:165:  other.garbage_cols = deepcpy(self.garbage_cols)
/Users/tatsheen/claw-repos/oss-index/puzzle-bench/panel-attack/engine.lua:166:  --[[if self.garbage_cols then
/Users/tatsheen/claw-repos/oss-index/puzzle-bench/panel-attack/engine.lua:167:    other.garbage_idxs = other.garbage_idxs or {}
/Users/tatsheen/claw-repos/oss-index/puzzle-bench/panel-attack/engine.lua:168:    local n_g_cols = #(self.garbage_cols or other.garbage_cols)
/Users/tatsheen/claw-repos/oss-index/puzzle-bench/panel-attack/engine.lua:170:      other.garbage_idxs[i]=self.garbage_cols[i].idx
/Users/tatsheen/claw-repos/oss-index/puzzle-bench/panel-attack/engine.lua:175:  other.garbage_q = deepcpy(self.garbage_q)
/Users/tatsheen/claw-repos/oss-index/puzzle-bench/panel-attack/engine.lua:176:  other.garbage_to_send = deepcpy(self.garbage_to_send)
/Users/tatsheen/claw-repos/oss-index/puzzle-bench/panel-attack/engine.lua:211:  other.chain_counter = self.chain_counter
/Users/tatsheen/claw-repos/oss-index/puzzle-bench/panel-attack/engine.lua:214:  other.n_chain_panels = self.n_chain_panels
/Users/tatsheen/claw-repos/oss-index/puzzle-bench/panel-attack/engine.lua:240:    -- A panel's timer indicates for how many more frames it will:
/Users/tatsheen/claw-repos/oss-index/puzzle-bench/panel-attack/engine.lua:250:    -- causing the swap to end 3 frames later.
/Users/tatsheen/claw-repos/oss-index/puzzle-bench/panel-attack/engine.lua:260:    self.garbage = nil
/Users/tatsheen/claw-repos/oss-index/puzzle-bench/panel-attack/engine.lua:273:-- chaining
/Users/tatsheen/claw-repos/oss-index/puzzle-bench/panel-attack/engine.lua:279:    return exclude_hover_set[self.state] or self.garbage
/Users/tatsheen/claw-repos/oss-index/puzzle-bench/panel-attack/engine.lua:292:    return exclude_swap_set[self.state] or self.dont_swap or self.garbage
/Users/tatsheen/claw-repos/oss-index/puzzle-bench/panel-attack/engine.lua:295:  function Panel.support_garbage(self)
/Users/tatsheen/claw-repos/oss-index/puzzle-bench/panel-attack/engine.lua:299:  -- "Block garbage fall" means
/Users/tatsheen/claw-repos/oss-index/puzzle-bench/panel-attack/engine.lua:301:  -- We need this because garbage doesn't hover, it just falls
/Users/tatsheen/claw-repos/oss-index/puzzle-bench/panel-attack/engine.lua:303:  local block_garbage_fall_set = {matched=true, popping=true,
/Users/tatsheen/claw-repos/oss-index/puzzle-bench/panel-attack/engine.lua:305:  function Panel.block_garbage_fall(self)
/Users/tatsheen/claw-repos/oss-index/puzzle-bench/panel-attack/engine.lua:306:    return block_garbage_fall_set[self.state] or self.color == 0
/Users/tatsheen/claw-repos/oss-index/puzzle-bench/panel-attack/engine.lua:310:    return self.color ~= 0 and (self.state ~= "falling" or not self.garbage)
/Users/tatsheen/claw-repos/oss-index/puzzle-bench/panel-attack/engine.lua:316:      or self.dont_swap or self.chaining
/Users/tatsheen/claw-repos/oss-index/puzzle-bench/panel-attack/engine.lua:320:  self.combo_index = nil
/Users/tatsheen/claw-repos/oss-index/puzzle-bench/panel-attack/engine.lua:321:  self.combo_size = nil
/Users/tatsheen/claw-repos/oss-index/puzzle-bench/panel-attack/engine.lua:322:  self.chain_index = nil
/Users/tatsheen/claw-repos/oss-index/puzzle-bench/panel-attack/engine.lua:325:  self.chaining = nil
/Users/tatsheen/claw-repos/oss-index/puzzle-bench/panel-attack/engine.lua:365:    local garbage_target = self.garbage_target
/Users/tatsheen/claw-repos/oss-index/puzzle-bench/panel-attack/engine.lua:366:    self.garbage_target = nil
/Users/tatsheen/claw-repos/oss-index/puzzle-bench/panel-attack/engine.lua:372:    self.garbage_target = garbage_target
/Users/tatsheen/claw-repos/oss-index/puzzle-bench/panel-attack/engine.lua:407:      self.max_runs_per_frame)
/Users/tatsheen/claw-repos/oss-index/puzzle-bench/panel-attack/engine.lua:419:function Stack.enqueue_card(self, chain, x, y, n)
/Users/tatsheen/claw-repos/oss-index/puzzle-bench/panel-attack/engine.lua:420:  self.card_q:push({frame=1, chain=chain, x=x, y=y, n=n})
/Users/tatsheen/claw-repos/oss-index/puzzle-bench/panel-attack/engine.lua:615:  local fallen_garbage = 0
/Users/tatsheen/claw-repos/oss-index/puzzle-bench/panel-attack/engine.lua:626:      elseif panel.garbage then
/Users/tatsheen/claw-repos/oss-index/puzzle-bench/panel-attack/engine.lua:631:              local color, chaining = panel.color, panel.chaining
/Users/tatsheen/claw-repos/oss-index/puzzle-bench/panel-attack/engine.lua:633:              panel.color, panel.chaining = color, chaining
/Users/tatsheen/claw-repos/oss-index/puzzle-bench/panel-attack/engine.lua:646:                supported = supported or prow[i]:support_garbage()
/Users/tatsheen/claw-repos/oss-index/puzzle-bench/panel-attack/engine.lua:677:        if panel:block_garbage_fall() then
/Users/tatsheen/claw-repos/oss-index/puzzle-bench/panel-attack/engine.lua:782:            panel.timer = panel.combo_index*self.FRAMECOUNT_POP
/Users/tatsheen/claw-repos/oss-index/puzzle-bench/panel-attack/engine.lua:789:            -- for the last panel in the combo to pop
/Users/tatsheen/claw-repos/oss-index/puzzle-bench/panel-attack/engine.lua:794:            if panel.combo_size == panel.combo_index then
/Users/tatsheen/claw-repos/oss-index/puzzle-bench/panel-attack/engine.lua:796:              if(panel.chaining) then
/Users/tatsheen/claw-repos/oss-index/puzzle-bench/panel-attack/engine.lua:797:                self.n_chain_panels = self.n_chain_panels - 1
/Users/tatsheen/claw-repos/oss-index/puzzle-bench/panel-attack/engine.lua:801:                  self.FRAMECOUNT_HOVER+1,true,false,true, "combo")
/Users/tatsheen/claw-repos/oss-index/puzzle-bench/panel-attack/engine.lua:804:              panel.timer = (panel.combo_size-panel.combo_index)
/Users/tatsheen/claw-repos/oss-index/puzzle-bench/panel-attack/engine.lua:807:            --something = panel.chain_index
/Users/tatsheen/claw-repos/oss-index/puzzle-bench/panel-attack/engine.lua:818:            if panel.chaining then
/Users/tatsheen/claw-repos/oss-index/puzzle-bench/panel-attack/engine.lua:819:              self.n_chain_panels = self.n_chain_panels - 1
/Users/tatsheen/claw-repos/oss-index/puzzle-bench/panel-attack/engine.lua:869:    -- the raising is cancelled
/Users/tatsheen/claw-repos/oss-index/puzzle-bench/panel-attack/engine.lua:872:  -- if at the end of the routine there are no chain panels, the chain ends.
/Users/tatsheen/claw-repos/oss-index/puzzle-bench/panel-attack/engine.lua:873:  if self.chain_counter ~= 0 and self.n_chain_panels == 0 then
/Users/tatsheen/claw-repos/oss-index/puzzle-bench/panel-attack/engine.lua:874:    self:set_chain_garbage(self.chain_counter)
/Users/tatsheen/claw-repos/oss-index/puzzle-bench/panel-attack/engine.lua:875:    self.chain_counter=0
/Users/tatsheen/claw-repos/oss-index/puzzle-bench/panel-attack/engine.lua:888:      if (panel.garbage and panel.state ~= "normal") or
/Users/tatsheen/claw-repos/oss-index/puzzle-bench/panel-attack/engine.lua:889:         (panel.color ~= 0 and (panel:exclude_hover() or panel.state == "swapping") and not panel.garbage) or
/Users/tatsheen/claw-repos/oss-index/puzzle-bench/panel-attack/engine.lua:896:  local to_send = self.garbage_to_send[self.CLOCK]
/Users/tatsheen/claw-repos/oss-index/puzzle-bench/panel-attack/engine.lua:898:    self.garbage_to_send[self.CLOCK] = nil
/Users/tatsheen/claw-repos/oss-index/puzzle-bench/panel-attack/engine.lua:900:    -- if there's no chain, we can send it
/Users/tatsheen/claw-repos/oss-index/puzzle-bench/panel-attack/engine.lua:901:    if self.chain_counter == 0 then
/Users/tatsheen/claw-repos/oss-index/puzzle-bench/panel-attack/engine.lua:914:    elseif self.garbage_to_send.chain then
/Users/tatsheen/claw-repos/oss-index/puzzle-bench/panel-attack/engine.lua:915:      local waiting_for_chain = self.garbage_to_send.chain
/Users/tatsheen/claw-repos/oss-index/puzzle-bench/panel-attack/engine.lua:917:        waiting_for_chain[#waiting_for_chain+1] = to_send[i]
/Users/tatsheen/claw-repos/oss-index/puzzle-bench/panel-attack/engine.lua:920:      self.garbage_to_send.chain = to_send
/Users/tatsheen/claw-repos/oss-index/puzzle-bench/panel-attack/engine.lua:926:  local garbage = self.later_garbage[self.CLOCK]
/Users/tatsheen/claw-repos/oss-index/puzzle-bench/panel-attack/engine.lua:927:  if garbage then
/Users/tatsheen/claw-repos/oss-index/puzzle-bench/panel-attack/engine.lua:928:    for i=1,#garbage do
/Users/tatsheen/claw-repos/oss-index/puzzle-bench/panel-attack/engine.lua:929:      self.garbage_q:push(garbage[i])
/Users/tatsheen/claw-repos/oss-index/puzzle-bench/panel-attack/engine.lua:932:  self.later_garbage[self.CLOCK-409] = nil
/Users/tatsheen/claw-repos/oss-index/puzzle-bench/panel-attack/engine.lua:934:  local drop_it = self.n_active_panels == 0 and
/Users/tatsheen/claw-repos/oss-index/puzzle-bench/panel-attack/engine.lua:937:  if drop_it and self.garbage_q:len() > 0 then
/Users/tatsheen/claw-repos/oss-index/puzzle-bench/panel-attack/engine.lua:938:    self:drop_garbage(unpack(self.garbage_q:pop()))
/Users/tatsheen/claw-repos/oss-index/puzzle-bench/panel-attack/engine.lua:992:  local tmp_chaining = panels[row][col].chaining
/Users/tatsheen/claw-repos/oss-index/puzzle-bench/panel-attack/engine.lua:995:  panels[row][col].chaining = tmp_chaining
/Users/tatsheen/claw-repos/oss-index/puzzle-bench/panel-attack/engine.lua:996:  tmp_chaining = panels[row][col+1].chaining
/Users/tatsheen/claw-repos/oss-index/puzzle-bench/panel-attack/engine.lua:1000:  panels[row][col+1].chaining = tmp_chaining
/Users/tatsheen/claw-repos/oss-index/puzzle-bench/panel-attack/engine.lua:1054:-- drops a width x height garbage.
/Users/tatsheen/claw-repos/oss-index/puzzle-bench/panel-attack/engine.lua:1055:function Stack.drop_garbage(self, width, height, metal)
/Users/tatsheen/claw-repos/oss-index/puzzle-bench/panel-attack/engine.lua:1063:  local cols = self.garbage_cols[width]
/Users/tatsheen/claw-repos/oss-index/puzzle-bench/panel-attack/engine.lua:1066:  local shake_time = garbage_to_shake_time[width * height]
/Users/tatsheen/claw-repos/oss-index/puzzle-bench/panel-attack/engine.lua:1070:      panel.garbage = true
/Users/tatsheen/claw-repos/oss-index/puzzle-bench/panel-attack/engine.lua:1084:-- prepare to send some garbage!
/Users/tatsheen/claw-repos/oss-index/puzzle-bench/panel-attack/engine.lua:1085:-- also, delay any combo garbage that wasn't sent out yet
/Users/tatsheen/claw-repos/oss-index/puzzle-bench/panel-attack/engine.lua:1086:-- and set it to be sent at the same time as this garbage.
/Users/tatsheen/claw-repos/oss-index/puzzle-bench/panel-attack/engine.lua:1087:function Stack.set_combo_garbage(self, n_combo, n_metal)
/Users/tatsheen/claw-repos/oss-index/puzzle-bench/panel-attack/engine.lua:1092:  local combo_pieces = combo_garbage[n_combo]
/Users/tatsheen/claw-repos/oss-index/puzzle-bench/panel-attack/engine.lua:1093:  for i=1,#combo_pieces do
/Users/tatsheen/claw-repos/oss-index/puzzle-bench/panel-attack/engine.lua:1094:    stuff_to_send[#stuff_to_send+1] = {combo_pieces[1], 1, false}
/Users/tatsheen/claw-repos/oss-index/puzzle-bench/panel-attack/engine.lua:1096:  for k,v in pairs(self.garbage_to_send) do
/Users/tatsheen/claw-repos/oss-index/puzzle-bench/panel-attack/engine.lua:1101:      self.garbage_to_send[k]=nil
/Users/tatsheen/claw-repos/oss-index/puzzle-bench/panel-attack/engine.lua:1104:  self.garbage_to_send[self.CLOCK+100] = stuff_to_send
/Users/tatsheen/claw-repos/oss-index/puzzle-bench/panel-attack/engine.lua:1107:-- the chain is over!
/Users/tatsheen/claw-repos/oss-index/puzzle-bench/panel-attack/engine.lua:1109:function Stack.set_chain_garbage(self, n_chain)
/Users/tatsheen/claw-repos/oss-index/puzzle-bench/panel-attack/engine.lua:1110:  local tab = self.garbage_to_send[self.CLOCK]
/Users/tatsheen/claw-repos/oss-index/puzzle-bench/panel-attack/engine.lua:1113:    self.garbage_to_send[self.CLOCK] = tab
/Users/tatsheen/claw-repos/oss-index/puzzle-bench/panel-attack/engine.lua:1115:  local to_add = self.garbage_to_send.chain
/Users/tatsheen/claw-repos/oss-index/puzzle-bench/panel-attack/engine.lua:1120:    self.garbage_to_send.chain = nil
/Users/tatsheen/claw-repos/oss-index/puzzle-bench/panel-attack/engine.lua:1122:  tab[#tab+1] = {6, n_chain-1, false, true}
/Users/tatsheen/claw-repos/oss-index/puzzle-bench/panel-attack/engine.lua:1126:  if self.garbage_target then
/Users/tatsheen/claw-repos/oss-index/puzzle-bench/panel-attack/engine.lua:1127:    self.garbage_target:recv_garbage(self.CLOCK + GARBAGE_DELAY, to_send)
/Users/tatsheen/claw-repos/oss-index/puzzle-bench/panel-attack/engine.lua:1131:function Stack.recv_garbage(self, time, to_recv)
/Users/tatsheen/claw-repos/oss-index/puzzle-bench/panel-attack/engine.lua:1150:      -- The garbage that we send this time might (rarely) not be the same
/Users/tatsheen/claw-repos/oss-index/puzzle-bench/panel-attack/engine.lua:1151:      -- as the garbage we sent before.  Wipe out the garbage we sent before...
/Users/tatsheen/claw-repos/oss-index/puzzle-bench/panel-attack/engine.lua:1153:      local other_later_garbage = self.garbage_target.later_garbage
/Users/tatsheen/claw-repos/oss-index/puzzle-bench/panel-attack/engine.lua:1154:      for k,v in pairs(other_later_garbage) do
/Users/tatsheen/claw-repos/oss-index/puzzle-bench/panel-attack/engine.lua:1156:          other_later_garbage[k] = nil
/Users/tatsheen/claw-repos/oss-index/puzzle-bench/panel-attack/engine.lua:1159:      -- and record the garbage that we send this time!
/Users/tatsheen/claw-repos/oss-index/puzzle-bench/panel-attack/engine.lua:1161:      -- We can do it like this because the sender of the garbage
/Users/tatsheen/claw-repos/oss-index/puzzle-bench/panel-attack/engine.lua:1162:      -- and self.garbage_target are the same thing.
/Users/tatsheen/claw-repos/oss-index/puzzle-bench/panel-attack/engine.lua:1163:      -- Since we're in this code at all, we know that self.garbage_target
/Users/tatsheen/claw-repos/oss-index/puzzle-bench/panel-attack/engine.lua:1165:      -- the garbage that we sent during the frames we're rolling back.
/Users/tatsheen/claw-repos/oss-index/puzzle-bench/panel-attack/engine.lua:1172:      self:recv_garbage(time, to_recv)
/Users/tatsheen/claw-repos/oss-index/puzzle-bench/panel-attack/engine.lua:1183:  local garbage = self.later_garbage[time] or {}
/Users/tatsheen/claw-repos/oss-index/puzzle-bench/panel-attack/engine.lua:1185:    garbage[#garbage+1] = to_recv[i]
/Users/tatsheen/claw-repos/oss-index/puzzle-bench/panel-attack/engine.lua:1187:  self.later_garbage[time] = garbage
/Users/tatsheen/claw-repos/oss-index/puzzle-bench/panel-attack/engine.lua:1195:  local is_chain = false
/Users/tatsheen/claw-repos/oss-index/puzzle-bench/panel-attack/engine.lua:1198:  local combo_index, garbage_index = 0, 0
/Users/tatsheen/claw-repos/oss-index/puzzle-bench/panel-attack/engine.lua:1199:  local combo_size, garbage_size = 0, 0
/Users/tatsheen/claw-repos/oss-index/puzzle-bench/panel-attack/engine.lua:1203:  local q, garbage = Queue(), {}
/Users/tatsheen/claw-repos/oss-index/puzzle-bench/panel-attack/engine.lua:1227:            combo_size = combo_size + 1
/Users/tatsheen/claw-repos/oss-index/puzzle-bench/panel-attack/engine.lua:1230:          if panel.match_anyway and panel.chaining then
/Users/tatsheen/claw-repos/oss-index/puzzle-bench/panel-attack/engine.lua:1231:            panel.chaining = nil
/Users/tatsheen/claw-repos/oss-index/puzzle-bench/panel-attack/engine.lua:1232:            self.n_chain_panels = self.n_chain_panels - 1
/Users/tatsheen/claw-repos/oss-index/puzzle-bench/panel-attack/engine.lua:1234:          is_chain = is_chain or panel.chaining
/Users/tatsheen/claw-repos/oss-index/puzzle-bench/panel-attack/engine.lua:1250:            combo_size = combo_size + 1
/Users/tatsheen/claw-repos/oss-index/puzzle-bench/panel-attack/engine.lua:1253:          if panel.match_anyway and panel.chaining then
/Users/tatsheen/claw-repos/oss-index/puzzle-bench/panel-attack/engine.lua:1254:            panel.chaining = nil
/Users/tatsheen/claw-repos/oss-index/puzzle-bench/panel-attack/engine.lua:1255:            self.n_chain_panels = self.n_chain_panels - 1
/Users/tatsheen/claw-repos/oss-index/puzzle-bench/panel-attack/engine.lua:1257:          is_chain = is_chain or panel.chaining
/Users/tatsheen/claw-repos/oss-index/puzzle-bench/panel-attack/engine.lua:1265:  -- One for clearing normal garbage, one for metal.
/Users/tatsheen/claw-repos/oss-index/puzzle-bench/panel-attack/engine.lua:1269:    if ((panel.garbage and panel.state=="normal") or panel.matching)
/Users/tatsheen/claw-repos/oss-index/puzzle-bench/panel-attack/engine.lua:1273:        and panel.garbage and not garbage[panel] then
/Users/tatsheen/claw-repos/oss-index/puzzle-bench/panel-attack/engine.lua:1274:        garbage[panel] = true
/Users/tatsheen/claw-repos/oss-index/puzzle-bench/panel-attack/engine.lua:1276:          garbage_size = garbage_size + 1
/Users/tatsheen/claw-repos/oss-index/puzzle-bench/panel-attack/engine.lua:1281:      if panel.garbage then
/Users/tatsheen/claw-repos/oss-index/puzzle-bench/panel-attack/engine.lua:1294:  if is_chain then
/Users/tatsheen/claw-repos/oss-index/puzzle-bench/panel-attack/engine.lua:1295:    if self.chain_counter ~= 0 then
/Users/tatsheen/claw-repos/oss-index/puzzle-bench/panel-attack/engine.lua:1296:      self.chain_counter = self.chain_counter + 1
/Users/tatsheen/claw-repos/oss-index/puzzle-bench/panel-attack/engine.lua:1298:      self.chain_counter = 2
/Users/tatsheen/claw-repos/oss-index/puzzle-bench/panel-attack/engine.lua:1303:      self.FRAMECOUNT_POP * (combo_size + garbage_size)
/Users/tatsheen/claw-repos/oss-index/puzzle-bench/panel-attack/engine.lua:1304:  local garbage_match_time = self.FRAMECOUNT_MATCH + garbage_bounce_time +
/Users/tatsheen/claw-repos/oss-index/puzzle-bench/panel-attack/engine.lua:1305:      self.FRAMECOUNT_POP * (combo_size + garbage_size)
/Users/tatsheen/claw-repos/oss-index/puzzle-bench/panel-attack/engine.lua:1306:  garbage_index=garbage_size-1
/Users/tatsheen/claw-repos/oss-index/puzzle-bench/panel-attack/engine.lua:1307:  combo_index=combo_size
/Users/tatsheen/claw-repos/oss-index/puzzle-bench/panel-attack/engine.lua:1312:      if garbage[panel] then
/Users/tatsheen/claw-repos/oss-index/puzzle-bench/panel-attack/engine.lua:1314:        panel.timer = garbage_match_time + 1
/Users/tatsheen/claw-repos/oss-index/puzzle-bench/panel-attack/engine.lua:1315:        panel.initial_time = garbage_match_time
/Users/tatsheen/claw-repos/oss-index/puzzle-bench/panel-attack/engine.lua:1316:        panel.pop_time = self.FRAMECOUNT_POP * garbage_index
/Users/tatsheen/claw-repos/oss-index/puzzle-bench/panel-attack/engine.lua:1317:            + garbage_bounce_time
/Users/tatsheen/claw-repos/oss-index/puzzle-bench/panel-attack/engine.lua:1329:          if is_chain then
/Users/tatsheen/claw-repos/oss-index/puzzle-bench/panel-attack/engine.lua:1330:            panel.chaining = true
/Users/tatsheen/claw-repos/oss-index/puzzle-bench/panel-attack/engine.lua:1331:            self.n_chain_panels = self.n_chain_panels + 1
/Users/tatsheen/claw-repos/oss-index/puzzle-bench/panel-attack/engine.lua:1334:        garbage_index = garbage_index - 1
/Users/tatsheen/claw-repos/oss-index/puzzle-bench/panel-attack/engine.lua:1342:          if is_chain and not panel.chaining then
/Users/tatsheen/claw-repos/oss-index/puzzle-bench/panel-attack/engine.lua:1343:            panel.chaining = true
/Users/tatsheen/claw-repos/oss-index/puzzle-bench/panel-attack/engine.lua:1344:            self.n_chain_panels = self.n_chain_panels + 1
/Users/tatsheen/claw-repos/oss-index/puzzle-bench/panel-attack/engine.lua:1346:          panel.combo_index = combo_index
/Users/tatsheen/claw-repos/oss-index/puzzle-bench/panel-attack/engine.lua:1347:          panel.combo_size = combo_size
/Users/tatsheen/claw-repos/oss-index/puzzle-bench/panel-attack/engine.lua:1348:          panel.chain_index = self.chain_counter
/Users/tatsheen/claw-repos/oss-index/puzzle-bench/panel-attack/engine.lua:1349:          combo_index = combo_index - 1
/Users/tatsheen/claw-repos/oss-index/puzzle-bench/panel-attack/engine.lua:1350:          if combo_index == 0 then
/Users/tatsheen/claw-repos/oss-index/puzzle-bench/panel-attack/engine.lua:1356:          -- we might have to remove its chain flag...!
/Users/tatsheen/claw-repos/oss-index/puzzle-bench/panel-attack/engine.lua:1357:          -- It can't actually chain the first frame it hovers,
/Users/tatsheen/claw-repos/oss-index/puzzle-bench/panel-attack/engine.lua:1358:          -- so it can keep its chaining flag in that case.
/Users/tatsheen/claw-repos/oss-index/puzzle-bench/panel-attack/engine.lua:1362:              -- so this panel loses its chain flag
/Users/tatsheen/claw-repos/oss-index/puzzle-bench/panel-attack/engine.lua:1364:                  panel.chaining then
/Users/tatsheen/claw-repos/oss-index/puzzle-bench/panel-attack/engine.lua:1365:              --if panel.chaining then
/Users/tatsheen/claw-repos/oss-index/puzzle-bench/panel-attack/engine.lua:1366:                panel.chaining = nil
/Users/tatsheen/claw-repos/oss-index/puzzle-bench/panel-attack/engine.lua:1367:                self.n_chain_panels = self.n_chain_panels - 1
/Users/tatsheen/claw-repos/oss-index/puzzle-bench/panel-attack/engine.lua:1370:            -- loses its chain flag.
/Users/tatsheen/claw-repos/oss-index/puzzle-bench/panel-attack/engine.lua:1371:            elseif(panel.chaining) then
/Users/tatsheen/claw-repos/oss-index/puzzle-bench/panel-attack/engine.lua:1372:              panel.chaining = nil
/Users/tatsheen/claw-repos/oss-index/puzzle-bench/panel-attack/engine.lua:1373:              self.n_chain_panels = self.n_chain_panels - 1
/Users/tatsheen/claw-repos/oss-index/puzzle-bench/panel-attack/engine.lua:1381:  if(combo_size~=0) then
/Users/tatsheen/claw-repos/oss-index/puzzle-bench/panel-attack/engine.lua:1382:    if(combo_size>3) then
/Users/tatsheen/claw-repos/oss-index/puzzle-bench/panel-attack/engine.lua:1384:        if(combo_size > 30) then
/Users/tatsheen/claw-repos/oss-index/puzzle-bench/panel-attack/engine.lua:1385:          combo_size = 30
/Users/tatsheen/claw-repos/oss-index/puzzle-bench/panel-attack/engine.lua:1387:        self.score = self.score + score_combo_TA[combo_size]
/Users/tatsheen/claw-repos/oss-index/puzzle-bench/panel-attack/engine.lua:1389:        if(combo_size<41) then
/Users/tatsheen/claw-repos/oss-index/puzzle-bench/panel-attack/engine.lua:1390:          self.score = self.score + score_combo_PdP64[combo_size]
/Users/tatsheen/claw-repos/oss-index/puzzle-bench/panel-attack/engine.lua:1392:          self.score = self.score + 20400+((combo_size-40)*800)
/Users/tatsheen/claw-repos/oss-index/puzzle-bench/panel-attack/engine.lua:1396:      self:enqueue_card(false, first_panel_col, first_panel_row, combo_size)
/Users/tatsheen/claw-repos/oss-index/puzzle-bench/panel-attack/engine.lua:1400:      first_panel_row = first_panel_row + 1 -- offset chain cards
/Users/tatsheen/claw-repos/oss-index/puzzle-bench/panel-attack/engine.lua:1402:    if(is_chain) then
/Users/tatsheen/claw-repos/oss-index/puzzle-bench/panel-attack/engine.lua:1404:          self.chain_counter)
/Users/tatsheen/claw-repos/oss-index/puzzle-bench/panel-attack/engine.lua:1408:    something = self.chain_counter
/Users/tatsheen/claw-repos/oss-index/puzzle-bench/panel-attack/engine.lua:1410:      if(self.chain_counter>13) then
/Users/tatsheen/claw-repos/oss-index/puzzle-bench/panel-attack/engine.lua:1413:      self.score = self.score + score_chain_TA[something]
/Users/tatsheen/claw-repos/oss-index/puzzle-bench/panel-attack/engine.lua:1415:    if((combo_size>3) or is_chain) then
/Users/tatsheen/claw-repos/oss-index/puzzle-bench/panel-attack/engine.lua:1417:      if self.panels_in_top_row and is_chain then
/Users/tatsheen/claw-repos/oss-index/puzzle-bench/panel-attack/engine.lua:1419:          local length = (self.chain_counter > 4) and 6 or self.chain_counter
/Users/tatsheen/claw-repos/oss-index/puzzle-bench/panel-attack/engine.lua:1421:                      (self.chain_counter - 1) * (-2*self.level+22)
/Users/tatsheen/claw-repos/oss-index/puzzle-bench/panel-attack/engine.lua:1427:          local length = (combo_size < 9) and 2 or 3
/Users/tatsheen/claw-repos/oss-index/puzzle-bench/panel-attack/engine.lua:1428:          stop_time = self.chain_coefficient * length + self.chain_constant
/Users/tatsheen/claw-repos/oss-index/puzzle-bench/panel-attack/engine.lua:1432:      elseif is_chain then
/Users/tatsheen/claw-repos/oss-index/puzzle-bench/panel-attack/engine.lua:1434:          local length = min(self.chain_counter, 13)
/Users/tatsheen/claw-repos/oss-index/puzzle-bench/panel-attack/engine.lua:1435:          stop_time = self.chain_coefficient * length + self.chain_constant
/Users/tatsheen/claw-repos/oss-index/puzzle-bench/panel-attack/engine.lua:1437:          stop_time = stop_time_chain[self.difficulty]
/Users/tatsheen/claw-repos/oss-index/puzzle-bench/panel-attack/engine.lua:1441:          stop_time = self.combo_coefficient * combo_size + self.combo_constant
/Users/tatsheen/claw-repos/oss-index/puzzle-bench/panel-attack/engine.lua:1443:          stop_time = stop_time_combo[self.difficulty]
/Users/tatsheen/claw-repos/oss-index/puzzle-bench/panel-attack/engine.lua:1456:    --if garbage_size > 0 then
/Users/tatsheen/claw-repos/oss-index/puzzle-bench/panel-attack/engine.lua:1463:    self:set_combo_garbage(combo_size, metal_count)
/Users/tatsheen/claw-repos/oss-index/puzzle-bench/panel-attack/engine.lua:1467:function Stack.set_hoverers(self, row, col, hover_time, add_chaining,
/Users/tatsheen/claw-repos/oss-index/puzzle-bench/panel-attack/engine.lua:1487:        local chaining = panel.chaining
/Users/tatsheen/claw-repos/oss-index/puzzle-bench/panel-attack/engine.lua:1492:        local adding_chaining = (not chaining) and panel.color~=9 and
/Users/tatsheen/claw-repos/oss-index/puzzle-bench/panel-attack/engine.lua:1493:            add_chaining
/Users/tatsheen/claw-repos/oss-index/puzzle-bench/panel-attack/engine.lua:1494:        if chaining or adding_chaining then
/Users/tatsheen/claw-repos/oss-index/puzzle-bench/panel-attack/engine.lua:1495:          panel.chaining = true
/Users/tatsheen/claw-repos/oss-index/puzzle-bench/panel-attack/engine.lua:1501:        if adding_chaining then
/Users/tatsheen/claw-repos/oss-index/puzzle-bench/panel-attack/engine.lua:1502:          self.n_chain_panels = self.n_chain_panels + 1
/Users/tatsheen/claw-repos/oss-index/puzzle-bench/panel-attack/COPYING:4:warranty.  In no event will the authors be held liable for any damages
/Users/tatsheen/claw-repos/oss-index/puzzle-bench/panel-attack/V3PdP source/Game.vc:119:      // and then it's like:  3, 2, 1 while the cursor drops in like zoom, zoom
/Users/tatsheen/claw-repos/oss-index/puzzle-bench/panel-attack/V3PdP source/graphics.vc:102:   Graphics_ComboCards=LoadImage("graphics\combocards.bmp");
/Users/tatsheen/claw-repos/oss-index/puzzle-bench/panel-attack/V3PdP source/graphics.vc:185:   // (animation frame) <<19
/Users/tatsheen/claw-repos/oss-index/puzzle-bench/panel-attack/V3PdP source/graphics.vc:198:   int card, aniframe, drawx, drawy, iofs;
/Users/tatsheen/claw-repos/oss-index/puzzle-bench/panel-attack/V3PdP source/graphics.vc:204:      aniframe=card>>19;
/Users/tatsheen/claw-repos/oss-index/puzzle-bench/panel-attack/V3PdP source/graphics.vc:215:      drawy-=CardAni[aniframe];
/Users/tatsheen/claw-repos/oss-index/puzzle-bench/panel-attack/V3PdP source/graphics.vc:221:      aniframe++;
/Users/tatsheen/claw-repos/oss-index/puzzle-bench/panel-attack/V3PdP source/graphics.vc:222:      if(aniframe==TMOL) slide=1;
/Users/tatsheen/claw-repos/oss-index/puzzle-bench/panel-attack/V3PdP source/graphics.vc:236:   // (animation frame) <<19
/Users/tatsheen/claw-repos/oss-index/puzzle-bench/panel-attack/V3PdP source/graphics.vc:266:   int card, aniframe, drawx, drawy, hitno;
/Users/tatsheen/claw-repos/oss-index/puzzle-bench/panel-attack/V3PdP source/graphics.vc:272:      aniframe=card>>19;
/Users/tatsheen/claw-repos/oss-index/puzzle-bench/panel-attack/V3PdP source/graphics.vc:283:      drawy-=CardAni[aniframe];
/Users/tatsheen/claw-repos/oss-index/puzzle-bench/panel-attack/V3PdP source/graphics.vc:290:      aniframe++;
/Users/tatsheen/claw-repos/oss-index/puzzle-bench/panel-attack/V3PdP source/graphics.vc:291:      if(aniframe==TMOL) slide=1;
/Users/tatsheen/claw-repos/oss-index/puzzle-bench/panel-attack/V3PdP source/graphics.vc:304:   int card, aniframe, drawx, drawy, tens, ones;
/Users/tatsheen/claw-repos/oss-index/puzzle-bench/panel-attack/V3PdP source/graphics.vc:310:      aniframe=card>>19;
/Users/tatsheen/claw-repos/oss-index/puzzle-bench/panel-attack/V3PdP source/graphics.vc:321:      drawy-=CardAni[aniframe];
/Users/tatsheen/claw-repos/oss-index/puzzle-bench/panel-attack/V3PdP source/graphics.vc:329:      aniframe++;
/Users/tatsheen/claw-repos/oss-index/puzzle-bench/panel-attack/V3PdP source/graphics.vc:330:      if(aniframe==TMOL) slide=1;
/Users/tatsheen/claw-repos/oss-index/puzzle-bench/panel-attack/V3PdP source/graphics.vc:346:   int drawpanel, drawframe, drawx, drawy;
/Users/tatsheen/claw-repos/oss-index/puzzle-bench/panel-attack/V3PdP source/graphics.vc:384:               drawframe=0;
/Users/tatsheen/claw-repos/oss-index/puzzle-bench/panel-attack/V3PdP source/graphics.vc:389:                     drawframe=5;
/Users/tatsheen/claw-repos/oss-index/puzzle-bench/panel-attack/V3PdP source/graphics.vc:391:                  {  if(P1StackTimers[panel] & 1) drawframe=4;
/Users/tatsheen/claw-repos/oss-index/puzzle-bench/panel-attack/V3PdP source/graphics.vc:392:                     else drawframe=0;
/Users/tatsheen/claw-repos/oss-index/puzzle-bench/panel-attack/V3PdP source/graphics.vc:397:                     drawframe=5;
/Users/tatsheen/claw-repos/oss-index/puzzle-bench/panel-attack/V3PdP source/graphics.vc:400:                        drawframe=bouncetable[P1StackTimers[panel]];
/Users/tatsheen/claw-repos/oss-index/puzzle-bench/panel-attack/V3PdP source/graphics.vc:414:                              drawframe=dangerbouncetable[P1DangerTimer];
/Users/tatsheen/claw-repos/oss-index/puzzle-bench/panel-attack/V3PdP source/graphics.vc:418:                                 drawframe=6;
/Users/tatsheen/claw-repos/oss-index/puzzle-bench/panel-attack/V3PdP source/graphics.vc:420:                                 drawframe=0;
/Users/tatsheen/claw-repos/oss-index/puzzle-bench/panel-attack/V3PdP source/graphics.vc:426:               drawframe=drawframe<<4;
/Users/tatsheen/claw-repos/oss-index/puzzle-bench/panel-attack/V3PdP source/graphics.vc:427:               GrabRegion(drawframe,0,drawframe+15,15,drawx,drawy,
/Users/tatsheen/claw-repos/oss-index/puzzle-bench/panel-attack/V3PdP source/graphics.vc:522:void FadingPanels_1P(int drawframe, int lightness)
/Users/tatsheen/claw-repos/oss-index/puzzle-bench/panel-attack/V3PdP source/graphics.vc:537:            GrabRegion(drawframe<<4,0,drawframe<<4+15,15,drawx,drawy,
/Users/tatsheen/claw-repos/oss-index/puzzle-bench/panel-attack/V3PdP source/engine before emulation of the crazy bug.vc:22:   // A panel's timer indicates for how many more frames it will:
/Users/tatsheen/claw-repos/oss-index/puzzle-bench/panel-attack/V3PdP source/engine before emulation of the crazy bug.vc:40:   // causing the swap to end 3 frames later.
/Users/tatsheen/claw-repos/oss-index/puzzle-bench/panel-attack/V3PdP source/engine before emulation of the crazy bug.vc:70:   // A match made with a chain panel is a chain match...
/Users/tatsheen/claw-repos/oss-index/puzzle-bench/panel-attack/V3PdP source/engine before emulation of the crazy bug.vc:74:   // swapping panel.  The chain flag must remain set on the panel
/Users/tatsheen/claw-repos/oss-index/puzzle-bench/panel-attack/V3PdP source/engine before emulation of the crazy bug.vc:82:   // frame to be drawn for the panel (the 'bounce' effect).
/Users/tatsheen/claw-repos/oss-index/puzzle-bench/panel-attack/V3PdP source/engine before emulation of the crazy bug.vc:122:      // frame.
/Users/tatsheen/claw-repos/oss-index/puzzle-bench/panel-attack/V3PdP source/engine before emulation of the crazy bug.vc:125:int P1DangerTimer;   // decided bounce frame when in danger
/Users/tatsheen/claw-repos/oss-index/puzzle-bench/panel-attack/V3PdP source/engine before emulation of the crazy bug.vc:164:int P1ChainCounter;   // how high is the current chain?
/Users/tatsheen/claw-repos/oss-index/puzzle-bench/panel-attack/V3PdP source/engine before emulation of the crazy bug.vc:195:int P1Swap1;   // attempt to initiate a swap on this frame
/Users/tatsheen/claw-repos/oss-index/puzzle-bench/panel-attack/V3PdP source/engine before emulation of the crazy bug.vc:235:      // Here are defined the necessary counters for iterating through
/Users/tatsheen/claw-repos/oss-index/puzzle-bench/panel-attack/V3PdP source/engine before emulation of the crazy bug.vc:239:   int counter;    // an extra general-purpose counter
/Users/tatsheen/claw-repos/oss-index/puzzle-bench/panel-attack/V3PdP source/engine before emulation of the crazy bug.vc:397:                     // swap completed, a matches-check will occur this frame.
/Users/tatsheen/claw-repos/oss-index/puzzle-bench/panel-attack/V3PdP source/engine before emulation of the crazy bug.vc:440:                                    // for the last panel in the combo to pop
/Users/tatsheen/claw-repos/oss-index/puzzle-bench/panel-attack/V3PdP source/engine before emulation of the crazy bug.vc:507:                     // it during the last frame if there was.
/Users/tatsheen/claw-repos/oss-index/puzzle-bench/panel-attack/V3PdP source/engine before emulation of the crazy bug.vc:677:       // the raising is cancelled
/Users/tatsheen/claw-repos/oss-index/puzzle-bench/panel-attack/V3PdP source/engine before emulation of the crazy bug.vc:739:   // if at the end of the routine there are no chain panels, the chain ends.
/Users/tatsheen/claw-repos/oss-index/puzzle-bench/panel-attack/V3PdP source/engine before emulation of the crazy bug.vc:781:   int ischain;
/Users/tatsheen/claw-repos/oss-index/puzzle-bench/panel-attack/V3PdP source/engine before emulation of the crazy bug.vc:783:   int comboindex, combosize;
/Users/tatsheen/claw-repos/oss-index/puzzle-bench/panel-attack/V3PdP source/engine before emulation of the crazy bug.vc:811:                           ischain=1;
/Users/tatsheen/claw-repos/oss-index/puzzle-bench/panel-attack/V3PdP source/engine before emulation of the crazy bug.vc:812:                        combosize++;
/Users/tatsheen/claw-repos/oss-index/puzzle-bench/panel-attack/V3PdP source/engine before emulation of the crazy bug.vc:820:                              ischain=1;
/Users/tatsheen/claw-repos/oss-index/puzzle-bench/panel-attack/V3PdP source/engine before emulation of the crazy bug.vc:821:                           combosize++;
/Users/tatsheen/claw-repos/oss-index/puzzle-bench/panel-attack/V3PdP source/engine before emulation of the crazy bug.vc:827:                              ischain=1;
/Users/tatsheen/claw-repos/oss-index/puzzle-bench/panel-attack/V3PdP source/engine before emulation of the crazy bug.vc:828:                           combosize++;
/Users/tatsheen/claw-repos/oss-index/puzzle-bench/panel-attack/V3PdP source/engine before emulation of the crazy bug.vc:867:                           ischain=1;
/Users/tatsheen/claw-repos/oss-index/puzzle-bench/panel-attack/V3PdP source/engine before emulation of the crazy bug.vc:868:                        combosize++;
/Users/tatsheen/claw-repos/oss-index/puzzle-bench/panel-attack/V3PdP source/engine before emulation of the crazy bug.vc:876:                              ischain=1;
/Users/tatsheen/claw-repos/oss-index/puzzle-bench/panel-attack/V3PdP source/engine before emulation of the crazy bug.vc:877:                           combosize++;
/Users/tatsheen/claw-repos/oss-index/puzzle-bench/panel-attack/V3PdP source/engine before emulation of the crazy bug.vc:883:                              ischain=1;
/Users/tatsheen/claw-repos/oss-index/puzzle-bench/panel-attack/V3PdP source/engine before emulation of the crazy bug.vc:884:                           combosize++;
/Users/tatsheen/claw-repos/oss-index/puzzle-bench/panel-attack/V3PdP source/engine before emulation of the crazy bug.vc:899:comboindex=combosize;
/Users/tatsheen/claw-repos/oss-index/puzzle-bench/panel-attack/V3PdP source/engine before emulation of the crazy bug.vc:911:         if(ischain)
/Users/tatsheen/claw-repos/oss-index/puzzle-bench/panel-attack/V3PdP source/engine before emulation of the crazy bug.vc:919:         something=combosize<<7;
/Users/tatsheen/claw-repos/oss-index/puzzle-bench/panel-attack/V3PdP source/engine before emulation of the crazy bug.vc:921:         P1StackTags[panel]= whatever | something | comboindex;
/Users/tatsheen/claw-repos/oss-index/puzzle-bench/panel-attack/V3PdP source/engine before emulation of the crazy bug.vc:922:         comboindex--;
/Users/tatsheen/claw-repos/oss-index/puzzle-bench/panel-attack/V3PdP source/engine before emulation of the crazy bug.vc:923:         if(!comboindex)
/Users/tatsheen/claw-repos/oss-index/puzzle-bench/panel-attack/V3PdP source/engine before emulation of the crazy bug.vc:934:               // we might have to remove its chain flag...!
/Users/tatsheen/claw-repos/oss-index/puzzle-bench/panel-attack/V3PdP source/engine before emulation of the crazy bug.vc:943:                        // so this panel loses its chain flag
/Users/tatsheen/claw-repos/oss-index/puzzle-bench/panel-attack/V3PdP source/engine before emulation of the crazy bug.vc:952:               {     // loses its chain flag.
/Users/tatsheen/claw-repos/oss-index/puzzle-bench/panel-attack/V3PdP source/engine before emulation of the crazy bug.vc:966:if(combosize)
/Users/tatsheen/claw-repos/oss-index/puzzle-bench/panel-attack/V3PdP source/engine before emulation of the crazy bug.vc:968:   if(combosize>3)
/Users/tatsheen/claw-repos/oss-index/puzzle-bench/panel-attack/V3PdP source/engine before emulation of the crazy bug.vc:973:            if(combosize>30) combosize=30;
/Users/tatsheen/claw-repos/oss-index/puzzle-bench/panel-attack/V3PdP source/engine before emulation of the crazy bug.vc:974:            P1Score+=Score_Combo_TA[combosize];
/Users/tatsheen/claw-repos/oss-index/puzzle-bench/panel-attack/V3PdP source/engine before emulation of the crazy bug.vc:977:            if(combosize<41) P1Score+=Score_Combo_PdP64[combosize];
/Users/tatsheen/claw-repos/oss-index/puzzle-bench/panel-attack/V3PdP source/engine before emulation of the crazy bug.vc:978:            else P1Score+=20400+((combosize-40)*800);
/Users/tatsheen/claw-repos/oss-index/puzzle-bench/panel-attack/V3PdP source/engine before emulation of the crazy bug.vc:981:      EnqueueComboCard(firstpanelcol,firstpanelrow,combosize<<4);
/Users/tatsheen/claw-repos/oss-index/puzzle-bench/panel-attack/V3PdP source/engine before emulation of the crazy bug.vc:984:      firstpanelrow--; // offset chain cards
/Users/tatsheen/claw-repos/oss-index/puzzle-bench/panel-attack/V3PdP source/engine before emulation of the crazy bug.vc:987:   if(ischain)
/Users/tatsheen/claw-repos/oss-index/puzzle-bench/panel-attack/V3PdP source/engine before emulation of the crazy bug.vc:1011:   if(combosize>3 || ischain)
/Users/tatsheen/claw-repos/oss-index/puzzle-bench/panel-attack/V3PdP source/engine before emulation of the crazy bug.vc:1016:         if(ischain) P1StopTime+=StopTime_Chain[PanelsInTopRow][P1DifficultyLV];
/Users/tatsheen/claw-repos/oss-index/puzzle-bench/panel-attack/V3PdP source/engine.vc:22:   // A panel's timer indicates for how many more frames it will:
/Users/tatsheen/claw-repos/oss-index/puzzle-bench/panel-attack/V3PdP source/engine.vc:40:   // causing the swap to end 3 frames later.
/Users/tatsheen/claw-repos/oss-index/puzzle-bench/panel-attack/V3PdP source/engine.vc:70:   // A match made with a chain panel is a chain match...
/Users/tatsheen/claw-repos/oss-index/puzzle-bench/panel-attack/V3PdP source/engine.vc:74:   // swapping panel.  The chain flag must remain set on the panel
/Users/tatsheen/claw-repos/oss-index/puzzle-bench/panel-attack/V3PdP source/engine.vc:82:   // frame to be drawn for the panel (the 'bounce' effect).
/Users/tatsheen/claw-repos/oss-index/puzzle-bench/panel-attack/V3PdP source/engine.vc:122:      // frame.
/Users/tatsheen/claw-repos/oss-index/puzzle-bench/panel-attack/V3PdP source/engine.vc:125:int P1DangerTimer;   // decided bounce frame when in danger
/Users/tatsheen/claw-repos/oss-index/puzzle-bench/panel-attack/V3PdP source/engine.vc:164:int P1ChainCounter;   // how high is the current chain?
/Users/tatsheen/claw-repos/oss-index/puzzle-bench/panel-attack/V3PdP source/engine.vc:195:int P1Swap1;   // attempt to initiate a swap on this frame
/Users/tatsheen/claw-repos/oss-index/puzzle-bench/panel-attack/V3PdP source/engine.vc:235:      // Here are defined the necessary counters for iterating through
/Users/tatsheen/claw-repos/oss-index/puzzle-bench/panel-attack/V3PdP source/engine.vc:239:   int counter;    // an extra general-purpose counter
/Users/tatsheen/claw-repos/oss-index/puzzle-bench/panel-attack/V3PdP source/engine.vc:383:               // it during the last frame if there was.
/Users/tatsheen/claw-repos/oss-index/puzzle-bench/panel-attack/V3PdP source/engine.vc:467:                     // swap completed, a matches-check will occur this frame.
/Users/tatsheen/claw-repos/oss-index/puzzle-bench/panel-attack/V3PdP source/engine.vc:519:                                    // for the last panel in the combo to pop
/Users/tatsheen/claw-repos/oss-index/puzzle-bench/panel-attack/V3PdP source/engine.vc:743:       // the raising is cancelled
/Users/tatsheen/claw-repos/oss-index/puzzle-bench/panel-attack/V3PdP source/engine.vc:807:   // if at the end of the routine there are no chain panels, the chain ends.
/Users/tatsheen/claw-repos/oss-index/puzzle-bench/panel-attack/V3PdP source/engine.vc:852:   int ischain;
/Users/tatsheen/claw-repos/oss-index/puzzle-bench/panel-attack/V3PdP source/engine.vc:854:   int comboindex, combosize;
/Users/tatsheen/claw-repos/oss-index/puzzle-bench/panel-attack/V3PdP source/engine.vc:882:                           ischain=1;
/Users/tatsheen/claw-repos/oss-index/puzzle-bench/panel-attack/V3PdP source/engine.vc:883:                        combosize++;
/Users/tatsheen/claw-repos/oss-index/puzzle-bench/panel-attack/V3PdP source/engine.vc:891:                              ischain=1;
/Users/tatsheen/claw-repos/oss-index/puzzle-bench/panel-attack/V3PdP source/engine.vc:892:                           combosize++;
/Users/tatsheen/claw-repos/oss-index/puzzle-bench/panel-attack/V3PdP source/engine.vc:898:                              ischain=1;
/Users/tatsheen/claw-repos/oss-index/puzzle-bench/panel-attack/V3PdP source/engine.vc:899:                           combosize++;
/Users/tatsheen/claw-repos/oss-index/puzzle-bench/panel-attack/V3PdP source/engine.vc:938:                           ischain=1;
/Users/tatsheen/claw-repos/oss-index/puzzle-bench/panel-attack/V3PdP source/engine.vc:939:                        combosize++;
/Users/tatsheen/claw-repos/oss-index/puzzle-bench/panel-attack/V3PdP source/engine.vc:947:                              ischain=1;
/Users/tatsheen/claw-repos/oss-index/puzzle-bench/panel-attack/V3PdP source/engine.vc:948:                           combosize++;
/Users/tatsheen/claw-repos/oss-index/puzzle-bench/panel-attack/V3PdP source/engine.vc:954:                              ischain=1;
/Users/tatsheen/claw-repos/oss-index/puzzle-bench/panel-attack/V3PdP source/engine.vc:955:                           combosize++;
/Users/tatsheen/claw-repos/oss-index/puzzle-bench/panel-attack/V3PdP source/engine.vc:970:if(ischain)
/Users/tatsheen/claw-repos/oss-index/puzzle-bench/panel-attack/V3PdP source/engine.vc:976:comboindex=combosize;
/Users/tatsheen/claw-repos/oss-index/puzzle-bench/panel-attack/V3PdP source/engine.vc:988:         if(ischain)
/Users/tatsheen/claw-repos/oss-index/puzzle-bench/panel-attack/V3PdP source/engine.vc:996:         something=combosize<<7;
/Users/tatsheen/claw-repos/oss-index/puzzle-bench/panel-attack/V3PdP source/engine.vc:998:         P1StackTags[panel]= whatever | something | comboindex;
/Users/tatsheen/claw-repos/oss-index/puzzle-bench/panel-attack/V3PdP source/engine.vc:999:         comboindex--;
/Users/tatsheen/claw-repos/oss-index/puzzle-bench/panel-attack/V3PdP source/engine.vc:1000:         if(!comboindex)
/Users/tatsheen/claw-repos/oss-index/puzzle-bench/panel-attack/V3PdP source/engine.vc:1011:               // we might have to remove its chain flag...!
/Users/tatsheen/claw-repos/oss-index/puzzle-bench/panel-attack/V3PdP source/engine.vc:1020:                        // so this panel loses its chain flag
/Users/tatsheen/claw-repos/oss-index/puzzle-bench/panel-attack/V3PdP source/engine.vc:1029:               {     // loses its chain flag.
/Users/tatsheen/claw-repos/oss-index/puzzle-bench/panel-attack/V3PdP source/engine.vc:1043:if(combosize)
/Users/tatsheen/claw-repos/oss-index/puzzle-bench/panel-attack/V3PdP source/engine.vc:1045:   if(combosize>3)
/Users/tatsheen/claw-repos/oss-index/puzzle-bench/panel-attack/V3PdP source/engine.vc:1050:            if(combosize>30) combosize=30;
/Users/tatsheen/claw-repos/oss-index/puzzle-bench/panel-attack/V3PdP source/engine.vc:1051:            P1Score+=Score_Combo_TA[combosize];
/Users/tatsheen/claw-repos/oss-index/puzzle-bench/panel-attack/V3PdP source/engine.vc:1054:            if(combosize<41) P1Score+=Score_Combo_PdP64[combosize];
/Users/tatsheen/claw-repos/oss-index/puzzle-bench/panel-attack/V3PdP source/engine.vc:1055:            else P1Score+=20400+((combosize-40)*800);
/Users/tatsheen/claw-repos/oss-index/puzzle-bench/panel-attack/V3PdP source/engine.vc:1058:      EnqueueComboCard(firstpanelcol,firstpanelrow,combosize<<4);
/Users/tatsheen/claw-repos/oss-index/puzzle-bench/panel-attack/V3PdP source/engine.vc:1061:      firstpanelrow--; // offset chain cards
/Users/tatsheen/claw-repos/oss-index/puzzle-bench/panel-attack/V3PdP source/engine.vc:1064:   if(ischain)
/Users/tatsheen/claw-repos/oss-index/puzzle-bench/panel-attack/V3PdP source/engine.vc:1085:   if(combosize>3 || ischain)
/Users/tatsheen/claw-repos/oss-index/puzzle-bench/panel-attack/V3PdP source/engine.vc:1090:         if(ischain) P1StopTime+=StopTime_Chain[PanelsInTopRow][P1DifficultyLV];
/Users/tatsheen/claw-repos/oss-index/puzzle-bench/panel-attack/REALLYBAD.txt:113:#garbage panels.  Play will begin as soon as panels and garbage
/Users/tatsheen/claw-repos/oss-index/puzzle-bench/panel-attack/REALLYBAD.txt:124:The client can also ask for panels for garbage to turn into by saying
/Users/tatsheen/claw-repos/oss-index/puzzle-bench/panel-attack/REALLYBAD.txt:129:Each frame, client will send its input state to server by saying "I"
/Users/tatsheen/claw-repos/oss-index/puzzle-bench/panel-attack/REALLYBAD.txt:139:        It represents a frame worth of the opponent's play.
/Users/tatsheen/claw-repos/oss-index/puzzle-bench/panel-attack/mainloop.lua:16:    collectgarbage("collect")
/Users/tatsheen/claw-repos/oss-index/puzzle-bench/panel-attack/mainloop.lua:27:      this_frame_keys = {}
/Users/tatsheen/claw-repos/oss-index/puzzle-bench/panel-attack/mainloop.lua:53:  return this_frame_keys[key] or
/Users/tatsheen/claw-repos/oss-index/puzzle-bench/panel-attack/mainloop.lua:57:function normal_key(key) return this_frame_keys[key] end
/Users/tatsheen/claw-repos/oss-index/puzzle-bench/panel-attack/mainloop.lua:100:        {"1P time attack", main_select_speed_99, {main_time_attack}},
/Users/tatsheen/claw-repos/oss-index/puzzle-bench/panel-attack/mainloop.lua:224:function main_time_attack(...)
/Users/tatsheen/claw-repos/oss-index/puzzle-bench/panel-attack/mainloop.lua:303:    for _,msg in ipairs(this_frame_messages) do
/Users/tatsheen/claw-repos/oss-index/puzzle-bench/panel-attack/mainloop.lua:318:        P1.garbage_target = P2
/Users/tatsheen/claw-repos/oss-index/puzzle-bench/panel-attack/mainloop.lua:319:        P2.garbage_target = P1
/Users/tatsheen/claw-repos/oss-index/puzzle-bench/panel-attack/mainloop.lua:400:    for _,msg in ipairs(this_frame_messages) do
/Users/tatsheen/claw-repos/oss-index/puzzle-bench/panel-attack/mainloop.lua:516:  P1.garbage_target = P2
/Users/tatsheen/claw-repos/oss-index/puzzle-bench/panel-attack/mainloop.lua:517:  P2.garbage_target = P1
/Users/tatsheen/claw-repos/oss-index/puzzle-bench/panel-attack/mainloop.lua:552:    for _,msg in ipairs(this_frame_messages) do
/Users/tatsheen/claw-repos/oss-index/puzzle-bench/panel-attack/mainloop.lua:623:  P1.garbage_target = P2
/Users/tatsheen/claw-repos/oss-index/puzzle-bench/panel-attack/mainloop.lua:624:  P2.garbage_target = P1
/Users/tatsheen/claw-repos/oss-index/puzzle-bench/panel-attack/mainloop.lua:678:  P1.garbage_target = P2
/Users/tatsheen/claw-repos/oss-index/puzzle-bench/panel-attack/mainloop.lua:679:  P2.garbage_target = P1
/Users/tatsheen/claw-repos/oss-index/puzzle-bench/panel-attack/mainloop.lua:688:  P1.max_runs_per_frame = 1
/Users/tatsheen/claw-repos/oss-index/puzzle-bench/panel-attack/mainloop.lua:689:  P2.max_runs_per_frame = 1
/Users/tatsheen/claw-repos/oss-index/puzzle-bench/panel-attack/mainloop.lua:706:    if this_frame_keys["return"] then
/Users/tatsheen/claw-repos/oss-index/puzzle-bench/panel-attack/mainloop.lua:709:    if this_frame_keys["\\"] then
/Users/tatsheen/claw-repos/oss-index/puzzle-bench/panel-attack/mainloop.lua:712:    if run or this_frame_keys["\\"] then
/Users/tatsheen/claw-repos/oss-index/puzzle-bench/panel-attack/mainloop.lua:740:  P1.max_runs_per_frame = 1
/Users/tatsheen/claw-repos/oss-index/puzzle-bench/panel-attack/mainloop.lua:750:    if this_frame_keys["return"] then
/Users/tatsheen/claw-repos/oss-index/puzzle-bench/panel-attack/mainloop.lua:753:    if this_frame_keys["\\"] then
/Users/tatsheen/claw-repos/oss-index/puzzle-bench/panel-attack/mainloop.lua:756:    if run or this_frame_keys["\\"] then
/Users/tatsheen/claw-repos/oss-index/puzzle-bench/panel-attack/mainloop.lua:773:  P1.max_runs_per_frame = 1
/Users/tatsheen/claw-repos/oss-index/puzzle-bench/panel-attack/mainloop.lua:788:    if this_frame_keys["return"] then
/Users/tatsheen/claw-repos/oss-index/puzzle-bench/panel-attack/mainloop.lua:791:    if this_frame_keys["\\"] then
/Users/tatsheen/claw-repos/oss-index/puzzle-bench/panel-attack/mainloop.lua:794:    if run or this_frame_keys["\\"] then
/Users/tatsheen/claw-repos/oss-index/puzzle-bench/panel-attack/mainloop.lua:922:      for key,val in pairs(this_frame_keys) do
/Users/tatsheen/claw-repos/oss-index/puzzle-bench/panel-attack/mainloop.lua:972:    if this_frame_keys["escape"] then
/Users/tatsheen/claw-repos/oss-index/puzzle-bench/panel-attack/mainloop.lua:975:    if this_frame_keys["return"] or this_frame_keys["kenter"] then
/Users/tatsheen/claw-repos/oss-index/puzzle-bench/panel-attack/mainloop.lua:980:    for _,v in ipairs(this_frame_unicodes) do
/Users/tatsheen/claw-repos/oss-index/puzzle-bench/panel-attack/mainloop.lua:993:      for _,msg in ipairs(this_frame_messages) do
/Users/tatsheen/claw-repos/oss-index/puzzle-bench/panel-attack/build.sh:2:rm panel-attack.love panel.zip panel.exe
/Users/tatsheen/claw-repos/oss-index/puzzle-bench/panel-attack/build.sh:3:zip -r panel-attack.love *.lua *.txt README THANKS COPYING server.py build.sh assets/*.png assets/*/*png
/Users/tatsheen/claw-repos/oss-index/puzzle-bench/panel-attack/build.sh:5:cat /Users/sharpobject/repos/sgre/windows/love.exe panel-attack.love > panel.exe
/Users/tatsheen/claw-repos/oss-index/puzzle-bench/panel-attack/input.lua:96:  this_frame_keys[key] = true
/Users/tatsheen/claw-repos/oss-index/puzzle-bench/panel-attack/input.lua:100:  this_frame_unicodes[#this_frame_unicodes+1] = text
/Users/tatsheen/claw-repos/oss-index/puzzle-bench/panel-attack/network.lua:89:  J=function(s) this_frame_messages[#this_frame_messages+1] = json.decode(s) print("JSON LOL "..s)end}
/Users/tatsheen/claw-repos/oss-index/puzzle-bench/panel-attack/network.lua:105:  return got_H and #this_frame_messages > 0
/Users/tatsheen/claw-repos/oss-index/puzzle-bench/panel-attack/network.lua:192:    ((keys[k.raise1] or keys[k.raise2] or this_frame_keys[k.raise1]
/Users/tatsheen/claw-repos/oss-index/puzzle-bench/panel-attack/network.lua:193:      or this_frame_keys[k.raise2]) and 32 or 0) +
/Users/tatsheen/claw-repos/oss-index/puzzle-bench/panel-attack/network.lua:194:    ((this_frame_keys[k.swap1] or this_frame_keys[k.swap2]) and 16 or 0) +
/Users/tatsheen/claw-repos/oss-index/puzzle-bench/panel-attack/network.lua:195:    ((keys[k.up] or this_frame_keys[k.up]) and 8 or 0) +
/Users/tatsheen/claw-repos/oss-index/puzzle-bench/panel-attack/network.lua:196:    ((keys[k.down] or this_frame_keys[k.down]) and 4 or 0) +
/Users/tatsheen/claw-repos/oss-index/puzzle-bench/panel-attack/network.lua:197:    ((keys[k.left] or this_frame_keys[k.left]) and 2 or 0) +
/Users/tatsheen/claw-repos/oss-index/puzzle-bench/panel-attack/network.lua:198:    ((keys[k.right] or this_frame_keys[k.right]) and 1 or 0)+1]
